user_id,country,device,geo_zone,avg_session_min,sessions_last_30d,days_since_last_login,customer_support_tickets,monthly_fee,churned
U700000,FR,android,zone_060,22.8,10,4,0,28.02,0
U700001,IT,android,zone_102,16.16,12,12,1,30.12,0
U700002,FR,ios,zone_151,14.89,4,7,0,6.01,0
U700003,ES,android,zone_035,14.8,8,14,0,12.74,0
U700004,FR,web,zone_130,7.67,7,4,1,18.57,0
U700005,IT,ios,zone_126,19.48,10,5,0,16.86,0
U700006,FR,android,zone_020,18.36,10,8,1,17.65,0
U700007,IT,ios,zone_102,7.71,9,10,1,24.32,0
U700008,DE,android,zone_172,9.89,8,15,0,35.27,0
U700009,DE,android,zone_083,20.8,7,9,1,34.22,1
U700010,IT,android,zone_135,11.13,10,5,1,22.93,0
U700011,DE,android,zone_198,10.15,8,6,1,6.45,0
U700012,IT,web,zone_047,17.01,12,8,0,14.17,0
U700013,FR,ios,zone_105,29.33,9,11,2,33.33,0
U700014,FR,web,zone_200,12.76,4,13,1,2.03,0
U700015,CH,android,zone_037,8.72,9,13,2,21.49,1
U700016,FR,android,zone_028,15.32,11,5,1,15.93,0
U700017,FR,android,zone_145,31.09,10,6,1,21.53,0
U700018,DE,web,zone_012,4.3,6,7,0,32.69,0
U700019,FR,ios,zone_106,5.43,7,9,1,30.68,0
U700020,FR,ios,zone_096,35.84,8,6,1,34.74,0
U700021,FR,android,zone_047,14.2,8,11,0,15.57,0
U700022,FR,android,zone_059,19.85,13,12,0,4.22,0
U700023,FR,ios,zone_048,4.38,8,9,1,18.08,0
U700024,ES,ios,zone_129,5.6,6,8,0,22.3,0
U700025,CH,ios,zone_173,11.01,11,9,0,26.09,0
U700026,FR,web,zone_167,33.18,11,8,0,26.49,0
U700027,FR,android,zone_204,,4,5,0,21.8,0
U700028,FR,web,zone_095,5.71,9,10,1,23.6,0
U700029,ES,ios,zone_114,19.77,9,3,3,17.1,0
U700030,BE,ios,zone_012,7.95,10,5,0,27.11,0
U700031,FR,ios,zone_149,13.42,11,7,0,17.88,0
U700032,DE,android,zone_113,8.25,9,15,2,29.83,0
U700033,FR,android,zone_027,31.32,10,8,0,19.25,0
U700034,FR,android,zone_149,14.42,11,8,1,17.55,0
U700035,ES,android,zone_099,10.45,8,11,2,25.4,0
U700036,FR,android,zone_120,23.86,12,12,0,18.56,0
U700037,CH,ios,zone_100,11.39,9,7,1,23.49,0
U700038,FR,android,zone_119,8.39,8,8,1,13.88,0
U700039,FR,ios,zone_033,15.82,10,5,0,12.26,0
U700040,FR,android,zone_137,5.79,9,9,0,27.35,0
U700041,FR,ios,zone_005,7.86,10,7,2,15.23,0
U700042,FR,web,zone_151,6.71,6,8,0,20.25,0
U700043,BE,android,zone_148,11.75,11,5,0,24.44,0
U700044,FR,web,zone_123,8.58,11,6,1,27.45,0
U700045,IT,android,zone_081,21.78,8,8,0,18.57,0
U700046,IT,android,zone_168,26.38,10,3,0,7.15,0
U700047,ES,android,zone_083,15.36,6,7,0,21.89,0
U700048,CH,ios,zone_027,2.4,6,8,0,23.78,0
U700049,ES,ios,zone_209,10.12,4,9,0,19.0,0
U700050,ES,web,zone_153,8.04,10,10,0,16.26,0
U700051,FR,ios,zone_037,50.17,8,12,1,25.46,0
U700052,FR,web,zone_150,22.94,10,8,2,25.43,0
U700053,FR,ios,zone_176,2.4,10,15,1,19.93,0
U700054,DE,android,zone_070,18.7,8,10,0,26.33,0
U700055,IT,web,zone_197,8.27,19,12,3,27.44,0
U700056,FR,android,zone_051,21.46,11,5,1,12.99,0
U700057,ES,android,zone_162,18.11,9,2,0,17.85,0
U700058,ES,android,zone_035,13.1,11,4,2,11.61,0
U700059,BE,web,zone_075,9.23,2,9,0,7.09,1
U700060,FR,android,zone_179,10.9,10,4,0,16.37,0
U700061,FR,ios,zone_080,,9,7,0,21.62,0
U700062,FR,web,zone_215,15.36,10,13,0,19.27,0
U700063,FR,web,zone_030,19.41,7,6,0,18.43,0
U700064,FR,android,zone_113,3.71,14,6,0,27.13,0
U700065,FR,android,zone_010,18.49,10,13,0,6.8,0
U700066,BE,web,zone_125,14.2,12,6,0,24.42,0
U700067,FR,android,zone_061,7.81,4,8,0,13.77,0
U700068,CH,android,zone_181,30.01,6,5,1,26.88,0
U700069,ES,ios,zone_072,7.14,11,8,1,10.74,0
U700070,IT,android,zone_163,11.77,8,7,0,19.51,0
U700071,ES,web,zone_039,15.32,17,9,3,15.01,0
U700072,ES,ios,zone_111,13.01,8,8,2,22.03,0
U700073,FR,ios,zone_173,2.45,7,5,0,16.21,0
U700074,ES,android,zone_098,47.15,10,4,0,17.58,0
U700075,CH,web,zone_121,46.74,7,12,0,23.77,0
U700076,FR,ios,zone_098,26.83,5,11,2,7.33,0
U700077,IT,android,zone_034,15.87,12,10,1,20.76,0
U700078,FR,ios,zone_002,6.33,9,10,2,17.17,0
U700079,DE,android,zone_012,25.54,10,10,0,17.36,0
U700080,BE,web,zone_097,16.23,11,9,1,20.54,0
U700081,FR,ios,zone_214,12.14,7,10,1,18.35,0
U700082,IT,android,zone_136,17.42,5,10,2,23.41,0
U700083,FR,android,zone_137,8.82,9,10,2,24.53,0
U700084,FR,android,zone_030,11.7,14,6,1,17.83,0
U700085,IT,web,zone_001,36.05,6,8,1,19.2,0
U700086,FR,web,zone_121,15.38,12,8,1,15.41,1
U700087,FR,android,zone_059,10.68,5,7,1,18.22,0
U700088,FR,web,zone_027,23.59,8,7,0,3.94,0
U700089,FR,ios,zone_145,7.82,8,3,1,21.1,0
U700090,ES,ios,zone_152,23.95,13,9,1,24.41,0
U700091,FR,android,zone_190,16.11,6,6,0,25.86,0
U700092,FR,android,zone_058,8.24,9,7,2,17.99,0
U700093,IT,android,zone_199,9.19,6,6,0,22.9,0
U700094,ES,ios,zone_048,7.98,11,6,1,36.06,0
U700095,FR,android,zone_140,17.55,8,10,0,20.9,0
U700096,IT,ios,zone_056,12.02,11,7,0,16.2,0
U700097,DE,android,zone_009,5.39,16,9,0,22.73,0
U700098,BE,android,zone_087,4.13,16,4,0,26.2,0
U700099,FR,android,zone_020,35.07,6,7,0,28.98,0
U700100,FR,ios,zone_197,18.5,10,7,0,20.05,0
U700101,BE,android,zone_036,4.01,11,6,0,24.64,0
U700102,FR,android,zone_106,31.05,10,4,0,32.55,0
U700103,IT,ios,zone_071,3.56,7,7,0,22.79,0
U700104,FR,ios,zone_094,4.55,4,11,1,25.05,0
U700105,FR,android,zone_189,6.32,11,13,2,38.11,0
U700106,DE,web,zone_172,6.2,9,9,0,22.85,0
U700107,CH,android,zone_195,33.63,11,10,0,20.4,0
U700108,FR,web,zone_071,26.63,8,6,0,14.98,0
U700109,FR,android,zone_078,5.88,9,4,0,21.63,0
U700110,FR,web,zone_030,13.3,7,10,1,22.58,0
U700111,CH,web,zone_067,8.57,9,8,0,35.81,0
U700112,FR,web,zone_125,3.75,7,7,0,32.27,0
U700113,DE,ios,zone_105,7.06,4,6,0,41.36,0
U700114,FR,ios,zone_090,7.11,9,6,1,12.45,1
U700115,DE,android,zone_062,11.08,9,9,1,8.92,0
U700116,BE,ios,zone_208,9.28,12,8,0,19.94,0
U700117,FR,android,zone_205,14.21,8,15,0,13.89,0
U700118,FR,ios,zone_118,25.4,6,4,1,19.55,0
U700119,BE,android,zone_091,7.89,10,15,1,20.45,0
U700120,FR,android,zone_079,48.0,9,10,0,28.45,0
U700121,FR,android,zone_193,31.4,14,3,1,28.79,0
U700122,ES,android,zone_133,2.82,10,7,0,11.07,0
U700123,FR,android,zone_004,37.94,12,12,1,22.62,0
U700124,CH,android,zone_123,8.18,10,11,0,17.28,0
U700125,FR,ios,zone_055,2.87,9,12,0,19.11,0
U700126,FR,ios,zone_201,25.81,7,5,1,20.79,0
U700127,FR,ios,zone_136,12.25,14,8,1,22.8,0
U700128,DE,ios,zone_087,10.69,9,13,1,22.13,0
U700129,DE,android,zone_176,,14,9,0,23.28,0
U700130,FR,ios,zone_026,32.46,11,7,0,17.62,0
U700131,FR,android,zone_078,12.2,9,3,0,13.11,0
U700132,DE,ios,zone_129,7.69,9,10,0,10.37,0
U700133,FR,android,zone_083,6.76,6,10,1,28.09,0
U700134,FR,ios,zone_095,15.13,12,7,2,25.65,0
U700135,FR,android,zone_160,11.61,16,12,0,25.23,1
U700136,BE,android,zone_019,10.74,12,7,1,24.62,0
U700137,BE,ios,zone_042,16.38,13,9,1,18.41,0
U700138,CH,ios,zone_022,25.83,8,12,0,16.4,0
U700139,ES,web,zone_009,1.22,7,8,0,19.38,0
U700140,FR,ios,zone_148,5.67,8,5,1,26.47,0
U700141,DE,web,zone_031,5.9,4,6,0,21.42,0
U700142,BE,android,zone_024,6.15,6,5,0,22.77,0
U700143,IT,ios,zone_160,21.94,15,5,0,20.24,0
U700144,BE,web,zone_078,6.19,8,2,0,17.28,0
U700145,DE,ios,zone_157,31.82,6,11,0,13.74,0
U700146,FR,android,zone_187,10.74,14,11,3,1.67,0
U700147,FR,ios,zone_030,7.85,4,5,1,27.0,0
U700148,FR,android,zone_028,18.28,8,11,1,17.2,0
U700149,FR,android,zone_036,12.71,11,8,1,15.09,0
U700150,DE,ios,zone_044,13.61,8,9,0,15.58,0
U700151,FR,android,zone_195,1.97,4,7,0,20.81,0
U700152,FR,ios,zone_144,5.73,7,11,0,10.56,0
U700153,FR,ios,zone_168,12.5,12,14,0,6.97,0
U700154,FR,android,zone_140,83.67,7,7,0,19.27,0
U700155,CH,ios,zone_096,10.88,12,9,0,19.09,0
U700156,FR,web,zone_002,13.36,4,10,1,27.18,0
U700157,FR,web,zone_119,24.59,9,11,0,17.91,0
U700158,FR,ios,zone_045,18.89,5,4,1,36.09,0
U700159,IT,android,zone_200,12.81,5,7,0,12.56,0
U700160,FR,android,zone_111,10.36,6,5,0,15.62,0
U700161,FR,ios,zone_053,5.0,4,9,0,28.89,0
U700162,FR,web,zone_119,31.59,9,13,0,18.85,0
U700163,FR,ios,zone_057,12.0,10,5,1,29.56,0
U700164,BE,ios,zone_004,19.59,4,8,2,29.5,0
U700165,FR,web,zone_141,9.53,18,6,0,21.57,0
U700166,FR,ios,zone_159,19.13,12,5,0,15.16,0
U700167,FR,android,zone_087,42.44,13,9,0,25.89,0
U700168,IT,android,zone_160,16.74,5,5,0,9.96,0
U700169,CH,ios,zone_071,8.66,15,7,1,18.14,0
U700170,FR,web,zone_054,15.93,11,6,0,21.12,0
U700171,FR,android,zone_167,7.31,12,10,0,24.46,0
U700172,BE,android,zone_132,24.74,5,9,1,18.25,0
U700173,FR,android,zone_001,21.49,10,8,1,20.48,0
U700174,FR,web,zone_068,15.55,3,6,0,22.2,0
U700175,FR,android,zone_095,14.87,8,16,1,17.88,0
U700176,FR,ios,zone_093,6.61,9,14,0,16.5,0
U700177,FR,android,zone_063,11.18,4,9,0,21.07,0
U700178,FR,android,zone_011,6.23,8,3,0,29.6,0
U700179,BE,web,zone_208,27.3,9,8,0,26.24,0
U700180,DE,web,zone_094,14.41,12,8,2,7.18,0
U700181,BE,web,zone_110,3.72,13,7,1,15.46,0
U700182,DE,android,zone_089,42.54,7,7,0,13.09,0
U700183,BE,android,zone_174,,7,7,1,18.87,0
U700184,BE,android,zone_057,17.35,7,10,1,23.77,0
U700185,IT,web,zone_167,14.51,13,8,1,37.28,0
U700186,ES,ios,zone_151,5.65,2,5,0,29.86,0
U700187,FR,android,zone_185,43.28,7,8,2,24.54,0
U700188,BE,web,zone_219,26.47,6,4,0,9.42,0
U700189,FR,web,zone_025,19.98,10,9,2,14.53,0
U700190,FR,web,zone_154,11.02,9,11,0,22.13,0
U700191,FR,ios,zone_204,7.02,9,8,0,18.24,0
U700192,FR,android,zone_058,13.69,12,6,0,21.1,0
U700193,IT,android,zone_094,39.49,8,8,0,26.8,0
U700194,DE,ios,zone_027,5.26,14,4,1,15.82,0
U700195,CH,ios,zone_041,15.14,7,11,0,19.61,0
U700196,FR,ios,zone_041,10.69,14,9,1,15.8,0
U700197,FR,android,zone_100,12.87,12,9,0,21.08,0
U700198,FR,android,zone_122,5.27,8,8,0,23.98,0
U700199,BE,android,zone_175,10.84,12,6,0,11.23,0
U700200,FR,ios,zone_104,1.58,10,6,0,4.43,0
U700201,FR,android,zone_125,16.11,7,6,1,29.57,0
U700202,ES,android,zone_021,1.72,9,5,0,24.27,0
U700203,FR,android,zone_136,8.8,8,3,1,18.51,0
U700204,ES,web,zone_103,37.8,12,11,1,16.46,0
U700205,IT,web,zone_064,23.42,4,9,3,31.85,0
U700206,FR,ios,zone_047,3.36,15,8,1,29.87,0
U700207,DE,ios,zone_189,25.31,9,10,1,16.73,0
U700208,IT,web,zone_041,16.62,9,10,0,12.21,0
U700209,FR,android,zone_127,6.69,6,7,1,26.42,0
U700210,FR,android,zone_201,4.99,10,10,0,7.99,0
U700211,FR,android,zone_112,13.6,12,6,0,13.44,0
U700212,IT,ios,zone_005,20.03,9,6,1,15.31,0
U700213,CH,android,zone_177,7.98,8,5,2,17.86,0
U700214,FR,ios,zone_122,13.3,12,7,0,21.82,0
U700215,FR,ios,zone_112,26.97,7,13,3,8.74,0
U700216,FR,android,zone_162,13.92,7,10,0,12.68,0
U700217,FR,android,zone_077,11.32,7,7,2,15.81,0
U700218,ES,android,zone_006,16.99,9,10,2,33.44,0
U700219,IT,android,zone_212,,9,5,0,21.86,0
U700220,IT,android,zone_022,3.56,10,12,5,18.25,0
U700221,FR,android,zone_056,13.38,8,10,0,23.06,0
U700222,IT,android,zone_063,6.42,9,9,1,7.45,0
U700223,FR,android,zone_049,5.82,10,9,2,19.19,0
U700224,FR,web,zone_086,9.29,16,10,0,25.13,0
U700225,FR,web,zone_150,8.56,10,8,0,11.51,0
U700226,ES,ios,zone_083,11.71,14,8,0,27.65,0
U700227,FR,android,zone_088,9.56,16,6,0,12.96,0
U700228,FR,ios,zone_169,12.56,7,6,0,21.81,0
U700229,FR,android,zone_031,18.93,16,9,2,22.88,0
U700230,FR,android,zone_113,6.62,8,7,0,18.15,0
U700231,FR,ios,zone_038,6.61,7,9,2,17.59,0
U700232,FR,android,zone_049,26.03,7,6,0,21.51,0
U700233,FR,ios,zone_119,12.82,9,8,0,27.67,0
U700234,FR,ios,zone_147,14.85,8,13,0,27.73,0
U700235,FR,android,zone_188,10.81,9,11,1,21.36,0
U700236,FR,android,zone_113,7.5,13,3,0,15.51,0
U700237,CH,web,zone_219,7.81,7,5,1,20.67,1
U700238,FR,android,zone_181,18.58,7,10,1,15.14,0
U700239,FR,android,zone_173,32.38,5,7,0,7.69,0
U700240,DE,android,zone_066,5.86,10,9,0,12.84,0
U700241,FR,ios,zone_043,15.99,11,9,0,28.6,0
U700242,FR,android,zone_016,20.24,5,6,1,18.9,0
U700243,FR,android,zone_149,20.24,14,7,0,20.5,0
U700244,DE,android,zone_011,13.9,9,8,2,35.36,0
U700245,DE,web,zone_043,14.91,19,5,0,28.93,0
U700246,FR,android,zone_089,33.24,14,9,0,25.67,0
U700247,FR,ios,zone_034,5.28,16,8,0,16.68,0
U700248,FR,ios,zone_052,8.71,9,10,1,21.91,0
U700249,FR,android,zone_037,35.2,11,6,0,27.68,0
U700250,FR,web,zone_047,8.64,10,12,0,23.08,0
U700251,BE,web,zone_035,10.32,12,14,0,23.09,0
U700252,IT,android,zone_119,7.93,9,9,1,19.56,0
U700253,FR,android,zone_014,11.49,7,9,0,35.05,0
U700254,ES,ios,zone_017,9.66,3,2,0,9.14,0
U700255,FR,android,zone_085,6.74,10,12,0,21.57,0
U700256,DE,android,zone_084,7.91,12,6,2,33.35,0
U700257,ES,android,zone_066,33.41,14,11,0,19.95,0
U700258,BE,ios,zone_055,30.41,9,6,1,29.33,0
U700259,DE,android,zone_201,5.98,6,4,1,13.26,0
U700260,ES,ios,zone_173,5.44,17,5,0,8.01,0
U700261,DE,android,zone_189,3.98,7,11,0,11.84,0
U700262,BE,web,zone_155,10.71,6,4,1,12.89,0
U700263,FR,android,zone_050,16.91,9,3,0,21.2,0
U700264,FR,android,zone_092,18.09,7,8,0,36.51,0
U700265,FR,ios,zone_112,27.13,6,10,0,20.75,0
U700266,IT,web,zone_060,6.94,7,9,0,33.05,0
U700267,FR,ios,zone_115,27.69,6,9,0,3.11,0
U700268,BE,ios,zone_186,,2,6,1,28.26,1
U700269,FR,web,zone_088,4.17,8,9,1,27.2,1
U700270,FR,android,zone_105,19.14,6,6,0,11.58,0
U700271,FR,ios,zone_094,9.92,8,10,2,25.27,0
U700272,FR,android,zone_024,20.64,13,7,1,16.34,0
U700273,FR,android,zone_017,0.49,6,7,1,16.45,0
U700274,FR,web,zone_093,10.12,7,7,0,10.51,0
U700275,FR,android,zone_133,11.67,9,12,1,12.63,0
U700276,DE,android,zone_170,10.5,9,13,1,11.48,0
U700277,FR,web,zone_111,2.68,11,6,0,15.96,0
U700278,FR,web,zone_062,16.71,9,5,1,20.35,0
U700279,FR,ios,zone_106,4.66,3,17,0,25.27,0
U700280,CH,web,zone_136,17.41,3,7,0,24.49,0
U700281,FR,android,zone_204,3.22,5,4,0,10.24,0
U700282,DE,ios,zone_178,13.18,10,8,0,22.66,0
U700283,ES,web,zone_187,5.63,7,7,1,19.27,0
U700284,FR,android,zone_011,4.63,10,5,0,27.83,0
U700285,IT,web,zone_084,60.74,15,10,0,22.22,0
U700286,BE,android,zone_093,34.5,6,5,1,23.7,0
U700287,FR,android,zone_113,8.49,10,10,2,25.0,0
U700288,FR,web,zone_092,9.01,8,9,0,7.82,0
U700289,CH,android,zone_084,13.51,12,9,0,21.46,0
U700290,FR,web,zone_128,7.71,6,7,0,17.86,0
U700291,BE,web,zone_122,21.85,10,9,1,21.25,0
U700292,FR,android,zone_040,8.14,11,6,1,6.97,0
U700293,FR,web,zone_196,9.6,5,8,1,32.35,0
U700294,BE,web,zone_040,9.74,10,8,1,18.95,0
U700295,FR,ios,zone_122,,11,9,0,28.25,0
U700296,DE,android,zone_118,8.24,10,9,1,7.17,0
U700297,DE,android,zone_207,8.73,8,4,2,20.91,0
U700298,FR,android,zone_037,4.39,10,8,0,27.68,0
U700299,FR,android,zone_184,8.03,5,9,0,23.29,0
U700300,FR,android,zone_067,13.12,7,5,1,27.41,0
U700301,FR,android,zone_065,5.71,10,10,0,25.2,0
U700302,IT,web,zone_118,13.07,8,9,0,12.2,0
U700303,ES,android,zone_108,19.05,7,5,1,25.43,0
U700304,FR,android,zone_065,16.07,7,6,0,21.21,0
U700305,BE,android,zone_095,6.07,8,10,0,15.65,0
U700306,FR,ios,zone_075,22.55,12,8,0,11.86,0
U700307,DE,android,zone_022,26.93,9,11,0,15.81,1
U700308,IT,web,zone_210,19.61,15,15,0,21.01,0
U700309,BE,web,zone_063,2.54,10,14,0,11.23,0
U700310,FR,ios,zone_184,7.19,11,9,0,12.82,0
U700311,FR,web,zone_099,8.39,4,11,1,22.21,0
U700312,BE,android,zone_010,8.71,10,8,2,21.7,0
U700313,CH,ios,zone_183,7.04,11,6,0,13.89,0
U700314,IT,ios,zone_090,11.36,6,9,0,30.04,0
U700315,FR,android,zone_202,3.52,8,6,1,25.04,0
U700316,FR,android,zone_103,13.61,7,14,0,32.96,0
U700317,BE,ios,zone_088,1.94,8,9,0,15.56,0
U700318,BE,ios,zone_186,17.76,6,6,1,31.58,0
U700319,BE,android,zone_014,32.05,9,13,2,7.86,0
U700320,ES,web,zone_015,28.65,9,8,0,39.65,0
U700321,FR,web,zone_195,12.97,11,7,2,19.43,0
U700322,FR,android,zone_036,19.5,11,4,1,10.81,0
U700323,FR,web,zone_132,14.97,7,12,0,6.49,0
U700324,DE,ios,zone_032,6.42,9,4,1,20.14,0
U700325,CH,web,zone_190,9.17,9,13,1,21.55,1
U700326,ES,android,zone_196,,12,7,0,18.73,0
U700327,FR,ios,zone_020,19.55,7,8,1,22.38,0
U700328,FR,ios,zone_137,10.1,8,7,0,25.16,0
U700329,DE,ios,zone_179,40.11,9,9,1,11.6,0
U700330,IT,ios,zone_108,10.47,12,8,0,10.48,0
U700331,FR,android,zone_004,2.81,4,9,0,13.82,0
U700332,FR,android,zone_131,3.03,12,4,0,22.7,0
U700333,FR,android,zone_193,17.09,11,7,1,16.0,0
U700334,FR,android,zone_007,9.1,10,9,0,29.86,0
U700335,DE,ios,zone_212,20.57,12,11,1,19.48,0
U700336,BE,android,zone_015,17.32,16,9,1,22.32,0
U700337,FR,web,zone_141,19.02,8,7,1,3.26,0
U700338,FR,web,zone_109,15.69,14,8,2,13.71,0
U700339,DE,android,zone_116,11.06,5,8,0,22.95,0
U700340,DE,android,zone_190,,10,13,0,17.41,0
U700341,ES,android,zone_133,4.54,7,5,0,8.16,0
U700342,FR,android,zone_109,8.73,6,9,1,24.66,0
U700343,CH,android,zone_167,4.9,7,12,1,14.99,0
U700344,FR,ios,zone_011,11.56,10,6,1,16.98,0
U700345,FR,ios,zone_176,32.93,11,8,1,21.72,0
U700346,FR,web,zone_149,9.82,7,9,0,20.59,0
U700347,FR,android,zone_059,53.82,7,8,0,10.19,0
U700348,IT,ios,zone_086,23.78,10,4,0,19.68,0
U700349,CH,android,zone_054,4.55,10,6,0,19.93,0
U700350,FR,android,zone_035,10.5,5,10,0,11.1,0
U700351,DE,ios,zone_087,22.23,8,14,1,25.48,0
U700352,CH,web,zone_072,9.52,9,8,0,27.53,0
U700353,FR,ios,zone_101,6.48,6,8,1,14.96,0
U700354,FR,android,zone_088,24.07,6,5,0,15.44,1
U700355,ES,ios,zone_064,4.48,9,8,1,29.75,0
U700356,FR,web,zone_098,41.09,9,5,1,18.4,0
U700357,FR,ios,zone_081,25.33,10,11,0,28.66,0
U700358,ES,android,zone_053,22.29,14,7,0,36.68,0
U700359,DE,ios,zone_218,19.51,3,5,0,18.38,0
U700360,DE,android,zone_128,12.13,13,9,0,23.04,0
U700361,BE,android,zone_131,26.1,12,9,2,27.82,0
U700362,DE,web,zone_073,18.54,10,10,0,25.35,0
U700363,ES,ios,zone_109,8.95,6,10,1,11.25,0
U700364,DE,web,zone_197,,11,5,0,14.81,0
U700365,FR,ios,zone_106,3.72,11,13,0,15.89,0
U700366,FR,ios,zone_065,7.82,12,8,0,23.14,0
U700367,IT,web,zone_098,14.39,14,5,1,23.64,0
U700368,ES,ios,zone_105,17.88,4,3,1,19.78,0
U700369,DE,web,zone_001,19.61,7,5,0,23.14,0
U700370,BE,web,zone_042,11.14,7,12,1,19.3,0
U700371,FR,android,zone_029,7.73,10,7,1,18.33,0
U700372,FR,android,zone_135,18.18,14,15,0,9.11,0
U700373,ES,ios,zone_155,11.99,7,9,1,22.87,0
U700374,BE,ios,zone_043,17.73,6,9,0,19.26,0
U700375,FR,android,zone_187,16.17,4,9,0,21.51,0
U700376,CH,android,zone_002,26.8,9,14,0,34.39,0
U700377,FR,android,zone_107,5.56,9,6,1,23.94,0
U700378,DE,ios,zone_064,18.96,13,11,1,16.66,0
U700379,DE,ios,zone_205,4.52,8,10,1,13.04,0
U700380,CH,ios,zone_076,29.18,6,8,1,24.93,0
U700381,FR,web,zone_031,19.07,4,9,1,20.94,0
U700382,ES,ios,zone_102,12.69,13,3,0,28.91,0
U700383,IT,ios,zone_000,,10,14,1,26.92,0
U700384,FR,ios,zone_004,1.79,8,10,0,27.12,0
U700385,DE,android,zone_121,4.26,12,8,1,14.44,0
U700386,FR,ios,zone_217,10.16,10,13,2,28.07,0
U700387,FR,ios,zone_040,11.0,7,6,0,17.05,0
U700388,DE,android,zone_122,5.2,4,5,3,26.79,0
U700389,FR,ios,zone_058,13.39,11,9,0,27.67,0
U700390,FR,android,zone_163,4.95,8,8,1,29.77,0
U700391,FR,android,zone_103,17.77,11,7,0,14.29,0
U700392,BE,android,zone_129,20.04,5,11,3,11.73,0
U700393,BE,ios,zone_042,27.85,9,9,2,12.25,0
U700394,FR,ios,zone_176,10.06,10,4,0,15.93,0
U700395,IT,web,zone_024,9.05,13,7,1,15.39,0
U700396,FR,android,zone_078,8.88,8,6,1,29.79,0
U700397,IT,android,zone_009,15.03,9,6,0,27.88,0
U700398,FR,web,zone_170,14.81,9,7,3,16.08,0
U700399,FR,ios,zone_104,11.71,9,10,1,18.86,0
U700400,FR,ios,zone_216,37.46,15,6,0,31.53,0
U700401,DE,android,zone_201,12.53,8,5,0,15.91,0
U700402,FR,android,zone_107,15.18,18,10,0,21.4,0
U700403,BE,android,zone_158,23.34,10,9,0,10.12,0
U700404,FR,android,zone_159,45.36,9,9,0,19.75,0
U700405,FR,android,zone_131,21.54,10,6,1,23.44,0
U700406,FR,ios,zone_195,15.77,14,4,0,19.2,0
U700407,DE,android,zone_020,36.87,13,4,0,24.43,0
U700408,BE,web,zone_059,9.63,13,8,1,15.76,0
U700409,FR,android,zone_134,2.92,8,11,0,20.93,0
U700410,FR,ios,zone_033,12.49,11,2,1,23.91,0
U700411,IT,android,zone_137,9.24,11,8,1,17.93,1
U700412,ES,android,zone_173,19.36,6,9,0,25.06,0
U700413,ES,ios,zone_016,6.01,10,7,1,16.96,0
U700414,DE,ios,zone_088,14.96,3,9,0,31.67,0
U700415,IT,web,zone_155,9.61,7,8,0,19.09,0
U700416,FR,web,zone_197,5.67,12,7,0,8.54,0
U700417,IT,android,zone_113,25.22,5,6,1,26.09,0
U700418,DE,ios,zone_083,17.78,3,7,2,25.24,0
U700419,DE,android,zone_218,18.48,13,4,1,27.55,0
U700420,BE,android,zone_166,17.41,5,10,0,19.05,1
U700421,FR,ios,zone_031,24.47,9,5,1,23.62,0
U700422,CH,web,zone_072,10.46,6,10,0,19.9,0
U700423,ES,android,zone_025,18.86,6,12,2,15.53,0
U700424,FR,web,zone_107,8.14,10,6,2,10.29,0
U700425,DE,web,zone_147,10.77,8,6,0,25.88,0
U700426,ES,android,zone_211,4.44,9,2,1,15.75,0
U700427,FR,android,zone_134,31.77,6,18,0,23.01,0
U700428,FR,ios,zone_184,27.53,14,7,0,18.09,0
U700429,CH,ios,zone_059,43.66,3,9,3,27.85,0
U700430,FR,ios,zone_126,6.24,8,7,0,15.38,0
U700431,CH,ios,zone_124,20.04,7,7,1,24.47,0
U700432,FR,ios,zone_033,2.86,11,5,0,17.31,0
U700433,ES,ios,zone_216,11.08,10,8,1,28.78,0
U700434,IT,web,zone_130,7.48,10,8,0,13.13,0
U700435,IT,android,zone_037,38.47,12,6,1,30.88,0
U700436,BE,ios,zone_200,6.62,15,7,2,14.28,0
U700437,IT,ios,zone_134,13.91,10,12,0,22.3,0
U700438,FR,android,zone_091,8.0,15,4,1,18.8,0
U700439,IT,ios,zone_024,11.2,12,10,0,10.23,0
U700440,FR,web,zone_205,9.01,7,4,1,0.0,0
U700441,DE,web,zone_174,16.37,8,6,0,16.57,0
U700442,BE,android,zone_174,5.15,7,7,0,8.22,0
U700443,ES,ios,zone_113,35.89,4,12,2,8.65,0
U700444,BE,web,zone_109,19.45,9,6,1,35.07,0
U700445,DE,ios,zone_033,10.58,12,9,1,19.71,0
U700446,DE,android,zone_178,10.51,15,11,0,7.93,0
U700447,FR,ios,zone_066,24.74,5,8,0,24.4,0
U700448,FR,android,zone_087,13.67,3,6,1,25.48,0
U700449,FR,ios,zone_177,18.55,10,5,0,17.74,0
U700450,FR,android,zone_125,9.32,4,9,2,21.23,0
U700451,FR,android,zone_093,22.78,7,7,2,21.37,1
U700452,IT,android,zone_100,15.58,8,8,0,30.97,0
U700453,DE,android,zone_209,7.05,8,6,1,20.27,0
U700454,FR,ios,zone_184,15.92,6,6,0,14.64,0
U700455,FR,ios,zone_110,27.53,7,10,1,6.67,0
U700456,FR,android,zone_100,10.8,8,3,0,21.89,0
U700457,FR,android,zone_116,17.68,9,12,0,20.2,0
U700458,DE,ios,zone_046,14.57,10,6,0,13.16,0
U700459,FR,android,zone_038,14.33,8,8,0,30.68,0
U700460,BE,android,zone_005,11.76,8,10,2,11.39,0
U700461,DE,web,zone_194,8.27,13,13,0,9.4,0
U700462,BE,ios,zone_114,6.14,6,9,0,19.53,0
U700463,IT,android,zone_165,10.82,12,11,0,27.95,0
U700464,FR,ios,zone_137,13.9,4,9,1,33.32,0
U700465,IT,android,zone_025,5.37,10,11,0,25.17,0
U700466,IT,ios,zone_106,28.8,6,2,2,20.43,0
U700467,FR,ios,zone_036,7.4,6,7,0,26.45,0
U700468,DE,android,zone_040,2.36,12,7,1,23.3,0
U700469,IT,ios,zone_115,8.58,13,5,0,17.74,0
U700470,IT,android,zone_159,28.0,7,9,0,32.05,0
U700471,CH,android,zone_171,15.21,10,4,1,12.37,0
U700472,IT,android,zone_008,6.91,5,4,2,14.76,0
U700473,FR,ios,zone_163,13.24,11,7,1,23.88,0
U700474,BE,web,zone_116,,9,11,1,11.52,0
U700475,IT,ios,zone_016,7.23,14,11,0,14.23,0
U700476,IT,android,zone_075,11.89,9,14,0,14.09,0
U700477,DE,android,zone_151,36.37,11,6,1,2.88,0
U700478,FR,android,zone_087,38.58,13,8,1,11.11,0
U700479,IT,ios,zone_213,15.59,11,7,1,20.67,0
U700480,ES,ios,zone_124,8.98,12,7,1,13.87,0
U700481,IT,web,zone_132,10.61,9,7,1,23.19,0
U700482,ES,android,zone_116,16.25,10,9,0,24.58,0
U700483,FR,ios,zone_121,9.07,10,12,2,19.67,0
U700484,DE,android,zone_141,9.05,6,7,0,11.39,0
U700485,FR,android,zone_138,6.88,11,7,1,17.09,0
U700486,FR,android,zone_026,8.96,11,9,1,21.9,0
U700487,FR,ios,zone_120,10.11,4,4,0,19.57,1
U700488,FR,android,zone_144,7.39,7,18,1,6.1,0
U700489,FR,android,zone_048,16.12,10,11,3,27.0,0
U700490,FR,web,zone_044,6.52,9,7,1,26.95,0
U700491,FR,web,zone_122,25.81,12,6,0,19.68,0
U700492,FR,android,zone_141,16.19,8,8,0,18.11,0
U700493,FR,android,zone_161,20.51,6,9,0,15.12,0
U700494,ES,android,zone_019,23.62,9,7,0,19.29,1
U700495,FR,ios,zone_129,11.22,8,7,1,14.24,0
U700496,FR,android,zone_069,19.65,2,10,0,7.67,0
U700497,FR,web,zone_104,18.14,7,8,1,13.04,0
U700498,BE,web,zone_160,13.05,7,13,3,16.64,1
U700499,IT,web,zone_151,3.12,14,6,0,20.15,0
U700500,DE,ios,zone_079,10.28,9,8,1,30.4,0
U700501,FR,android,zone_189,4.2,12,8,1,6.48,0
U700502,BE,android,zone_162,14.41,11,13,0,17.57,0
U700503,CH,web,zone_000,15.68,9,8,1,11.21,0
U700504,FR,ios,zone_016,11.61,11,9,0,30.54,0
U700505,FR,ios,zone_194,7.44,8,11,2,23.54,0
U700506,FR,ios,zone_095,7.62,5,11,0,12.82,0
U700507,DE,web,zone_115,1.39,10,11,1,23.41,0
U700508,FR,android,zone_148,21.28,10,7,2,26.18,0
U700509,FR,ios,zone_088,11.56,6,11,1,27.97,0
U700510,FR,android,zone_102,40.88,9,7,2,24.39,0
U700511,BE,ios,zone_155,16.37,16,13,0,32.26,0
U700512,FR,web,zone_053,23.78,3,6,0,14.67,0
U700513,ES,android,zone_218,6.81,8,6,1,39.92,0
U700514,FR,android,zone_108,28.23,10,8,0,34.24,0
U700515,DE,web,zone_064,3.87,12,6,2,24.59,0
U700516,ES,ios,zone_041,9.99,12,13,1,10.68,0
U700517,FR,ios,zone_175,20.18,11,6,0,7.46,0
U700518,BE,ios,zone_197,14.06,8,9,1,9.69,0
U700519,BE,ios,zone_198,3.3,8,5,0,32.69,0
U700520,ES,ios,zone_193,,6,9,0,17.88,0
U700521,DE,android,zone_045,10.79,11,4,2,17.61,0
U700522,DE,web,zone_023,5.51,10,7,1,9.97,0
U700523,ES,ios,zone_191,19.27,11,11,1,19.93,0
U700524,FR,ios,zone_204,17.45,10,3,0,22.26,0
U700525,DE,ios,zone_204,3.77,9,9,0,29.4,0
U700526,IT,web,zone_192,18.32,12,6,0,14.79,0
U700527,FR,ios,zone_132,3.7,10,4,1,7.61,0
U700528,CH,web,zone_142,9.34,8,8,0,3.35,0
U700529,ES,ios,zone_043,17.93,9,6,0,23.06,0
U700530,ES,ios,zone_201,25.57,8,8,0,16.3,0
U700531,CH,android,zone_020,7.21,6,4,0,11.8,0
U700532,FR,android,zone_181,3.58,7,5,1,25.0,0
U700533,BE,android,zone_132,10.25,10,11,0,25.26,0
U700534,FR,ios,zone_081,3.36,11,14,0,28.95,0
U700535,IT,ios,zone_043,21.99,2,3,0,22.58,0
U700536,DE,ios,zone_214,16.05,6,10,2,21.2,0
U700537,FR,android,zone_042,7.52,14,9,2,27.72,0
U700538,FR,ios,zone_028,18.95,7,6,1,22.03,0
U700539,FR,web,zone_109,4.95,7,13,0,32.56,0
U700540,ES,ios,zone_157,8.51,9,12,0,19.3,0
U700541,BE,android,zone_084,14.03,7,3,0,13.96,0
U700542,IT,android,zone_153,12.55,9,6,1,28.49,0
U700543,ES,android,zone_058,31.12,3,9,1,23.73,1
U700544,BE,android,zone_062,3.29,6,5,3,14.58,0
U700545,CH,android,zone_156,4.14,7,7,1,30.3,0
U700546,IT,ios,zone_031,28.66,8,10,1,15.19,0
U700547,FR,android,zone_096,42.75,11,11,1,18.89,0
U700548,FR,ios,zone_013,22.08,5,7,1,5.77,0
U700549,DE,android,zone_115,5.63,9,12,1,29.92,0
U700550,FR,android,zone_109,11.07,7,9,0,25.19,0
U700551,FR,ios,zone_030,12.69,7,8,0,25.82,0
U700552,ES,android,zone_045,20.22,7,4,1,19.27,0
U700553,ES,web,zone_194,6.82,10,9,1,24.14,0
U700554,IT,ios,zone_085,7.66,3,5,0,25.27,0
U700555,DE,web,zone_010,,13,8,1,27.2,0
U700556,FR,ios,zone_080,27.72,21,10,0,16.47,0
U700557,DE,android,zone_177,2.26,11,10,0,19.19,0
U700558,CH,ios,zone_083,3.41,5,5,0,9.36,0
U700559,FR,ios,zone_030,12.19,10,9,1,28.32,0
U700560,FR,ios,zone_165,34.29,3,14,0,17.33,0
U700561,FR,android,zone_147,12.65,12,10,0,13.23,0
U700562,IT,ios,zone_167,14.3,13,5,2,16.0,0
U700563,FR,android,zone_009,14.78,9,3,1,10.52,0
U700564,FR,web,zone_180,16.33,16,13,0,15.71,0
U700565,FR,web,zone_003,20.9,11,6,0,18.12,0
U700566,FR,web,zone_010,8.77,12,8,1,28.38,0
U700567,DE,android,zone_041,34.8,6,5,0,8.1,0
U700568,DE,ios,zone_041,16.01,13,8,0,24.2,0
U700569,ES,android,zone_130,17.32,7,8,2,23.4,0
U700570,ES,android,zone_198,13.78,7,5,0,28.07,0
U700571,ES,web,zone_006,1.91,4,11,1,17.43,0
U700572,DE,android,zone_116,15.58,9,10,0,17.81,0
U700573,CH,android,zone_063,13.55,11,9,1,11.15,0
U700574,FR,web,zone_041,16.72,12,5,0,21.27,1
U700575,FR,android,zone_205,7.69,9,10,1,24.78,0
U700576,FR,web,zone_217,16.17,9,7,1,23.37,0
U700577,CH,web,zone_125,9.4,13,8,4,24.65,0
U700578,IT,web,zone_073,34.65,7,8,0,19.79,0
U700579,FR,android,zone_084,4.64,7,6,1,11.2,0
U700580,FR,android,zone_061,13.72,9,9,0,8.37,0
U700581,FR,android,zone_011,,8,9,0,11.94,0
U700582,DE,web,zone_016,15.12,13,6,1,22.7,1
U700583,FR,ios,zone_010,6.34,10,7,0,12.42,0
U700584,DE,ios,zone_114,22.18,10,8,0,28.51,0
U700585,ES,android,zone_124,4.36,6,12,0,16.31,0
U700586,FR,ios,zone_096,7.85,10,10,1,31.6,0
U700587,CH,android,zone_219,16.94,5,12,0,2.55,0
U700588,FR,android,zone_097,12.73,6,10,1,13.3,0
U700589,FR,android,zone_029,3.46,11,9,0,5.8,0
U700590,FR,android,zone_044,34.03,7,8,1,21.15,0
U700591,FR,ios,zone_051,2.89,8,6,0,14.38,0
U700592,ES,android,zone_061,1.38,11,14,1,8.13,0
U700593,FR,ios,zone_212,26.6,9,4,1,25.62,0
U700594,CH,android,zone_010,15.83,15,5,1,22.87,0
U700595,FR,android,zone_211,11.06,9,11,0,30.03,0
U700596,IT,ios,zone_103,14.24,10,9,0,4.02,0
U700597,BE,ios,zone_116,17.44,9,11,1,16.89,0
U700598,ES,ios,zone_175,13.8,4,5,2,34.26,0
U700599,ES,android,zone_124,11.62,11,7,2,38.66,1
U700600,FR,android,zone_141,18.34,8,11,1,29.31,0
U700601,FR,ios,zone_136,8.95,9,11,1,22.59,0
U700602,FR,ios,zone_048,40.23,11,10,1,28.6,0
U700603,FR,web,zone_026,24.68,4,6,0,21.84,0
U700604,BE,ios,zone_107,6.07,8,15,0,25.76,0
U700605,FR,web,zone_074,14.24,5,10,1,16.66,0
U700606,ES,ios,zone_005,11.8,6,9,1,16.25,0
U700607,DE,android,zone_001,27.17,7,7,3,7.18,0
U700608,FR,web,zone_144,24.25,7,15,0,17.61,0
U700609,FR,web,zone_063,22.84,11,6,0,18.39,0
U700610,FR,android,zone_138,10.58,11,7,1,21.57,0
U700611,FR,web,zone_101,13.45,4,7,0,36.99,0
U700612,BE,web,zone_000,16.57,7,7,0,18.54,0
U700613,FR,ios,zone_009,18.72,11,8,0,5.86,0
U700614,FR,ios,zone_114,12.52,7,6,0,15.38,0
U700615,FR,android,zone_071,8.34,7,8,0,25.57,0
U700616,ES,android,zone_123,4.21,8,10,0,33.27,0
U700617,BE,android,zone_057,15.35,7,13,1,30.38,0
U700618,IT,ios,zone_168,14.84,7,6,0,25.52,0
U700619,IT,ios,zone_194,7.73,6,13,0,20.38,0
U700620,ES,android,zone_188,4.33,7,5,0,20.24,0
U700621,DE,ios,zone_018,9.34,11,11,2,37.91,0
U700622,FR,android,zone_033,10.05,8,6,0,23.19,0
U700623,DE,android,zone_066,21.01,14,4,0,15.65,0
U700624,CH,android,zone_021,24.48,5,7,0,16.64,0
U700625,DE,android,zone_191,22.59,7,11,0,8.45,0
U700626,FR,android,zone_041,12.51,12,6,0,10.82,0
U700627,ES,ios,zone_114,3.39,9,7,3,19.98,0
U700628,FR,ios,zone_025,5.72,5,11,1,32.94,0
U700629,ES,android,zone_058,6.0,6,9,1,19.26,0
U700630,FR,web,zone_060,18.07,13,12,2,14.45,0
U700631,IT,web,zone_153,6.32,9,5,0,20.17,0
U700632,IT,ios,zone_032,,4,8,0,25.09,0
U700633,FR,android,zone_100,18.31,10,4,1,8.34,0
U700634,IT,ios,zone_147,12.64,4,4,2,9.85,0
U700635,FR,android,zone_003,15.23,5,10,2,27.73,0
U700636,BE,ios,zone_082,7.66,9,7,2,10.95,0
U700637,DE,android,zone_119,6.49,9,10,0,6.52,0
U700638,DE,web,zone_072,18.04,4,14,0,8.57,0
U700639,FR,android,zone_014,14.93,17,6,0,14.98,0
U700640,FR,ios,zone_167,5.24,13,9,1,30.06,0
U700641,FR,android,zone_025,23.71,10,7,1,8.61,0
U700642,FR,ios,zone_145,5.15,8,9,0,26.09,0
U700643,FR,ios,zone_159,17.7,5,8,0,11.16,1
U700644,ES,android,zone_032,15.41,6,6,1,16.3,0
U700645,FR,ios,zone_157,36.87,9,7,1,17.06,0
U700646,FR,ios,zone_039,9.61,12,6,0,18.76,0
U700647,FR,android,zone_085,25.72,11,5,0,15.49,0
U700648,FR,android,zone_017,18.33,13,6,0,12.92,0
U700649,BE,ios,zone_050,12.66,8,14,1,30.52,0
U700650,FR,web,zone_145,4.88,5,8,0,6.18,0
U700651,ES,android,zone_006,6.56,9,8,1,22.68,0
U700652,FR,android,zone_138,5.78,8,8,0,30.39,0
U700653,IT,android,zone_162,14.76,7,7,0,16.71,0
U700654,ES,android,zone_126,14.47,6,4,1,28.89,0
U700655,FR,android,zone_153,5.65,8,7,1,29.68,0
U700656,FR,ios,zone_072,8.42,10,12,0,21.53,0
U700657,BE,android,zone_167,14.66,9,8,1,22.44,0
U700658,IT,web,zone_115,13.63,11,7,1,10.52,0
U700659,FR,android,zone_023,11.39,11,9,1,11.98,0
U700660,FR,web,zone_124,2.73,11,16,0,15.4,0
U700661,FR,android,zone_011,10.38,6,6,0,7.29,0
U700662,BE,ios,zone_161,31.29,6,11,1,36.3,0
U700663,IT,web,zone_044,3.8,8,9,0,19.26,0
U700664,FR,android,zone_105,15.94,5,6,3,13.64,0
U700665,FR,android,zone_175,7.63,8,9,0,32.54,0
U700666,FR,ios,zone_068,4.86,11,8,0,25.58,0
U700667,ES,android,zone_034,31.31,10,5,0,29.23,0
U700668,IT,android,zone_004,6.51,11,8,1,22.79,0
U700669,ES,android,zone_132,18.56,10,6,1,28.48,0
U700670,DE,android,zone_204,11.42,11,8,0,15.54,1
U700671,FR,web,zone_141,19.16,10,7,0,33.7,0
U700672,FR,web,zone_033,,6,5,1,6.86,0
U700673,FR,android,zone_171,8.33,6,5,0,11.69,0
U700674,FR,android,zone_203,10.78,11,11,0,31.93,1
U700675,FR,android,zone_000,4.04,8,8,1,23.32,0
U700676,DE,android,zone_162,2.94,10,6,0,20.49,0
U700677,FR,web,zone_138,5.5,8,8,0,9.7,0
U700678,FR,ios,zone_187,4.08,13,9,1,18.92,0
U700679,FR,ios,zone_203,21.43,10,13,0,16.88,0
U700680,IT,android,zone_110,7.89,10,4,0,10.74,0
U700681,FR,web,zone_100,38.28,7,10,0,30.15,0
U700682,CH,ios,zone_060,25.51,10,12,0,29.59,0
U700683,IT,web,zone_164,10.09,8,12,1,17.23,0
U700684,CH,web,zone_060,12.63,8,7,1,28.38,0
U700685,BE,android,zone_085,21.59,5,9,2,10.66,0
U700686,FR,android,zone_213,13.9,8,9,1,18.01,0
U700687,CH,android,zone_028,35.7,5,12,1,28.59,0
U700688,BE,android,zone_001,8.05,8,17,1,33.89,0
U700689,CH,ios,zone_076,9.23,12,8,0,20.62,0
U700690,BE,web,zone_183,10.74,7,12,1,28.58,0
U700691,IT,android,zone_152,6.69,10,5,0,16.71,0
U700692,DE,ios,zone_154,2.43,6,3,1,24.26,0
U700693,FR,android,zone_020,13.27,9,10,2,26.22,0
U700694,DE,android,zone_162,14.32,5,5,1,25.49,0
U700695,FR,android,zone_095,13.23,6,9,1,20.29,0
U700696,FR,web,zone_004,15.4,13,9,0,15.22,0
U700697,FR,android,zone_013,9.31,13,8,1,12.64,0
U700698,FR,ios,zone_174,17.42,15,9,0,12.87,0
U700699,FR,android,zone_192,8.78,9,8,3,28.56,0
U700700,IT,ios,zone_093,12.75,8,7,0,23.76,0
U700701,FR,ios,zone_197,13.88,12,12,0,33.75,0
U700702,FR,android,zone_056,12.23,15,9,0,21.18,0
U700703,BE,web,zone_093,29.98,8,6,3,26.32,0
U700704,FR,ios,zone_014,11.49,11,3,0,35.75,0
U700705,IT,android,zone_081,1.91,7,3,1,14.86,0
U700706,FR,ios,zone_017,28.09,9,8,2,29.53,0
U700707,ES,ios,zone_178,15.53,8,6,0,20.45,0
U700708,FR,ios,zone_186,10.3,6,7,0,19.11,0
U700709,FR,web,zone_192,9.95,11,10,0,13.36,0
U700710,FR,android,zone_194,35.4,12,10,2,16.81,0
U700711,IT,android,zone_139,11.76,7,9,0,18.31,1
U700712,FR,ios,zone_117,25.08,9,7,3,19.42,0
U700713,FR,ios,zone_195,19.81,6,8,0,44.44,0
U700714,FR,ios,zone_148,,10,4,1,19.72,0
U700715,FR,web,zone_112,7.56,9,8,1,12.41,0
U700716,FR,android,zone_001,19.16,9,7,1,19.03,0
U700717,FR,ios,zone_032,7.17,9,5,1,28.49,0
U700718,ES,web,zone_148,5.94,17,8,2,24.5,0
U700719,IT,android,zone_219,8.6,9,13,0,12.67,0
U700720,FR,web,zone_085,29.0,9,4,0,15.54,0
U700721,IT,ios,zone_196,5.45,18,10,1,0.0,0
U700722,FR,ios,zone_046,24.72,9,5,1,19.56,0
U700723,FR,web,zone_179,3.59,7,10,0,35.27,0
U700724,FR,android,zone_188,14.79,9,10,1,12.86,0
U700725,FR,android,zone_197,5.78,11,2,0,34.92,0
U700726,FR,ios,zone_096,23.88,7,5,1,19.46,0
U700727,DE,web,zone_000,15.3,11,9,0,30.64,0
U700728,BE,web,zone_158,22.94,14,8,1,14.0,0
U700729,FR,android,zone_218,19.16,11,7,0,27.5,0
U700730,FR,android,zone_168,10.56,4,8,0,20.33,0
U700731,FR,android,zone_095,6.1,5,11,1,9.76,1
U700732,FR,android,zone_008,20.49,6,9,0,12.47,0
U700733,FR,ios,zone_006,8.76,11,9,2,17.46,0
U700734,FR,ios,zone_050,31.21,6,8,0,23.97,0
U700735,FR,ios,zone_142,3.38,5,5,1,13.01,0
U700736,FR,android,zone_076,6.87,11,8,1,30.04,0
U700737,DE,web,zone_022,22.29,13,8,0,23.87,0
U700738,BE,ios,zone_178,37.2,13,9,0,22.25,0
U700739,FR,android,zone_063,1.37,7,10,0,0.0,0
U700740,FR,ios,zone_054,4.24,5,7,0,24.48,0
U700741,DE,android,zone_071,10.03,11,10,0,23.25,0
U700742,FR,android,zone_014,21.29,8,13,3,27.22,0
U700743,FR,android,zone_195,25.78,7,8,0,20.82,0
U700744,FR,ios,zone_156,23.75,11,2,0,23.35,0
U700745,DE,android,zone_149,,12,7,1,20.47,1
U700746,FR,ios,zone_209,16.52,10,5,1,23.93,0
U700747,CH,android,zone_211,12.86,7,4,0,12.63,0
U700748,FR,android,zone_060,11.48,12,7,0,7.4,0
U700749,FR,android,zone_005,12.04,9,7,1,11.02,0
U700750,FR,ios,zone_061,9.84,15,12,0,24.02,0
U700751,ES,web,zone_185,15.41,8,8,0,15.59,0
U700752,ES,ios,zone_122,12.45,6,9,1,21.35,0
U700753,ES,web,zone_038,18.89,11,4,1,12.46,0
U700754,FR,ios,zone_086,2.95,6,9,0,19.02,0
U700755,BE,ios,zone_069,22.87,10,4,0,32.83,0
U700756,FR,android,zone_196,21.73,7,9,1,29.25,0
U700757,FR,android,zone_188,,11,4,1,16.66,0
U700758,IT,web,zone_011,5.17,8,4,0,26.26,0
U700759,FR,ios,zone_011,10.14,10,9,0,17.57,0
U700760,BE,web,zone_143,13.05,5,11,0,11.51,0
U700761,FR,web,zone_218,4.19,7,5,0,23.77,0
U700762,FR,android,zone_186,10.09,9,15,0,19.31,0
U700763,IT,android,zone_141,32.08,7,4,0,20.38,0
U700764,FR,web,zone_162,10.31,7,3,1,13.86,0
U700765,FR,android,zone_104,15.06,11,10,0,15.61,0
U700766,DE,android,zone_062,12.8,6,8,0,20.1,0
U700767,DE,android,zone_214,26.59,9,7,0,16.63,0
U700768,FR,ios,zone_129,4.63,8,6,0,32.8,0
U700769,FR,ios,zone_134,6.54,9,11,1,14.64,0
U700770,FR,ios,zone_167,16.56,7,13,2,19.9,0
U700771,BE,android,zone_052,12.71,8,6,0,12.43,0
U700772,BE,ios,zone_011,19.36,8,8,0,9.22,0
U700773,CH,web,zone_143,5.76,6,7,0,13.92,0
U700774,FR,ios,zone_107,44.96,9,6,0,12.7,0
U700775,FR,web,zone_017,13.76,9,6,0,15.58,0
U700776,FR,android,zone_190,12.42,8,14,1,12.79,0
U700777,DE,web,zone_198,26.64,8,3,0,21.74,0
U700778,FR,ios,zone_045,9.1,10,10,0,24.78,1
U700779,FR,web,zone_142,14.87,11,5,0,7.41,0
U700780,ES,android,zone_219,23.46,5,7,0,18.09,0
U700781,IT,ios,zone_142,14.44,17,2,1,5.57,0
U700782,FR,android,zone_112,14.93,7,9,0,16.66,0
U700783,FR,android,zone_099,27.61,8,10,0,18.59,0
U700784,ES,ios,zone_035,25.89,17,6,0,16.9,0
U700785,DE,android,zone_178,40.66,11,13,1,23.29,0
U700786,FR,ios,zone_145,8.22,10,5,0,11.61,0
U700787,DE,android,zone_168,17.88,8,4,1,21.85,0
U700788,DE,android,zone_202,4.42,10,11,1,26.68,0
U700789,FR,ios,zone_127,2.83,4,12,0,20.85,0
U700790,FR,android,zone_199,14.77,15,14,1,19.1,0
U700791,FR,android,zone_108,6.55,4,9,0,14.82,0
U700792,FR,ios,zone_091,17.54,13,9,0,20.76,0
U700793,FR,ios,zone_093,4.33,12,4,1,9.45,0
U700794,FR,web,zone_102,26.4,12,12,0,12.31,0
U700795,ES,android,zone_188,22.69,8,8,0,19.53,0
U700796,FR,web,zone_206,10.44,10,6,0,21.36,0
U700797,DE,android,zone_204,7.48,7,6,1,23.39,0
U700798,CH,ios,zone_083,21.09,13,6,0,18.97,0
U700799,FR,android,zone_149,5.19,11,7,0,27.29,0
U700800,FR,ios,zone_180,,9,11,1,27.23,0
U700801,FR,ios,zone_215,23.18,11,9,1,17.46,0
U700802,FR,ios,zone_132,17.21,12,5,1,16.29,0
U700803,ES,android,zone_211,16.84,10,12,1,10.83,0
U700804,FR,ios,zone_114,8.46,13,10,0,19.12,0
U700805,FR,android,zone_131,26.24,8,8,0,21.4,0
U700806,BE,android,zone_142,12.92,11,6,0,13.39,0
U700807,FR,android,zone_106,20.7,6,14,1,17.56,0
U700808,FR,android,zone_134,2.23,8,4,0,28.84,0
U700809,FR,web,zone_114,23.52,9,9,0,14.93,0
U700810,FR,web,zone_143,13.66,10,5,0,23.47,0
U700811,FR,web,zone_092,10.36,12,10,0,23.41,0
U700812,IT,android,zone_044,29.83,9,8,1,16.74,0
U700813,FR,ios,zone_183,19.79,9,12,0,30.75,0
U700814,FR,android,zone_008,3.03,9,7,2,12.18,0
U700815,FR,android,zone_156,22.83,14,5,1,11.46,0
U700816,IT,android,zone_163,23.38,16,8,0,20.1,0
U700817,FR,android,zone_131,27.65,9,4,0,16.09,0
U700818,FR,android,zone_155,2.75,8,7,1,0.0,0
U700819,DE,android,zone_178,3.77,9,6,1,13.35,0
U700820,FR,ios,zone_051,6.1,10,13,0,24.77,0
U700821,BE,web,zone_132,10.54,6,10,2,11.88,0
U700822,FR,android,zone_068,13.19,2,5,1,24.25,0
U700823,FR,android,zone_200,10.65,10,15,0,25.16,0
U700824,DE,ios,zone_175,20.51,9,10,3,24.07,0
U700825,FR,android,zone_003,4.14,6,7,1,8.26,0
U700826,BE,android,zone_185,14.04,9,10,1,15.9,0
U700827,FR,android,zone_119,7.53,5,10,0,13.21,0
U700828,BE,android,zone_027,43.81,13,7,0,28.61,0
U700829,FR,android,zone_167,12.94,10,10,0,25.01,0
U700830,IT,android,zone_098,7.13,10,7,1,19.35,0
U700831,FR,android,zone_183,16.76,12,7,2,29.96,0
U700832,IT,android,zone_060,34.5,9,8,0,38.92,0
U700833,FR,android,zone_103,6.6,13,8,0,11.12,0
U700834,FR,android,zone_126,6.68,12,5,0,5.7,0
U700835,FR,android,zone_060,8.04,11,7,0,26.16,0
U700836,FR,android,zone_189,28.8,6,7,0,17.14,0
U700837,CH,web,zone_049,5.97,4,12,0,19.86,0
U700838,FR,ios,zone_025,10.37,7,9,1,10.92,0
U700839,IT,ios,zone_081,3.79,10,11,1,12.16,1
U700840,IT,android,zone_093,34.03,4,9,1,22.87,0
U700841,FR,ios,zone_200,8.12,11,12,1,13.16,0
U700842,DE,android,zone_181,30.65,12,4,0,23.84,0
U700843,DE,android,zone_120,22.31,7,7,0,32.65,0
U700844,FR,web,zone_177,22.63,11,5,1,29.28,0
U700845,DE,android,zone_160,34.51,9,7,0,23.52,0
U700846,DE,ios,zone_004,6.76,13,12,1,27.72,0
U700847,FR,ios,zone_094,,8,7,1,11.07,0
U700848,CH,android,zone_165,12.43,13,9,1,20.93,0
U700849,FR,ios,zone_154,16.64,8,7,0,16.83,0
U700850,BE,web,zone_177,18.1,7,4,1,15.3,0
U700851,BE,android,zone_213,3.85,7,9,1,32.24,0
U700852,FR,ios,zone_189,20.51,11,8,0,32.13,0
U700853,IT,android,zone_127,3.71,4,7,1,17.39,0
U700854,IT,android,zone_151,22.25,7,13,0,15.53,0
U700855,IT,android,zone_210,17.54,8,11,1,22.48,0
U700856,FR,ios,zone_061,14.13,13,8,0,18.88,0
U700857,FR,android,zone_180,3.86,8,8,1,22.68,0
U700858,ES,web,zone_088,9.8,10,7,0,22.25,0
U700859,CH,web,zone_052,9.14,9,12,1,27.63,0
U700860,DE,android,zone_077,16.16,5,4,0,23.91,0
U700861,DE,ios,zone_050,22.25,11,14,1,32.26,0
U700862,FR,ios,zone_040,13.61,8,12,0,9.63,0
U700863,BE,android,zone_194,8.49,7,7,1,21.58,0
U700864,FR,ios,zone_062,9.11,11,10,0,15.69,0
U700865,IT,web,zone_054,25.64,8,9,1,1.87,0
U700866,FR,android,zone_011,19.36,10,14,0,8.13,0
U700867,FR,android,zone_050,13.59,10,8,1,0.89,0
U700868,FR,android,zone_099,35.73,3,10,0,19.31,0
U700869,FR,ios,zone_085,,9,11,1,32.88,0
U700870,FR,android,zone_014,11.87,6,6,0,20.91,0
U700871,IT,ios,zone_148,6.99,7,19,0,25.9,0
U700872,CH,ios,zone_120,8.5,8,7,1,21.13,0
U700873,FR,android,zone_063,44.81,10,6,0,14.23,0
U700874,FR,android,zone_065,18.61,7,5,0,13.85,0
U700875,FR,ios,zone_159,21.42,8,9,2,24.14,0
U700876,DE,ios,zone_009,35.02,7,9,1,19.45,0
U700877,CH,ios,zone_038,21.78,8,11,0,19.71,0
U700878,FR,web,zone_045,4.28,12,9,1,20.13,1
U700879,FR,web,zone_200,28.53,13,8,0,24.62,0
U700880,DE,ios,zone_031,25.68,8,12,0,27.34,0
U700881,IT,web,zone_054,17.45,12,4,0,16.51,0
U700882,IT,android,zone_154,9.84,12,7,0,19.89,0
U700883,FR,ios,zone_053,18.64,6,7,1,13.9,0
U700884,FR,ios,zone_068,8.77,8,3,1,14.44,0
U700885,FR,android,zone_063,18.81,5,9,0,18.51,0
U700886,IT,android,zone_184,6.35,14,12,0,20.9,0
U700887,FR,android,zone_186,4.94,13,7,0,12.42,0
U700888,IT,android,zone_063,12.58,10,6,2,18.06,0
U700889,FR,ios,zone_021,4.16,9,8,0,24.3,0
U700890,FR,ios,zone_142,31.8,4,8,0,28.65,0
U700891,FR,android,zone_093,26.28,8,16,0,0.0,0
U700892,IT,android,zone_083,28.63,10,13,0,28.75,0
U700893,DE,ios,zone_173,13.04,6,7,0,14.5,0
U700894,FR,web,zone_127,27.62,17,11,0,8.6,0
U700895,FR,android,zone_007,13.01,7,12,0,14.27,0
U700896,FR,ios,zone_139,3.36,5,4,2,18.07,0
U700897,FR,android,zone_115,13.09,12,9,0,8.96,0
U700898,FR,ios,zone_025,23.12,13,6,0,8.73,0
U700899,FR,ios,zone_004,20.77,9,10,0,20.82,0
U700900,CH,web,zone_022,24.58,7,8,0,16.73,0
U700901,FR,ios,zone_114,5.4,8,6,1,35.88,0
U700902,IT,ios,zone_219,12.35,10,8,1,11.69,0
U700903,FR,ios,zone_170,37.97,11,7,1,35.25,0
U700904,BE,android,zone_179,10.11,11,9,0,12.45,1
U700905,FR,web,zone_150,22.57,6,6,0,12.25,0
U700906,ES,android,zone_204,20.59,5,13,0,15.09,0
U700907,IT,android,zone_010,5.35,6,11,1,6.43,0
U700908,DE,android,zone_002,43.13,3,5,1,14.57,0
U700909,FR,web,zone_040,18.96,9,8,0,15.09,0
U700910,IT,web,zone_175,17.66,8,7,1,32.31,0
U700911,FR,android,zone_024,30.06,14,6,0,20.61,0
U700912,FR,ios,zone_012,1.94,7,11,2,23.02,0
U700913,FR,ios,zone_091,2.94,15,5,2,17.75,0
U700914,IT,android,zone_083,11.8,11,12,1,18.57,0
U700915,IT,android,zone_117,1.18,15,11,2,25.78,0
U700916,IT,ios,zone_103,,7,7,0,21.38,0
U700917,ES,ios,zone_067,25.54,8,9,0,15.43,0
U700918,CH,ios,zone_130,8.95,7,9,0,13.63,0
U700919,DE,android,zone_146,32.55,5,5,0,9.47,0
U700920,FR,web,zone_047,5.96,8,6,2,15.09,0
U700921,FR,android,zone_006,3.5,11,7,1,32.0,0
U700922,DE,android,zone_000,16.76,9,13,0,12.19,0
U700923,FR,ios,zone_024,34.42,8,8,0,19.44,0
U700924,BE,ios,zone_097,13.77,6,8,1,23.11,0
U700925,FR,ios,zone_019,4.09,13,8,0,15.22,0
U700926,BE,ios,zone_013,4.83,15,7,0,32.65,0
U700927,IT,ios,zone_130,41.56,10,6,0,20.81,1
U700928,ES,android,zone_181,8.99,10,4,1,19.44,0
U700929,FR,ios,zone_008,26.7,11,5,4,26.06,0
U700930,CH,android,zone_006,12.88,12,8,2,13.23,0
U700931,BE,android,zone_054,19.48,9,12,1,19.01,0
U700932,FR,ios,zone_170,9.83,8,5,4,15.78,0
U700933,FR,web,zone_216,7.83,6,9,1,37.32,0
U700934,FR,ios,zone_100,9.53,2,10,1,33.97,0
U700935,FR,ios,zone_066,15.65,4,8,1,27.02,0
U700936,FR,web,zone_009,3.64,6,6,0,20.51,0
U700937,CH,ios,zone_054,8.58,9,12,1,24.66,0
U700938,FR,android,zone_073,38.17,11,5,1,25.66,0
U700939,FR,android,zone_121,16.24,12,4,0,30.19,0
U700940,FR,ios,zone_006,10.05,6,8,2,25.0,0
U700941,FR,ios,zone_001,19.03,10,7,0,0.0,0
U700942,ES,android,zone_017,22.36,5,7,3,17.1,0
U700943,CH,android,zone_031,4.4,11,7,1,24.85,0
U700944,FR,android,zone_110,26.45,11,8,0,17.66,0
U700945,FR,android,zone_178,6.99,9,9,0,28.73,0
U700946,ES,android,zone_079,6.44,6,18,1,9.4,0
U700947,CH,ios,zone_049,25.65,8,6,0,23.56,0
U700948,CH,android,zone_201,26.21,6,5,1,33.6,0
U700949,IT,android,zone_032,3.77,10,6,2,26.79,1
U700950,DE,android,zone_121,19.76,9,7,1,24.66,0
U700951,DE,android,zone_018,21.36,7,4,0,16.51,0
U700952,ES,web,zone_139,20.67,3,15,1,31.3,0
U700953,ES,android,zone_098,23.1,11,9,0,10.66,0
U700954,ES,android,zone_155,16.5,11,3,1,23.43,0
U700955,IT,android,zone_198,25.25,8,9,1,13.31,0
U700956,FR,ios,zone_201,9.8,6,9,1,11.27,0
U700957,FR,android,zone_058,6.96,12,9,0,23.42,1
U700958,IT,web,zone_000,12.32,10,5,2,21.97,1
U700959,IT,android,zone_117,10.92,11,10,0,19.44,0
U700960,DE,ios,zone_044,22.95,14,9,1,20.04,0
U700961,BE,android,zone_168,1.94,9,6,1,12.94,0
U700962,BE,ios,zone_181,10.14,11,10,0,26.88,0
U700963,FR,web,zone_022,7.64,12,8,1,20.4,0
U700964,FR,android,zone_001,20.77,8,7,0,40.69,0
U700965,FR,ios,zone_140,11.66,5,9,0,28.59,0
U700966,FR,android,zone_014,8.62,9,6,0,21.52,0
U700967,FR,web,zone_015,19.05,6,13,0,17.76,0
U700968,FR,android,zone_185,14.51,17,6,0,17.27,0
U700969,IT,ios,zone_055,36.11,7,10,0,20.5,0
U700970,FR,web,zone_170,9.37,6,9,4,39.59,0
U700971,BE,ios,zone_168,5.47,7,12,1,18.7,0
U700972,FR,ios,zone_110,8.2,7,7,0,15.97,0
U700973,FR,web,zone_040,23.12,14,9,1,13.37,0
U700974,FR,android,zone_007,6.89,7,8,1,14.87,0
U700975,FR,web,zone_219,21.27,13,7,1,14.12,0
U700976,FR,android,zone_117,13.97,10,11,0,28.8,0
U700977,FR,android,zone_096,15.28,4,6,0,16.38,0
U700978,FR,android,zone_149,11.06,12,6,2,28.15,0
U700979,BE,ios,zone_071,4.62,4,13,2,33.51,0
U700980,DE,ios,zone_006,8.5,10,11,0,15.3,1
U700981,DE,ios,zone_092,,13,9,0,19.98,0
U700982,FR,ios,zone_090,8.47,10,9,1,18.78,0
U700983,FR,web,zone_018,3.49,7,12,1,24.71,0
U700984,FR,android,zone_084,30.38,11,10,0,26.53,0
U700985,FR,android,zone_026,21.44,13,6,0,8.62,0
U700986,BE,android,zone_158,15.38,4,3,1,9.69,0
U700987,FR,android,zone_083,24.85,12,5,0,23.5,0
U700988,FR,ios,zone_044,7.65,5,4,1,28.09,0
U700989,FR,ios,zone_168,10.66,14,1,0,29.67,0
U700990,CH,web,zone_066,4.66,7,5,1,17.24,0
U700991,IT,ios,zone_000,9.03,9,6,1,14.25,0
U700992,DE,ios,zone_066,18.71,5,7,2,16.29,0
U700993,FR,ios,zone_033,17.91,11,12,0,17.69,0
U700994,DE,ios,zone_153,,11,9,1,11.73,0
U700995,FR,android,zone_026,9.65,9,9,4,17.75,0
U700996,CH,web,zone_040,23.47,10,3,0,30.05,0
U700997,FR,android,zone_100,34.61,8,6,0,5.62,0
U700998,FR,android,zone_136,7.82,9,12,0,20.22,0
U700999,BE,ios,zone_092,48.76,7,7,0,21.98,0
U701000,DE,ios,zone_192,19.28,14,3,1,30.16,0
U701001,IT,android,zone_136,8.35,7,4,1,15.04,0
U701002,IT,android,zone_214,21.58,7,11,0,38.59,0
U701003,DE,web,zone_071,9.84,14,5,1,13.57,0
U701004,FR,android,zone_116,21.62,8,7,0,21.56,0
U701005,DE,ios,zone_038,7.8,10,10,0,12.03,0
U701006,BE,ios,zone_219,9.64,14,3,1,13.97,0
U701007,FR,android,zone_141,15.14,12,13,2,23.67,1
U701008,FR,ios,zone_134,2.26,8,9,1,21.45,0
U701009,ES,android,zone_149,23.78,11,10,1,23.12,0
U701010,FR,web,zone_204,16.86,9,11,1,12.26,0
U701011,DE,web,zone_127,23.65,10,6,1,32.02,0
U701012,IT,android,zone_171,7.99,9,6,1,22.77,0
U701013,DE,android,zone_138,15.75,5,4,0,19.88,0
U701014,FR,ios,zone_094,9.36,19,7,0,22.14,0
U701015,DE,ios,zone_086,7.61,7,8,0,28.6,0
U701016,BE,ios,zone_161,5.36,8,7,0,13.21,0
U701017,FR,android,zone_031,21.1,12,8,2,12.65,0
U701018,FR,ios,zone_043,19.68,8,12,0,15.23,0
U701019,FR,ios,zone_206,15.1,12,7,0,0.0,1
U701020,FR,web,zone_025,20.37,14,12,0,8.19,0
U701021,DE,ios,zone_021,19.36,12,7,0,10.23,0
U701022,FR,android,zone_197,10.2,8,12,0,19.39,0
U701023,DE,ios,zone_175,11.05,10,11,0,15.93,0
U701024,FR,ios,zone_195,6.01,7,9,0,28.48,0
U701025,IT,android,zone_102,9.49,3,11,0,19.01,0
U701026,FR,android,zone_158,22.61,10,7,0,16.63,0
U701027,FR,ios,zone_115,25.49,11,7,0,14.82,0
U701028,FR,android,zone_195,4.35,7,4,0,33.18,0
U701029,FR,ios,zone_055,15.26,9,6,1,14.18,0
U701030,FR,ios,zone_189,2.7,6,8,0,20.94,0
U701031,ES,android,zone_182,20.66,8,5,1,23.46,0
U701032,FR,ios,zone_198,7.78,8,11,0,20.4,0
U701033,FR,android,zone_181,13.56,9,10,0,8.23,0
U701034,DE,ios,zone_033,14.48,11,3,2,29.45,0
U701035,BE,android,zone_149,1.65,11,5,0,16.48,0
U701036,ES,ios,zone_166,25.99,8,9,1,6.83,0
U701037,FR,android,zone_065,12.47,7,5,2,20.87,0
U701038,DE,ios,zone_108,6.37,7,9,0,32.06,0
U701039,BE,web,zone_068,30.53,6,9,0,7.8,0
U701040,FR,android,zone_039,9.77,9,10,0,20.94,0
U701041,DE,android,zone_152,2.22,8,8,0,17.45,0
U701042,CH,ios,zone_166,9.14,6,5,0,14.12,0
U701043,FR,android,zone_004,18.86,9,9,1,8.99,0
U701044,ES,android,zone_078,13.22,9,12,2,22.64,0
U701045,IT,web,zone_219,0.82,9,5,2,20.75,0
U701046,BE,ios,zone_011,6.64,9,9,0,17.49,0
U701047,DE,android,zone_010,17.17,4,8,2,23.04,0
U701048,DE,android,zone_097,29.33,7,9,0,22.27,0
U701049,IT,android,zone_104,11.57,16,6,0,13.23,0
U701050,FR,ios,zone_075,8.38,5,5,1,14.95,0
U701051,FR,web,zone_184,2.25,13,4,1,4.6,0
U701052,FR,android,zone_073,12.25,11,6,0,18.31,0
U701053,CH,web,zone_129,20.13,6,4,1,27.94,0
U701054,BE,android,zone_019,8.53,14,5,0,13.02,0
U701055,FR,ios,zone_097,18.15,7,9,1,22.93,0
U701056,IT,android,zone_026,17.83,8,6,0,24.64,0
U701057,IT,ios,zone_078,3.43,10,11,0,31.36,0
U701058,FR,ios,zone_071,2.69,12,7,1,23.16,0
U701059,FR,android,zone_046,6.85,8,8,0,22.22,0
U701060,FR,ios,zone_138,9.5,6,3,1,31.91,0
U701061,BE,web,zone_169,26.79,12,8,0,26.06,0
U701062,DE,ios,zone_140,8.95,7,6,1,24.89,0
U701063,BE,web,zone_153,25.13,7,6,0,9.54,0
U701064,FR,ios,zone_159,23.48,8,9,1,13.42,0
U701065,IT,android,zone_183,11.98,7,11,1,26.61,0
U701066,DE,ios,zone_030,7.09,10,6,2,21.31,1
U701067,DE,android,zone_168,4.84,7,7,0,24.74,0
U701068,ES,web,zone_031,3.77,12,6,0,28.03,0
U701069,FR,android,zone_027,24.32,6,5,1,13.48,0
U701070,BE,android,zone_146,3.25,8,7,0,30.28,0
U701071,BE,web,zone_003,8.83,15,12,0,17.98,0
U701072,IT,ios,zone_048,20.67,6,2,1,11.55,0
U701073,DE,android,zone_042,4.61,9,8,0,18.92,0
U701074,FR,ios,zone_213,13.63,11,8,1,15.95,0
U701075,ES,ios,zone_004,7.62,13,6,1,21.23,0
U701076,FR,android,zone_119,8.46,9,9,0,24.88,0
U701077,FR,android,zone_193,12.53,10,10,0,9.64,0
U701078,IT,ios,zone_204,2.94,4,12,1,14.33,0
U701079,FR,ios,zone_076,30.92,6,10,1,27.03,0
U701080,FR,ios,zone_026,8.17,12,9,0,22.84,0
U701081,FR,ios,zone_207,9.12,8,7,0,23.89,0
U701082,FR,android,zone_059,14.64,11,11,0,19.74,0
U701083,IT,web,zone_028,2.21,9,9,0,33.27,0
U701084,BE,ios,zone_051,16.94,7,8,2,21.92,0
U701085,BE,android,zone_146,18.77,8,8,0,12.09,0
U701086,ES,ios,zone_070,17.79,13,10,0,20.9,0
U701087,FR,android,zone_018,5.31,9,6,0,7.51,0
U701088,FR,web,zone_169,6.67,14,7,1,0.0,0
U701089,CH,ios,zone_154,5.8,4,8,0,19.46,0
U701090,DE,ios,zone_089,5.59,6,9,1,11.94,0
U701091,FR,android,zone_003,,7,12,1,27.51,0
U701092,FR,web,zone_138,9.98,11,12,1,26.04,0
U701093,FR,android,zone_018,16.73,5,10,1,30.44,1
U701094,DE,android,zone_029,5.08,14,10,0,18.99,0
U701095,FR,ios,zone_057,30.85,13,12,0,18.82,0
U701096,IT,web,zone_020,12.08,7,9,0,15.07,0
U701097,ES,ios,zone_123,13.1,8,8,1,10.23,0
U701098,DE,android,zone_206,4.84,7,6,0,6.79,0
U701099,DE,android,zone_111,11.05,9,7,0,15.71,0
U701100,FR,web,zone_079,7.29,5,6,0,22.31,0
U701101,FR,ios,zone_140,,7,14,2,23.3,0
U701102,BE,android,zone_080,11.47,4,9,0,23.16,0
U701103,FR,android,zone_178,30.12,10,11,2,21.23,0
U701104,BE,ios,zone_006,22.33,5,18,1,20.01,0
U701105,FR,web,zone_017,26.76,9,12,1,15.83,1
U701106,IT,ios,zone_085,11.07,7,10,0,22.29,0
U701107,FR,android,zone_118,6.74,7,8,0,6.18,0
U701108,BE,ios,zone_107,23.06,11,8,0,16.4,0
U701109,BE,android,zone_058,9.14,4,5,1,12.6,0
U701110,IT,ios,zone_169,4.18,3,9,0,25.96,0
U701111,DE,web,zone_109,17.42,9,7,0,2.1,0
U701112,ES,android,zone_215,28.15,5,9,0,13.25,0
U701113,FR,android,zone_017,27.83,8,8,0,23.9,0
U701114,FR,android,zone_155,15.51,8,7,1,25.12,0
U701115,FR,ios,zone_094,16.6,8,5,1,21.43,0
U701116,FR,ios,zone_056,25.53,7,9,1,16.29,0
U701117,DE,android,zone_078,4.59,4,6,1,19.25,0
U701118,FR,android,zone_149,30.08,9,14,0,0.0,0
U701119,CH,ios,zone_202,11.18,9,9,1,3.69,0
U701120,FR,web,zone_174,13.2,10,5,1,3.85,0
U701121,IT,ios,zone_019,15.02,12,11,2,33.71,0
U701122,IT,ios,zone_090,13.11,11,9,0,24.2,0
U701123,BE,android,zone_022,22.74,9,13,0,8.57,0
U701124,IT,ios,zone_069,50.84,10,2,1,42.07,0
U701125,DE,android,zone_099,10.62,10,2,0,19.56,0
U701126,FR,android,zone_091,28.21,5,6,0,11.95,0
U701127,IT,android,zone_209,16.53,2,7,1,21.8,0
U701128,FR,android,zone_212,4.0,9,5,0,13.62,0
U701129,FR,web,zone_171,18.99,5,15,0,11.62,0
U701130,IT,ios,zone_006,19.94,9,9,1,21.21,0
U701131,FR,web,zone_070,10.62,6,4,0,0.0,0
U701132,BE,android,zone_016,4.56,10,12,0,22.74,0
U701133,IT,android,zone_157,11.15,11,7,0,30.55,0
U701134,IT,ios,zone_057,19.61,7,3,0,22.68,0
U701135,DE,ios,zone_017,26.13,5,6,0,24.34,0
U701136,IT,android,zone_095,12.47,8,13,2,25.47,0
U701137,FR,ios,zone_216,43.47,9,8,1,32.28,0
U701138,IT,ios,zone_053,8.12,14,6,0,23.31,0
U701139,FR,ios,zone_039,15.39,8,7,0,33.27,0
U701140,FR,ios,zone_150,17.02,6,6,0,20.46,0
U701141,FR,android,zone_036,11.45,6,8,1,24.53,0
U701142,CH,web,zone_074,4.61,9,8,0,27.49,0
U701143,FR,android,zone_002,6.52,8,9,0,13.52,0
U701144,FR,ios,zone_147,41.47,10,7,1,18.96,0
U701145,FR,android,zone_064,2.63,13,6,2,17.81,0
U701146,FR,ios,zone_159,12.61,8,4,2,18.8,0
U701147,FR,android,zone_014,31.15,11,5,1,25.47,0
U701148,FR,ios,zone_116,8.4,6,8,0,28.82,0
U701149,FR,android,zone_204,8.82,11,7,0,13.27,0
U701150,FR,android,zone_163,4.53,10,9,0,10.46,0
U701151,FR,ios,zone_078,4.18,9,10,1,13.84,0
U701152,FR,android,zone_142,3.03,8,5,0,23.12,0
U701153,DE,ios,zone_116,8.79,5,6,1,31.9,0
U701154,FR,android,zone_000,18.91,10,7,1,18.73,0
U701155,FR,android,zone_056,18.56,5,9,0,30.26,0
U701156,FR,ios,zone_038,15.34,8,8,1,30.69,0
U701157,FR,ios,zone_033,10.78,13,5,0,8.13,0
U701158,FR,ios,zone_054,28.33,8,13,0,31.56,0
U701159,IT,web,zone_014,19.56,6,8,0,24.24,0
U701160,FR,android,zone_123,6.58,9,7,0,20.43,0
U701161,IT,android,zone_102,9.83,8,13,0,18.35,0
U701162,BE,web,zone_185,9.06,6,10,0,15.19,0
U701163,FR,web,zone_074,23.65,14,7,0,22.7,0
U701164,IT,android,zone_020,11.97,5,10,0,24.08,0
U701165,FR,android,zone_122,23.44,7,12,0,19.08,0
U701166,IT,ios,zone_199,14.4,6,5,2,28.78,0
U701167,FR,android,zone_199,14.13,10,11,0,21.4,0
U701168,ES,android,zone_191,11.5,11,11,0,16.77,0
U701169,DE,android,zone_214,14.81,8,9,1,28.42,0
U701170,FR,android,zone_173,13.91,11,9,0,32.67,0
U701171,FR,android,zone_203,39.39,15,10,1,4.68,0
U701172,ES,android,zone_064,1.65,9,4,0,5.93,0
U701173,ES,ios,zone_066,4.15,16,6,0,8.71,0
U701174,FR,ios,zone_156,22.76,10,10,1,20.08,0
U701175,DE,android,zone_013,16.08,9,5,0,22.25,1
U701176,BE,android,zone_068,5.78,6,3,1,17.02,0
U701177,ES,android,zone_116,29.7,10,8,1,18.79,0
U701178,FR,ios,zone_064,10.29,14,7,1,6.23,0
U701179,FR,android,zone_139,10.45,11,3,0,0.0,0
U701180,FR,android,zone_086,17.64,5,4,0,12.43,0
U701181,CH,android,zone_026,53.54,11,6,0,30.58,1
U701182,IT,ios,zone_154,13.5,12,14,0,24.15,0
U701183,ES,android,zone_156,5.58,10,5,0,18.38,0
U701184,FR,android,zone_034,12.92,7,8,0,21.35,0
U701185,DE,ios,zone_011,16.5,5,6,0,29.18,0
U701186,FR,ios,zone_146,,11,10,1,23.87,0
U701187,BE,ios,zone_051,7.83,6,8,1,27.02,0
U701188,FR,web,zone_090,19.0,4,9,0,18.64,0
U701189,CH,android,zone_208,6.84,8,8,0,26.87,0
U701190,BE,ios,zone_074,35.46,12,6,0,22.83,0
U701191,IT,web,zone_165,22.31,12,12,1,23.46,0
U701192,FR,android,zone_219,40.66,5,7,1,10.76,0
U701193,FR,android,zone_172,7.14,6,8,0,23.62,0
U701194,FR,web,zone_194,23.22,15,10,0,18.77,0
U701195,ES,android,zone_196,17.42,10,13,0,29.18,0
U701196,IT,android,zone_189,5.08,6,12,1,6.96,0
U701197,IT,android,zone_072,23.46,11,6,2,29.37,0
U701198,FR,web,zone_035,8.06,7,9,0,21.67,0
U701199,FR,web,zone_134,12.12,8,8,0,28.66,0
U701200,FR,android,zone_013,14.45,7,14,0,10.45,0
U701201,IT,web,zone_147,7.39,3,4,0,31.61,0
U701202,FR,ios,zone_090,12.32,8,5,1,29.32,0
U701203,ES,android,zone_143,14.0,5,11,0,16.49,0
U701204,BE,android,zone_070,2.19,13,11,0,25.49,0
U701205,BE,ios,zone_044,,11,9,1,27.72,0
U701206,BE,android,zone_047,39.18,5,9,1,16.35,0
U701207,FR,android,zone_012,27.61,6,13,1,28.4,0
U701208,FR,android,zone_146,25.78,7,10,0,18.08,0
U701209,CH,web,zone_080,5.46,13,12,0,20.65,0
U701210,IT,android,zone_199,13.74,7,5,0,30.63,0
U701211,FR,ios,zone_201,5.81,8,8,1,3.22,0
U701212,FR,web,zone_063,4.6,5,6,2,28.84,0
U701213,FR,web,zone_139,5.09,9,9,0,12.06,0
U701214,CH,android,zone_005,19.99,12,4,1,20.78,0
U701215,IT,ios,zone_081,23.44,10,11,1,25.08,0
U701216,FR,android,zone_075,15.35,12,7,1,27.69,0
U701217,FR,ios,zone_081,21.57,7,14,0,16.67,0
U701218,FR,ios,zone_033,4.65,6,7,0,14.49,0
U701219,FR,android,zone_131,6.75,12,9,1,21.98,0
U701220,FR,ios,zone_006,16.73,13,6,0,31.78,0
U701221,BE,android,zone_209,20.39,10,11,2,26.3,0
U701222,BE,android,zone_193,16.59,6,6,0,19.22,0
U701223,FR,android,zone_064,3.52,13,7,1,30.57,1
U701224,FR,ios,zone_010,25.34,8,8,0,0.0,0
U701225,CH,android,zone_092,6.9,6,5,4,35.84,1
U701226,IT,android,zone_075,4.48,8,9,0,9.1,0
U701227,FR,android,zone_219,17.13,13,12,1,26.27,0
U701228,DE,web,zone_214,31.82,15,5,1,16.04,0
U701229,FR,android,zone_119,21.65,15,8,1,24.61,0
U701230,FR,web,zone_155,13.65,5,6,0,14.63,0
U701231,DE,android,zone_109,7.52,10,6,0,21.88,0
U701232,IT,web,zone_044,28.16,12,5,0,29.68,0
U701233,ES,web,zone_144,2.39,7,9,1,24.63,0
U701234,FR,ios,zone_113,23.71,8,7,0,19.08,0
U701235,FR,android,zone_166,12.63,10,3,1,20.0,0
U701236,FR,web,zone_045,5.99,7,8,0,16.02,0
U701237,FR,ios,zone_083,17.54,14,8,1,22.67,1
U701238,FR,android,zone_012,9.83,7,9,1,17.47,0
U701239,IT,android,zone_184,8.25,10,7,0,22.66,0
U701240,FR,ios,zone_090,7.52,7,10,2,10.31,0
U701241,DE,ios,zone_052,19.72,15,6,0,13.96,0
U701242,FR,ios,zone_209,6.89,13,7,1,34.15,0
U701243,DE,ios,zone_017,41.84,15,15,2,13.41,0
U701244,FR,android,zone_104,19.1,6,4,1,24.15,1
U701245,FR,ios,zone_119,10.55,9,7,0,31.65,0
U701246,FR,ios,zone_109,,11,10,0,29.96,0
U701247,ES,ios,zone_131,13.34,6,12,2,24.25,0
U701248,BE,web,zone_140,18.81,9,10,2,16.19,1
U701249,IT,android,zone_067,13.78,15,7,0,22.5,0
U701250,FR,android,zone_173,25.59,6,2,1,24.78,0
U701251,IT,ios,zone_062,13.71,11,13,1,28.94,0
U701252,FR,android,zone_116,22.49,9,9,0,12.58,0
U701253,FR,ios,zone_103,20.69,5,1,1,18.53,0
U701254,FR,android,zone_053,10.27,10,7,1,29.73,0
U701255,FR,android,zone_107,13.15,10,3,1,17.29,0
U701256,ES,android,zone_208,22.26,9,3,0,20.96,0
U701257,FR,android,zone_173,3.8,8,13,0,17.61,0
U701258,DE,ios,zone_028,18.14,9,6,0,19.25,0
U701259,ES,android,zone_139,15.36,8,7,0,14.34,0
U701260,FR,android,zone_059,2.89,12,8,0,6.63,0
U701261,IT,android,zone_184,1.14,10,8,1,13.96,0
U701262,DE,web,zone_152,2.69,5,9,0,20.74,0
U701263,IT,android,zone_151,10.41,13,12,0,1.74,0
U701264,FR,android,zone_193,10.47,10,13,1,10.25,0
U701265,IT,ios,zone_049,11.84,12,9,0,14.98,0
U701266,FR,ios,zone_169,15.47,10,10,1,28.13,0
U701267,IT,ios,zone_182,2.99,5,7,1,19.02,0
U701268,FR,ios,zone_218,17.63,9,9,1,11.18,0
U701269,FR,android,zone_050,24.29,7,8,0,18.03,0
U701270,DE,android,zone_125,13.38,10,3,2,12.75,0
U701271,DE,web,zone_126,13.38,9,8,1,19.15,0
U701272,BE,android,zone_084,14.16,10,11,1,31.72,0
U701273,FR,ios,zone_052,28.95,8,9,1,14.79,0
U701274,DE,ios,zone_108,13.38,11,8,0,8.79,0
U701275,FR,ios,zone_113,12.3,8,6,2,14.57,0
U701276,DE,web,zone_058,10.23,9,5,0,34.95,0
U701277,ES,ios,zone_084,6.77,9,10,1,14.52,0
U701278,BE,ios,zone_143,9.2,5,5,0,22.49,0
U701279,BE,android,zone_114,10.75,8,3,0,25.75,0
U701280,FR,android,zone_205,16.2,7,8,0,22.27,0
U701281,FR,ios,zone_109,14.53,3,6,0,24.75,0
U701282,BE,ios,zone_154,5.23,13,10,0,16.83,0
U701283,FR,web,zone_092,6.15,15,9,0,12.67,0
U701284,FR,web,zone_086,10.74,13,7,0,20.02,0
U701285,BE,ios,zone_172,15.11,16,11,0,30.75,0
U701286,FR,ios,zone_033,10.26,8,8,0,8.33,0
U701287,FR,ios,zone_172,30.04,10,6,0,27.25,0
U701288,BE,web,zone_172,4.61,8,10,2,24.37,0
U701289,FR,android,zone_092,9.15,12,8,2,25.93,0
U701290,IT,android,zone_123,4.26,6,5,0,29.7,0
U701291,FR,android,zone_187,9.96,14,6,1,30.66,1
U701292,DE,android,zone_201,16.87,9,8,2,18.26,0
U701293,FR,web,zone_080,21.29,8,11,0,22.54,0
U701294,ES,ios,zone_215,1.95,12,5,1,12.69,0
U701295,BE,android,zone_126,6.62,13,4,2,24.77,0
U701296,FR,android,zone_032,40.7,10,5,1,21.08,0
U701297,DE,android,zone_024,8.01,9,9,1,19.4,0
U701298,FR,android,zone_031,9.25,9,7,0,17.23,0
U701299,IT,android,zone_184,22.52,12,4,0,32.49,1
U701300,DE,ios,zone_148,13.37,10,8,1,32.45,0
U701301,IT,ios,zone_037,5.42,10,10,0,27.61,0
U701302,IT,android,zone_056,6.19,9,10,0,9.49,0
U701303,FR,ios,zone_137,1.73,12,9,0,25.64,0
U701304,IT,android,zone_084,8.69,10,6,1,12.55,0
U701305,BE,ios,zone_207,9.51,8,8,1,23.66,0
U701306,BE,ios,zone_083,17.03,9,7,1,31.15,0
U701307,FR,android,zone_074,8.9,9,6,1,1.8,0
U701308,FR,android,zone_022,18.25,8,7,0,8.99,0
U701309,FR,web,zone_046,4.2,6,9,0,21.37,0
U701310,FR,web,zone_104,9.27,15,15,0,26.63,0
U701311,FR,ios,zone_119,17.34,6,3,0,25.01,0
U701312,DE,android,zone_143,20.18,9,5,1,22.46,0
U701313,ES,ios,zone_187,22.18,7,5,0,26.53,0
U701314,FR,web,zone_062,11.09,12,9,0,25.58,1
U701315,DE,ios,zone_195,9.0,7,7,1,25.66,0
U701316,BE,ios,zone_125,3.14,12,7,0,20.05,0
U701317,FR,ios,zone_049,4.55,4,4,1,29.49,0
U701318,FR,android,zone_187,29.42,10,8,2,14.99,0
U701319,FR,android,zone_214,7.2,4,4,0,14.88,0
U701320,FR,ios,zone_137,28.29,14,5,0,28.48,0
U701321,FR,android,zone_128,7.1,10,4,1,20.25,0
U701322,BE,android,zone_097,11.76,7,5,0,15.15,0
U701323,ES,ios,zone_141,17.2,14,11,0,24.37,0
U701324,FR,android,zone_201,5.66,13,12,0,23.24,0
U701325,BE,android,zone_054,32.96,7,16,1,16.99,0
U701326,IT,android,zone_155,18.55,7,6,0,14.31,0
U701327,ES,web,zone_078,11.27,6,5,0,28.27,0
U701328,FR,android,zone_213,7.88,5,7,2,22.1,1
U701329,IT,android,zone_024,13.83,7,10,1,18.25,0
U701330,FR,android,zone_012,21.11,12,7,0,26.09,0
U701331,FR,ios,zone_164,7.62,12,7,0,8.2,0
U701332,DE,android,zone_052,18.68,11,6,4,21.07,0
U701333,FR,ios,zone_077,35.86,3,4,1,23.4,0
U701334,DE,ios,zone_052,7.0,4,10,0,13.83,0
U701335,BE,android,zone_134,11.6,12,2,1,26.59,0
U701336,ES,ios,zone_099,26.36,9,7,0,22.72,0
U701337,FR,ios,zone_170,11.58,7,9,0,18.33,0
U701338,IT,ios,zone_167,31.04,10,8,0,13.77,0
U701339,FR,android,zone_132,9.1,15,7,1,23.53,0
U701340,FR,android,zone_079,21.32,12,11,0,32.42,0
U701341,FR,android,zone_036,4.83,8,9,0,0.0,0
U701342,FR,web,zone_200,18.01,8,6,0,32.83,0
U701343,FR,ios,zone_027,14.73,8,6,0,13.64,0
U701344,FR,ios,zone_217,6.5,7,5,2,20.16,0
U701345,ES,ios,zone_097,14.71,5,12,2,26.5,0
U701346,FR,android,zone_032,4.65,3,12,1,13.3,0
U701347,ES,android,zone_095,14.38,13,4,2,10.38,0
U701348,IT,web,zone_024,20.28,6,10,0,3.64,0
U701349,FR,android,zone_072,15.23,3,14,1,26.34,0
U701350,FR,android,zone_214,8.66,7,5,0,20.66,0
U701351,DE,ios,zone_012,8.96,6,14,0,24.26,0
U701352,IT,android,zone_170,27.02,11,7,0,25.86,1
U701353,DE,web,zone_040,7.04,11,9,0,21.27,0
U701354,FR,android,zone_198,19.04,9,9,1,28.47,0
U701355,FR,android,zone_117,6.65,7,7,0,28.21,0
U701356,FR,ios,zone_023,4.7,9,10,1,24.43,0
U701357,FR,android,zone_208,3.56,9,6,0,14.5,0
U701358,FR,android,zone_077,7.15,13,6,0,25.4,0
U701359,DE,android,zone_049,9.7,7,6,1,8.17,0
U701360,IT,ios,zone_141,16.48,13,8,0,24.38,0
U701361,FR,web,zone_008,15.48,5,10,1,15.73,0
U701362,IT,web,zone_204,11.08,8,8,1,33.98,0
U701363,DE,ios,zone_036,7.52,15,10,1,18.45,0
U701364,DE,android,zone_026,6.24,11,7,0,7.33,0
U701365,IT,ios,zone_130,4.62,7,11,1,15.72,0
U701366,FR,android,zone_206,10.73,10,12,1,15.76,0
U701367,FR,web,zone_040,8.5,5,9,0,24.85,0
U701368,IT,android,zone_109,27.04,5,7,0,29.39,1
U701369,BE,android,zone_031,19.32,8,6,2,16.1,0
U701370,FR,ios,zone_133,30.38,8,8,0,22.81,0
U701371,ES,ios,zone_185,3.98,9,8,1,15.75,0
U701372,IT,web,zone_114,13.21,10,4,1,12.95,0
U701373,FR,android,zone_128,27.7,9,7,0,32.4,0
U701374,ES,android,zone_105,22.22,11,6,0,6.94,0
U701375,FR,ios,zone_206,10.01,9,10,0,21.8,0
U701376,IT,web,zone_072,9.19,8,10,1,15.32,0
U701377,FR,ios,zone_166,20.83,8,10,0,27.84,0
U701378,FR,android,zone_175,9.54,10,6,0,25.92,0
U701379,FR,ios,zone_068,19.57,14,9,0,29.74,0
U701380,ES,web,zone_066,28.12,10,5,1,14.82,0
U701381,FR,android,zone_127,37.92,9,11,0,30.65,0
U701382,FR,ios,zone_142,32.75,3,9,1,20.42,0
U701383,DE,ios,zone_073,28.58,6,5,0,23.17,0
U701384,FR,android,zone_020,15.43,10,9,1,15.58,0
U701385,CH,android,zone_004,8.89,12,12,0,17.54,0
U701386,CH,ios,zone_074,15.38,8,5,1,22.71,1
U701387,IT,web,zone_095,7.38,8,8,0,21.71,0
U701388,IT,web,zone_054,6.35,11,7,0,23.07,0
U701389,FR,ios,zone_213,26.78,9,11,0,26.59,0
U701390,FR,ios,zone_077,16.08,7,10,0,13.69,0
U701391,FR,ios,zone_175,9.37,14,10,0,22.2,0
U701392,ES,web,zone_169,9.86,9,5,1,19.68,0
U701393,CH,ios,zone_001,28.55,13,8,1,17.17,0
U701394,FR,ios,zone_001,15.0,12,10,0,39.92,0
U701395,FR,android,zone_078,9.7,9,8,1,10.17,0
U701396,CH,android,zone_069,8.12,9,12,0,20.61,0
U701397,FR,android,zone_151,12.81,4,16,1,15.24,0
U701398,BE,ios,zone_050,31.06,10,7,2,21.09,0
U701399,FR,android,zone_149,6.22,14,15,0,15.96,0
U701400,BE,android,zone_039,24.49,4,8,1,17.26,0
U701401,ES,ios,zone_053,44.89,9,6,0,33.41,0
U701402,ES,android,zone_153,16.62,12,8,0,21.09,0
U701403,FR,ios,zone_088,2.52,4,7,2,26.88,0
U701404,FR,ios,zone_206,7.39,7,7,2,32.62,0
U701405,IT,web,zone_161,5.38,8,4,1,27.62,1
U701406,FR,ios,zone_046,17.33,4,9,0,25.39,0
U701407,FR,web,zone_209,8.01,7,10,0,16.2,0
U701408,FR,android,zone_210,6.33,12,9,0,24.65,0
U701409,CH,android,zone_071,49.91,10,10,0,13.23,0
U701410,IT,web,zone_195,10.94,14,8,0,19.26,0
U701411,DE,web,zone_020,11.72,12,11,2,21.77,0
U701412,BE,android,zone_200,18.29,8,9,0,16.52,0
U701413,FR,web,zone_138,24.15,8,3,1,33.3,0
U701414,FR,web,zone_128,7.74,11,12,0,25.22,0
U701415,FR,android,zone_091,21.26,9,6,1,9.95,0
U701416,FR,ios,zone_201,41.84,10,11,2,33.74,0
U701417,FR,ios,zone_126,18.01,9,6,0,29.23,0
U701418,FR,android,zone_097,21.39,12,16,0,22.63,0
U701419,IT,web,zone_064,23.35,18,7,0,21.27,0
U701420,FR,ios,zone_045,6.85,7,9,2,18.02,0
U701421,FR,web,zone_130,2.66,12,16,1,16.6,0
U701422,BE,android,zone_038,14.92,9,10,0,11.47,0
U701423,ES,android,zone_034,4.73,5,8,1,13.93,0
U701424,FR,ios,zone_155,26.35,6,4,2,6.57,0
U701425,FR,ios,zone_012,18.62,8,12,0,21.52,0
U701426,ES,android,zone_100,6.84,9,10,0,14.35,0
U701427,FR,ios,zone_189,6.01,7,9,0,7.04,0
U701428,BE,web,zone_143,11.01,9,9,0,7.99,0
U701429,FR,android,zone_006,18.09,4,14,0,9.69,0
U701430,FR,android,zone_007,5.7,17,13,1,26.45,0
U701431,FR,android,zone_086,19.21,10,6,0,20.86,0
U701432,FR,android,zone_129,29.74,4,12,1,22.44,0
U701433,CH,web,zone_090,14.62,6,9,0,8.92,0
U701434,DE,ios,zone_109,15.73,4,6,2,23.61,0
U701435,ES,web,zone_103,20.17,11,4,0,18.67,0
U701436,FR,android,zone_141,8.25,7,9,0,17.31,0
U701437,FR,android,zone_206,6.06,12,4,1,20.4,0
U701438,DE,android,zone_158,14.42,11,8,0,3.52,0
U701439,ES,android,zone_084,16.39,9,12,1,23.03,0
U701440,IT,ios,zone_218,1.27,7,6,1,28.03,0
U701441,FR,ios,zone_139,12.37,11,5,0,15.94,1
U701442,DE,android,zone_189,9.97,9,8,1,9.7,0
U701443,BE,android,zone_104,9.76,5,12,2,14.5,0
U701444,FR,ios,zone_083,9.18,10,13,0,9.58,0
U701445,IT,ios,zone_143,14.12,11,8,2,24.85,0
U701446,FR,web,zone_089,6.2,13,6,0,10.97,0
U701447,BE,ios,zone_214,7.56,9,8,0,23.41,0
U701448,ES,ios,zone_017,21.76,7,9,0,9.58,0
U701449,CH,ios,zone_200,1.3,10,6,0,25.04,0
U701450,FR,android,zone_141,15.2,8,7,0,17.48,0
U701451,FR,ios,zone_202,9.1,6,6,1,34.57,0
U701452,FR,ios,zone_188,24.61,6,5,0,7.53,0
U701453,FR,web,zone_176,21.81,8,13,1,15.2,0
U701454,BE,web,zone_070,29.4,7,2,0,17.81,0
U701455,FR,web,zone_140,20.07,11,4,0,14.95,0
U701456,BE,android,zone_200,15.79,6,10,1,13.19,0
U701457,FR,android,zone_136,3.54,11,12,0,15.48,0
U701458,FR,ios,zone_039,10.62,18,6,1,28.89,0
U701459,BE,android,zone_129,23.31,12,6,0,23.63,1
U701460,ES,android,zone_161,22.84,8,9,1,18.01,0
U701461,BE,android,zone_045,25.73,14,5,1,20.16,0
U701462,FR,ios,zone_118,14.21,10,9,1,17.9,0
U701463,DE,android,zone_176,9.24,4,9,1,11.46,0
U701464,DE,web,zone_110,1.94,7,12,0,25.46,0
U701465,IT,ios,zone_152,19.33,9,9,1,24.8,1
U701466,FR,android,zone_023,22.46,11,8,1,25.53,0
U701467,FR,ios,zone_148,5.95,10,11,0,15.53,0
U701468,CH,ios,zone_069,8.34,7,8,0,33.94,0
U701469,BE,ios,zone_153,9.18,7,5,3,18.77,0
U701470,FR,android,zone_067,1.22,10,6,1,30.67,0
U701471,FR,ios,zone_156,10.44,15,9,0,16.56,0
U701472,FR,ios,zone_164,15.13,13,8,2,19.34,0
U701473,ES,android,zone_035,6.91,7,3,1,21.62,0
U701474,FR,web,zone_191,6.04,3,13,0,14.98,0
U701475,BE,ios,zone_196,12.06,7,10,0,19.6,0
U701476,FR,ios,zone_054,,13,5,1,20.45,0
U701477,FR,ios,zone_043,5.87,16,9,0,21.81,0
U701478,CH,android,zone_176,46.44,15,3,1,15.18,0
U701479,FR,ios,zone_139,30.88,13,10,1,28.75,0
U701480,IT,ios,zone_099,14.87,9,8,1,18.18,0
U701481,FR,ios,zone_109,32.61,11,9,1,10.09,0
U701482,DE,ios,zone_098,11.08,8,12,0,8.32,0
U701483,FR,ios,zone_047,19.89,8,5,0,24.03,0
U701484,DE,ios,zone_122,10.35,10,8,1,32.95,0
U701485,DE,web,zone_200,19.8,8,6,1,10.42,0
U701486,DE,ios,zone_082,8.04,12,6,2,24.94,0
U701487,FR,android,zone_086,20.74,7,3,1,18.87,0
U701488,FR,android,zone_037,19.69,8,11,0,14.8,0
U701489,CH,android,zone_180,30.98,11,15,0,19.38,0
U701490,FR,android,zone_033,18.62,10,14,2,23.44,0
U701491,FR,android,zone_088,14.45,5,9,1,25.28,0
U701492,FR,web,zone_132,10.04,9,6,0,17.65,0
U701493,ES,ios,zone_203,6.19,13,14,1,26.43,0
U701494,DE,android,zone_130,6.73,5,9,0,20.64,1
U701495,FR,android,zone_006,14.67,7,7,0,26.69,0
U701496,IT,web,zone_055,10.62,9,6,0,9.71,0
U701497,ES,ios,zone_197,11.35,4,9,1,24.79,0
U701498,FR,android,zone_035,4.27,11,11,0,18.83,0
U701499,CH,ios,zone_205,8.26,5,1,1,19.51,0
U701500,BE,web,zone_024,14.54,12,5,0,21.68,0
U701501,IT,ios,zone_186,14.43,6,8,0,22.81,0
U701502,CH,android,zone_015,8.69,7,3,1,12.39,0
U701503,FR,ios,zone_125,10.83,5,7,2,17.97,0
U701504,FR,android,zone_105,6.17,8,4,2,12.4,0
U701505,ES,ios,zone_217,10.35,4,7,1,24.63,0
U701506,IT,android,zone_099,5.26,10,10,0,12.23,0
U701507,ES,android,zone_072,23.39,7,10,1,29.74,0
U701508,ES,web,zone_083,4.19,10,7,1,21.89,0
U701509,DE,android,zone_151,4.06,11,5,0,17.14,0
U701510,ES,ios,zone_042,15.62,16,8,1,40.19,0
U701511,IT,android,zone_125,20.93,15,8,1,25.79,0
U701512,FR,ios,zone_070,26.56,10,11,1,24.8,0
U701513,ES,android,zone_037,12.34,9,11,0,25.09,0
U701514,BE,ios,zone_043,10.1,7,11,1,16.84,0
U701515,FR,web,zone_128,15.43,12,6,1,24.18,0
U701516,FR,web,zone_152,7.63,11,7,2,28.69,0
U701517,FR,android,zone_087,16.0,13,3,0,14.51,0
U701518,FR,android,zone_156,20.39,6,10,0,16.08,0
U701519,FR,android,zone_029,18.38,6,5,2,24.77,0
U701520,FR,android,zone_151,10.74,9,14,1,38.84,0
U701521,FR,android,zone_066,2.13,12,8,1,16.06,0
U701522,FR,web,zone_143,12.71,7,9,0,6.27,0
U701523,IT,ios,zone_000,9.75,12,6,0,10.2,0
U701524,FR,android,zone_163,13.83,11,10,0,21.67,0
U701525,DE,web,zone_216,14.37,10,9,0,22.92,0
U701526,FR,ios,zone_117,13.94,7,13,0,8.89,0
U701527,FR,android,zone_004,13.69,13,11,1,28.79,0
U701528,ES,ios,zone_165,3.92,9,8,0,13.46,1
U701529,DE,ios,zone_100,25.34,14,12,1,24.0,0
U701530,FR,android,zone_079,4.41,9,6,1,27.32,0
U701531,FR,android,zone_006,9.52,14,11,1,21.02,0
U701532,ES,ios,zone_187,20.53,10,7,0,25.92,0
U701533,FR,android,zone_096,24.43,6,6,0,8.88,0
U701534,IT,android,zone_046,16.7,7,6,1,23.96,0
U701535,ES,web,zone_150,12.38,11,6,1,8.01,1
U701536,FR,android,zone_207,10.32,12,9,0,6.35,0
U701537,FR,android,zone_129,15.86,10,8,0,18.0,0
U701538,ES,ios,zone_018,8.36,10,5,0,10.67,0
U701539,FR,web,zone_115,14.21,8,6,0,13.69,0
U701540,BE,android,zone_146,3.92,9,5,1,6.35,0
U701541,FR,ios,zone_029,15.88,11,6,0,27.24,0
U701542,FR,ios,zone_174,2.49,8,9,0,31.07,0
U701543,FR,android,zone_107,28.22,7,8,0,23.32,1
U701544,FR,android,zone_100,6.66,10,7,0,10.42,0
U701545,FR,android,zone_038,27.86,8,7,1,20.35,0
U701546,FR,android,zone_088,7.47,5,8,0,25.95,0
U701547,DE,web,zone_115,10.19,6,15,0,20.16,0
U701548,FR,ios,zone_191,23.41,7,4,0,36.06,0
U701549,FR,ios,zone_069,6.5,4,9,0,12.71,0
U701550,FR,ios,zone_129,1.58,11,7,1,17.71,0
U701551,FR,web,zone_103,43.39,9,8,0,29.5,0
U701552,FR,web,zone_168,10.47,10,0,1,32.77,1
U701553,IT,ios,zone_038,18.91,15,9,0,26.66,0
U701554,ES,ios,zone_204,15.02,12,10,0,13.23,0
U701555,BE,android,zone_061,21.48,13,13,3,20.87,0
U701556,IT,android,zone_110,15.76,9,3,0,11.0,0
U701557,FR,android,zone_130,3.19,6,8,0,25.98,0
U701558,ES,ios,zone_074,12.23,11,11,0,7.31,0
U701559,FR,android,zone_051,22.13,7,11,3,17.63,0
U701560,FR,android,zone_212,10.21,12,9,0,13.08,0
U701561,FR,ios,zone_111,14.98,13,7,0,13.74,1
U701562,ES,ios,zone_041,9.55,7,11,0,16.48,0
U701563,CH,android,zone_198,10.22,7,8,0,12.0,0
U701564,FR,ios,zone_166,,8,10,0,10.95,0
U701565,IT,web,zone_000,11.14,13,6,0,13.42,0
U701566,FR,android,zone_217,16.27,10,5,0,18.09,0
U701567,FR,android,zone_156,11.12,8,8,0,26.48,0
U701568,FR,web,zone_183,11.01,6,4,1,24.67,0
U701569,IT,ios,zone_133,7.53,7,4,0,18.64,0
U701570,FR,web,zone_183,6.76,7,7,1,19.54,0
U701571,ES,ios,zone_211,18.92,9,5,0,18.55,0
U701572,FR,web,zone_112,18.82,6,10,1,23.54,0
U701573,FR,android,zone_215,17.47,11,7,3,13.17,0
U701574,FR,ios,zone_003,,13,5,2,32.93,0
U701575,FR,ios,zone_179,2.52,10,5,0,26.17,0
U701576,FR,android,zone_064,11.16,4,7,0,17.93,0
U701577,DE,ios,zone_187,9.96,6,4,0,28.57,0
U701578,IT,web,zone_126,9.44,12,5,0,41.57,0
U701579,FR,android,zone_128,7.7,4,5,0,10.48,0
U701580,FR,web,zone_196,12.78,7,4,1,18.07,0
U701581,DE,ios,zone_090,1.0,3,9,0,34.72,0
U701582,ES,android,zone_176,6.2,10,12,0,24.62,0
U701583,BE,ios,zone_155,8.08,6,12,2,2.5,0
U701584,FR,android,zone_078,22.7,9,10,0,10.66,0
U701585,FR,android,zone_035,12.01,10,9,2,9.86,0
U701586,IT,web,zone_027,2.63,8,4,0,14.37,0
U701587,FR,web,zone_152,1.97,9,6,1,11.92,0
U701588,FR,android,zone_039,32.24,7,13,0,17.88,0
U701589,FR,ios,zone_128,38.16,6,9,1,25.23,0
U701590,CH,android,zone_050,15.98,8,4,1,24.44,0
U701591,BE,android,zone_040,9.2,12,6,1,21.1,0
U701592,ES,android,zone_029,13.7,9,12,0,17.99,0
U701593,BE,ios,zone_071,13.44,8,9,0,29.36,0
U701594,ES,android,zone_153,40.97,6,10,0,17.39,0
U701595,DE,android,zone_042,24.06,5,7,1,27.32,0
U701596,FR,ios,zone_078,12.72,5,7,3,24.33,0
U701597,FR,android,zone_033,23.89,0,11,1,20.73,0
U701598,FR,web,zone_135,4.33,9,6,2,24.7,0
U701599,FR,android,zone_086,3.89,6,13,1,28.37,0
U701600,IT,web,zone_176,20.96,14,7,2,16.18,0
U701601,FR,android,zone_201,17.18,9,10,0,14.45,1
U701602,DE,web,zone_003,6.96,9,14,1,9.97,0
U701603,IT,android,zone_042,28.1,9,7,0,27.81,0
U701604,FR,android,zone_101,18.92,5,7,0,19.57,0
U701605,FR,android,zone_023,4.62,12,10,0,23.64,0
U701606,ES,ios,zone_218,9.18,13,5,2,10.78,0
U701607,BE,web,zone_212,1.15,7,13,1,24.33,0
U701608,ES,web,zone_029,25.62,6,16,1,23.14,0
U701609,FR,android,zone_100,15.03,4,12,0,32.82,0
U701610,FR,android,zone_073,2.07,12,11,1,13.65,0
U701611,ES,android,zone_066,11.39,11,10,0,18.59,0
U701612,IT,web,zone_077,7.05,6,9,0,6.03,0
U701613,DE,ios,zone_137,16.12,10,7,0,16.1,0
U701614,ES,ios,zone_112,4.07,8,10,0,25.35,0
U701615,FR,ios,zone_197,17.62,12,9,0,26.33,0
U701616,FR,web,zone_108,29.93,7,9,1,29.31,0
U701617,FR,android,zone_179,,8,7,0,25.01,0
U701618,BE,android,zone_028,7.04,11,5,1,27.96,0
U701619,ES,web,zone_048,10.68,10,8,0,12.97,0
U701620,FR,android,zone_081,1.72,13,12,0,22.78,0
U701621,FR,ios,zone_131,11.66,7,8,0,26.86,0
U701622,BE,android,zone_106,11.97,9,6,0,14.39,0
U701623,FR,android,zone_093,18.9,15,11,1,20.97,0
U701624,IT,android,zone_118,16.1,4,4,2,9.29,0
U701625,FR,android,zone_139,11.39,9,10,0,26.0,0
U701626,IT,ios,zone_025,10.49,11,4,0,9.68,0
U701627,FR,ios,zone_027,20.88,9,6,0,27.92,0
U701628,BE,web,zone_183,32.29,11,8,1,13.43,0
U701629,DE,android,zone_184,14.76,8,7,1,34.34,0
U701630,FR,android,zone_136,42.28,11,7,0,18.66,0
U701631,BE,android,zone_178,33.36,8,9,0,7.3,0
U701632,FR,android,zone_088,7.37,12,7,0,22.53,0
U701633,FR,android,zone_134,3.4,8,12,0,21.51,0
U701634,FR,ios,zone_139,8.62,12,10,0,11.88,0
U701635,FR,android,zone_020,11.17,9,10,2,20.2,0
U701636,FR,web,zone_118,,5,7,0,26.05,0
U701637,IT,android,zone_198,8.42,11,10,0,22.24,0
U701638,IT,web,zone_128,27.26,4,8,1,17.32,0
U701639,FR,android,zone_152,21.07,6,9,0,17.6,0
U701640,ES,web,zone_112,14.18,9,13,2,6.22,0
U701641,ES,android,zone_066,8.44,7,10,0,11.35,0
U701642,FR,web,zone_078,21.59,7,5,0,19.07,0
U701643,FR,ios,zone_139,16.4,14,4,1,13.66,0
U701644,ES,ios,zone_163,22.12,17,8,0,15.25,0
U701645,FR,android,zone_102,3.72,6,8,0,13.96,0
U701646,FR,android,zone_108,8.96,5,6,0,24.79,0
U701647,FR,ios,zone_142,33.85,10,9,0,30.83,0
U701648,CH,ios,zone_186,13.35,13,12,2,16.04,0
U701649,FR,ios,zone_126,22.68,13,13,3,18.38,0
U701650,FR,ios,zone_104,9.95,8,6,0,2.64,0
U701651,FR,web,zone_047,11.16,9,9,2,13.35,1
U701652,FR,android,zone_155,11.81,16,5,1,35.48,0
U701653,ES,web,zone_101,14.76,11,5,0,32.63,0
U701654,ES,ios,zone_202,24.19,11,5,0,35.31,0
U701655,DE,android,zone_118,5.29,5,3,1,27.02,0
U701656,FR,android,zone_034,11.87,10,8,2,25.55,1
U701657,FR,web,zone_103,20.91,11,5,1,15.7,0
U701658,FR,ios,zone_058,3.52,7,4,0,26.99,0
U701659,FR,android,zone_119,5.16,8,5,0,17.19,0
U701660,IT,ios,zone_189,0.97,5,6,1,15.36,0
U701661,FR,android,zone_009,13.58,14,12,0,25.98,0
U701662,ES,android,zone_164,14.7,3,7,0,24.16,0
U701663,FR,ios,zone_195,31.14,14,7,0,26.05,0
U701664,IT,ios,zone_205,3.91,9,2,1,21.67,0
U701665,FR,ios,zone_085,6.36,9,7,0,32.98,0
U701666,CH,ios,zone_210,31.97,7,5,2,22.44,0
U701667,FR,ios,zone_146,16.65,13,10,2,18.15,0
U701668,FR,web,zone_156,10.46,11,10,0,19.78,0
U701669,FR,android,zone_128,12.87,10,7,1,27.64,1
U701670,FR,ios,zone_072,19.94,9,5,0,27.95,0
U701671,ES,ios,zone_200,10.77,5,11,0,25.92,0
U701672,CH,ios,zone_003,19.45,7,9,1,31.92,0
U701673,ES,android,zone_186,29.36,10,11,1,24.6,0
U701674,ES,ios,zone_138,35.75,9,8,0,11.54,0
U701675,BE,android,zone_169,44.66,9,7,0,20.89,0
U701676,CH,web,zone_134,16.99,8,4,0,24.79,0
U701677,FR,android,zone_124,11.06,7,14,0,6.2,0
U701678,FR,android,zone_121,16.96,9,10,2,1.55,0
U701679,DE,ios,zone_113,11.46,8,7,0,12.14,0
U701680,FR,android,zone_025,7.88,9,4,0,24.09,0
U701681,IT,android,zone_076,16.98,9,8,0,15.55,0
U701682,DE,ios,zone_069,11.72,2,7,2,23.18,0
U701683,ES,web,zone_075,4.33,6,10,1,13.47,0
U701684,DE,android,zone_039,8.85,9,6,0,13.77,0
U701685,FR,ios,zone_036,15.09,12,10,1,32.41,0
U701686,BE,android,zone_170,9.86,5,10,1,20.24,0
U701687,FR,android,zone_077,13.21,5,4,2,19.06,0
U701688,BE,web,zone_002,5.17,5,7,0,20.74,0
U701689,FR,android,zone_171,6.48,5,5,0,26.83,0
U701690,ES,ios,zone_080,16.19,11,7,0,29.79,0
U701691,FR,android,zone_123,7.51,11,10,0,28.89,0
U701692,FR,android,zone_200,9.96,9,10,0,33.83,0
U701693,ES,android,zone_105,16.17,11,5,0,27.59,0
U701694,FR,android,zone_211,16.53,11,9,0,32.13,0
U701695,ES,web,zone_183,5.51,12,7,1,20.15,0
U701696,CH,ios,zone_128,26.3,11,7,2,37.58,0
U701697,IT,android,zone_146,18.02,9,7,0,7.48,0
U701698,ES,android,zone_127,30.41,8,5,1,7.48,0
U701699,FR,android,zone_093,14.97,6,8,1,21.99,0
U701700,FR,web,zone_207,25.1,9,8,0,24.54,1
U701701,IT,android,zone_035,18.11,9,9,0,16.39,0
U701702,FR,ios,zone_216,19.04,8,14,0,24.02,0
U701703,BE,android,zone_211,25.74,7,5,2,19.18,0
U701704,CH,android,zone_059,10.42,10,7,1,9.57,0
U701705,FR,android,zone_050,4.42,10,12,1,16.14,1
U701706,FR,ios,zone_068,5.5,8,5,1,22.52,0
U701707,BE,android,zone_163,12.01,8,8,0,15.58,0
U701708,FR,web,zone_175,37.67,8,10,0,19.78,0
U701709,FR,android,zone_004,34.27,5,6,1,26.53,0
U701710,ES,android,zone_215,35.62,8,13,0,23.0,0
U701711,FR,android,zone_171,44.16,14,10,1,25.81,0
U701712,ES,android,zone_019,24.94,12,8,1,14.47,0
U701713,FR,ios,zone_156,5.35,8,4,1,16.95,0
U701714,FR,ios,zone_049,6.81,10,6,0,17.79,0
U701715,BE,ios,zone_140,5.15,7,12,0,20.35,0
U701716,FR,web,zone_006,40.47,5,7,0,14.84,0
U701717,FR,android,zone_050,8.83,10,14,0,29.13,0
U701718,BE,ios,zone_065,11.95,11,9,0,22.63,0
U701719,DE,web,zone_197,16.9,5,8,1,29.07,0
U701720,BE,web,zone_217,8.21,11,12,1,22.9,0
U701721,FR,android,zone_078,3.11,12,10,0,30.8,0
U701722,FR,android,zone_077,7.44,11,8,1,25.97,0
U701723,BE,ios,zone_059,18.11,7,8,1,8.78,0
U701724,FR,web,zone_186,10.72,7,9,2,19.65,0
U701725,IT,android,zone_031,14.85,9,5,1,17.96,0
U701726,FR,android,zone_214,15.48,8,11,0,24.99,0
U701727,FR,android,zone_121,23.31,11,9,2,20.82,0
U701728,IT,web,zone_090,9.68,4,11,2,19.28,1
U701729,IT,web,zone_171,19.65,5,12,0,24.72,0
U701730,FR,android,zone_108,18.62,14,5,2,24.13,0
U701731,CH,ios,zone_040,15.02,10,7,1,18.56,0
U701732,FR,android,zone_180,31.42,8,12,0,24.64,0
U701733,IT,android,zone_107,12.58,5,7,1,23.51,0
U701734,DE,ios,zone_172,9.91,10,10,0,7.46,0
U701735,FR,ios,zone_196,6.08,10,12,1,29.54,0
U701736,FR,android,zone_019,6.18,8,3,0,39.52,0
U701737,FR,ios,zone_159,30.01,7,10,0,9.47,0
U701738,DE,android,zone_168,4.72,8,9,0,17.76,0
U701739,BE,ios,zone_054,12.76,7,7,3,20.9,0
U701740,FR,android,zone_016,9.38,9,6,0,6.72,0
U701741,ES,android,zone_088,,8,4,1,20.38,0
U701742,FR,web,zone_071,,8,7,2,29.64,0
U701743,ES,android,zone_024,6.78,11,6,1,19.58,0
U701744,DE,ios,zone_022,39.2,7,5,2,23.01,0
U701745,FR,ios,zone_015,28.71,8,7,0,30.34,0
U701746,FR,android,zone_199,17.5,8,7,0,23.6,0
U701747,FR,web,zone_155,25.48,7,9,2,26.33,0
U701748,CH,ios,zone_003,5.8,7,4,0,27.51,0
U701749,FR,android,zone_024,8.69,7,6,0,14.17,0
U701750,FR,android,zone_147,11.81,19,6,0,4.18,0
U701751,DE,web,zone_143,11.12,9,10,0,21.52,0
U701752,DE,android,zone_076,4.82,9,6,0,34.46,0
U701753,IT,android,zone_192,22.42,12,9,0,20.75,0
U701754,FR,android,zone_074,5.81,10,10,0,20.69,0
U701755,FR,android,zone_019,4.49,12,10,0,24.7,0
U701756,DE,android,zone_097,4.13,11,5,1,25.13,0
U701757,ES,android,zone_047,3.45,15,9,0,27.58,0
U701758,FR,ios,zone_035,15.06,16,11,1,18.07,0
U701759,FR,ios,zone_009,12.16,12,10,0,17.94,0
U701760,CH,web,zone_186,18.02,9,9,0,17.77,0
U701761,ES,android,zone_137,13.43,6,12,0,34.96,0
U701762,ES,ios,zone_077,16.87,9,7,2,19.6,0
U701763,FR,ios,zone_058,6.93,5,8,1,4.56,0
U701764,FR,web,zone_027,20.78,11,7,1,17.33,0
U701765,BE,web,zone_128,6.0,5,14,1,9.37,0
U701766,ES,android,zone_162,6.81,13,6,0,12.48,0
U701767,FR,web,zone_166,26.1,8,10,0,13.55,0
U701768,CH,ios,zone_142,6.36,9,5,1,22.79,0
U701769,FR,web,zone_080,4.64,9,6,0,13.67,0
U701770,FR,android,zone_117,14.71,7,11,0,30.53,0
U701771,FR,android,zone_034,17.97,11,12,0,15.26,0
U701772,FR,ios,zone_018,6.73,9,4,3,10.9,0
U701773,FR,ios,zone_016,25.88,7,7,2,21.94,0
U701774,BE,ios,zone_005,7.0,9,9,1,17.66,0
U701775,FR,android,zone_129,19.4,9,7,0,43.58,0
U701776,DE,ios,zone_034,6.25,12,6,1,11.14,0
U701777,FR,android,zone_014,27.8,7,10,0,30.7,0
U701778,FR,web,zone_174,27.96,12,5,1,21.29,0
U701779,FR,android,zone_152,14.47,3,13,2,21.54,0
U701780,ES,web,zone_124,30.56,6,5,1,19.02,0
U701781,FR,android,zone_012,,9,7,0,30.52,0
U701782,FR,android,zone_197,23.65,11,8,0,24.4,0
U701783,ES,ios,zone_061,31.19,8,9,0,27.53,0
U701784,FR,web,zone_091,,13,5,0,13.9,0
U701785,FR,android,zone_176,8.11,16,6,1,26.63,0
U701786,FR,android,zone_000,7.49,6,13,1,12.78,0
U701787,FR,web,zone_176,14.35,10,9,1,26.65,0
U701788,IT,web,zone_044,12.1,6,8,1,16.88,0
U701789,BE,android,zone_062,6.61,13,4,1,13.82,0
U701790,FR,android,zone_202,5.56,8,10,0,24.84,0
U701791,FR,web,zone_107,16.99,10,3,0,12.96,1
U701792,CH,ios,zone_125,36.94,9,10,2,20.86,0
U701793,ES,web,zone_134,6.71,6,6,1,17.09,0
U701794,FR,web,zone_156,11.68,7,9,2,23.66,0
U701795,BE,ios,zone_125,27.31,7,11,0,32.17,0
U701796,FR,ios,zone_193,29.15,8,8,0,21.88,0
U701797,FR,ios,zone_194,7.72,10,6,0,24.19,0
U701798,FR,web,zone_163,,7,8,0,23.46,0
U701799,FR,android,zone_116,3.32,7,13,1,16.76,0
U701800,FR,ios,zone_090,11.46,10,12,0,23.92,0
U701801,FR,android,zone_135,11.56,6,11,1,26.74,0
U701802,DE,ios,zone_152,,14,7,0,20.08,0
U701803,ES,web,zone_147,11.99,9,7,0,7.29,0
U701804,DE,ios,zone_167,23.53,12,12,1,22.82,0
U701805,FR,ios,zone_084,2.87,8,5,0,24.24,0
U701806,ES,android,zone_218,23.87,8,10,0,24.05,0
U701807,BE,ios,zone_184,15.4,10,5,0,26.88,0
U701808,FR,web,zone_196,8.9,10,6,0,15.63,0
U701809,FR,android,zone_036,14.76,7,7,2,17.52,0
U701810,BE,android,zone_200,17.2,9,15,1,27.73,0
U701811,FR,ios,zone_156,19.78,15,6,0,11.59,0
U701812,FR,android,zone_172,10.25,13,8,0,13.9,0
U701813,CH,ios,zone_035,10.29,9,8,1,32.19,0
U701814,ES,web,zone_175,4.51,9,12,0,10.87,0
U701815,FR,android,zone_049,27.38,8,11,0,18.53,1
U701816,FR,web,zone_152,12.53,8,5,1,7.84,0
U701817,ES,ios,zone_175,4.11,9,5,1,26.7,0
U701818,FR,android,zone_003,10.11,9,7,0,16.65,0
U701819,FR,android,zone_140,8.99,11,13,1,16.11,0
U701820,BE,android,zone_182,26.05,5,10,0,14.73,0
U701821,IT,ios,zone_137,33.61,10,10,1,33.13,0
U701822,IT,android,zone_216,15.04,16,11,0,31.62,0
U701823,DE,web,zone_079,19.33,6,6,3,25.26,0
U701824,IT,ios,zone_150,14.1,17,7,0,17.16,0
U701825,DE,android,zone_208,17.06,9,9,1,23.12,0
U701826,FR,ios,zone_072,2.08,7,7,0,16.12,0
U701827,DE,ios,zone_071,34.72,7,9,0,16.11,0
U701828,ES,ios,zone_146,18.65,5,12,1,22.04,0
U701829,ES,ios,zone_034,7.46,6,9,0,17.31,0
U701830,DE,ios,zone_209,11.91,6,12,0,28.79,0
U701831,FR,android,zone_074,9.19,8,6,2,37.04,0
U701832,FR,web,zone_010,16.95,11,3,0,5.1,0
U701833,ES,web,zone_032,34.24,11,17,1,23.77,0
U701834,FR,ios,zone_176,36.92,8,13,1,10.69,1
U701835,FR,ios,zone_215,12.76,8,12,0,21.32,0
U701836,FR,web,zone_081,19.16,14,6,0,17.44,0
U701837,BE,android,zone_203,11.47,10,10,1,14.83,0
U701838,FR,android,zone_124,9.86,14,6,1,14.23,0
U701839,FR,android,zone_170,10.12,15,7,1,20.93,0
U701840,IT,web,zone_113,31.41,10,12,0,11.11,0
U701841,ES,web,zone_160,16.9,13,12,0,15.45,0
U701842,FR,web,zone_185,23.14,9,11,0,22.38,0
U701843,ES,android,zone_018,9.66,8,9,1,17.94,0
U701844,FR,android,zone_038,9.51,9,14,1,26.34,0
U701845,FR,ios,zone_084,10.05,9,10,0,14.6,0
U701846,DE,ios,zone_010,12.9,3,6,0,24.25,0
U701847,DE,ios,zone_064,7.32,13,8,2,10.24,0
U701848,CH,android,zone_179,12.71,11,6,1,35.45,0
U701849,FR,ios,zone_018,7.64,6,12,0,22.76,0
U701850,ES,web,zone_164,18.0,12,9,1,22.14,0
U701851,ES,web,zone_185,22.73,7,9,1,23.23,0
U701852,FR,android,zone_198,6.19,11,11,0,15.32,0
U701853,FR,android,zone_204,30.31,6,13,0,10.04,0
U701854,DE,android,zone_128,23.46,9,5,0,28.27,0
U701855,DE,android,zone_151,9.36,4,13,0,20.37,0
U701856,FR,android,zone_115,25.56,10,11,0,20.08,0
U701857,DE,android,zone_040,6.19,9,4,0,8.36,0
U701858,FR,ios,zone_195,20.65,9,9,0,29.74,0
U701859,FR,android,zone_190,11.16,10,6,0,27.16,0
U701860,FR,ios,zone_137,16.01,10,8,0,15.28,0
U701861,FR,android,zone_160,13.5,6,6,0,16.98,0
U701862,ES,android,zone_142,12.35,8,8,0,11.91,0
U701863,BE,web,zone_018,35.66,4,10,2,14.5,0
U701864,FR,web,zone_050,14.79,7,9,0,26.14,0
U701865,CH,ios,zone_152,23.49,8,7,1,19.99,0
U701866,FR,ios,zone_045,4.9,8,4,0,15.41,0
U701867,FR,ios,zone_018,13.64,4,5,0,18.93,0
U701868,IT,android,zone_105,5.37,5,4,2,18.7,0
U701869,FR,web,zone_076,22.61,15,8,1,9.29,0
U701870,ES,android,zone_107,2.87,11,8,1,19.44,0
U701871,BE,android,zone_008,16.36,6,6,2,15.42,0
U701872,CH,ios,zone_139,14.18,5,9,1,10.64,0
U701873,BE,web,zone_167,19.34,11,7,1,24.72,0
U701874,FR,android,zone_053,22.03,11,8,0,12.6,0
U701875,IT,android,zone_127,15.85,8,11,0,15.16,0
U701876,FR,ios,zone_032,22.09,13,5,1,25.17,0
U701877,CH,ios,zone_099,24.25,9,9,0,22.39,0
U701878,BE,android,zone_213,11.87,5,11,0,9.76,0
U701879,FR,android,zone_176,15.08,11,6,0,20.47,1
U701880,FR,ios,zone_024,9.31,8,7,0,16.69,0
U701881,ES,ios,zone_174,36.02,6,8,1,17.97,0
U701882,FR,ios,zone_144,5.14,5,8,1,28.27,0
U701883,DE,ios,zone_131,32.89,7,9,0,30.24,0
U701884,ES,web,zone_215,19.89,20,4,0,31.07,0
U701885,ES,android,zone_000,18.63,12,5,0,11.8,1
U701886,FR,ios,zone_035,14.9,10,6,0,28.68,0
U701887,IT,android,zone_218,13.32,6,9,1,4.81,0
U701888,FR,ios,zone_105,27.73,10,6,0,33.11,0
U701889,FR,ios,zone_200,1.68,13,3,2,14.04,0
U701890,FR,ios,zone_010,11.32,9,7,0,41.36,0
U701891,IT,ios,zone_104,13.59,9,9,1,12.63,0
U701892,ES,ios,zone_205,5.68,8,8,1,10.49,0
U701893,FR,ios,zone_191,23.85,6,10,1,23.51,0
U701894,ES,android,zone_205,4.36,6,7,0,33.72,0
U701895,FR,android,zone_076,9.74,9,8,1,18.33,0
U701896,FR,ios,zone_124,11.8,12,7,0,19.58,0
U701897,FR,android,zone_042,3.92,9,9,1,12.43,0
U701898,FR,web,zone_012,9.97,10,11,0,28.94,0
U701899,IT,ios,zone_076,14.07,6,6,0,23.87,0
U701900,CH,android,zone_161,27.97,17,5,0,17.6,0
U701901,FR,android,zone_175,6.67,11,7,1,25.15,0
U701902,FR,ios,zone_039,14.24,14,9,1,32.29,0
U701903,DE,android,zone_009,13.27,11,4,1,17.11,0
U701904,FR,android,zone_201,10.1,11,7,0,19.27,0
U701905,DE,web,zone_199,7.31,5,9,0,33.91,0
U701906,FR,android,zone_025,20.44,11,14,1,28.29,0
U701907,FR,android,zone_196,24.23,10,8,0,17.93,0
U701908,BE,ios,zone_189,11.64,8,8,1,11.71,0
U701909,FR,android,zone_023,9.41,8,6,1,20.59,1
U701910,ES,web,zone_135,20.31,11,7,0,25.46,0
U701911,DE,ios,zone_085,8.94,5,6,1,21.57,0
U701912,FR,android,zone_082,15.96,9,7,1,14.74,0
U701913,FR,ios,zone_174,17.7,6,5,2,15.12,0
U701914,DE,web,zone_086,5.2,9,4,0,28.38,0
U701915,BE,ios,zone_213,35.46,5,5,0,17.79,0
U701916,FR,ios,zone_022,17.46,10,6,1,22.73,0
U701917,BE,web,zone_179,7.61,9,5,1,23.68,0
U701918,FR,ios,zone_111,15.75,5,5,0,12.84,0
U701919,IT,android,zone_035,15.18,6,8,1,13.18,0
U701920,ES,ios,zone_002,35.11,8,3,0,11.1,0
U701921,FR,web,zone_067,25.62,12,11,1,19.34,0
U701922,FR,android,zone_173,39.58,6,8,0,17.94,0
U701923,ES,ios,zone_079,,10,9,0,14.93,0
U701924,BE,android,zone_100,4.85,15,9,1,10.54,0
U701925,FR,ios,zone_059,6.86,9,8,0,22.77,0
U701926,FR,ios,zone_050,4.64,8,13,1,9.09,0
U701927,BE,web,zone_108,30.44,7,11,3,19.18,1
U701928,IT,android,zone_169,5.83,12,5,0,31.46,0
U701929,FR,ios,zone_125,8.28,10,10,0,10.17,0
U701930,ES,android,zone_023,,9,12,1,16.26,0
U701931,FR,android,zone_138,35.59,13,9,2,27.97,0
U701932,ES,web,zone_134,39.75,5,7,3,17.74,0
U701933,ES,android,zone_028,21.6,9,8,0,17.32,0
U701934,FR,ios,zone_139,11.9,7,6,0,20.62,0
U701935,IT,web,zone_024,27.1,14,8,1,24.85,0
U701936,IT,android,zone_157,20.35,12,4,0,24.5,0
U701937,CH,android,zone_163,18.27,14,7,0,7.22,0
U701938,ES,android,zone_028,16.07,8,5,1,17.74,0
U701939,FR,android,zone_211,13.28,7,4,0,23.21,0
U701940,FR,android,zone_053,3.54,6,6,0,14.48,0
U701941,FR,ios,zone_105,18.03,7,8,0,20.01,0
U701942,DE,android,zone_084,4.46,12,9,0,1.89,0
U701943,BE,android,zone_177,14.14,12,5,2,14.4,0
U701944,IT,android,zone_056,,8,11,1,24.71,0
U701945,IT,web,zone_023,13.29,7,12,0,17.18,0
U701946,FR,ios,zone_166,4.5,6,8,0,23.38,0
U701947,ES,android,zone_047,20.0,7,8,0,10.79,0
U701948,CH,android,zone_127,11.0,11,6,0,4.66,0
U701949,IT,android,zone_204,8.69,11,3,0,33.14,0
U701950,FR,ios,zone_026,14.8,8,11,1,16.37,0
U701951,FR,android,zone_187,,10,7,0,21.16,0
U701952,FR,android,zone_053,0.55,12,6,0,8.27,1
U701953,FR,android,zone_098,8.74,8,7,1,18.49,0
U701954,DE,web,zone_106,17.13,15,7,0,16.34,0
U701955,FR,ios,zone_216,21.4,15,2,1,18.87,0
U701956,IT,android,zone_100,6.88,10,8,1,16.15,1
U701957,DE,android,zone_177,8.52,9,12,0,29.22,0
U701958,IT,android,zone_001,23.81,11,11,0,18.5,0
U701959,FR,ios,zone_104,10.91,10,4,0,23.81,0
U701960,FR,web,zone_102,15.84,8,7,0,11.01,1
U701961,IT,web,zone_048,,13,9,0,18.32,0
U701962,FR,android,zone_194,27.08,13,8,0,24.92,0
U701963,FR,ios,zone_087,5.12,10,6,1,27.4,0
U701964,FR,web,zone_139,8.36,7,8,0,21.97,0
U701965,FR,android,zone_123,7.68,9,4,2,20.14,0
U701966,DE,android,zone_102,7.34,6,10,2,13.19,0
U701967,IT,ios,zone_038,15.24,8,10,0,28.48,0
U701968,ES,android,zone_117,19.41,8,5,0,23.57,0
U701969,FR,android,zone_047,18.34,10,12,0,9.55,0
U701970,ES,ios,zone_176,9.04,5,8,0,0.0,0
U701971,FR,android,zone_091,8.17,12,4,0,23.55,0
U701972,FR,ios,zone_049,18.99,11,7,0,23.43,0
U701973,FR,android,zone_058,6.05,11,11,3,12.56,0
U701974,DE,android,zone_078,7.94,10,7,0,20.35,0
U701975,FR,android,zone_079,25.06,11,5,0,32.24,0
U701976,IT,android,zone_120,16.09,12,9,2,13.02,0
U701977,FR,android,zone_200,20.62,16,3,0,5.63,0
U701978,FR,android,zone_051,31.6,9,11,0,14.59,1
U701979,IT,android,zone_146,6.8,9,7,0,19.7,0
U701980,FR,ios,zone_219,5.66,12,3,0,27.15,0
U701981,BE,android,zone_143,10.51,6,12,0,15.51,0
U701982,FR,ios,zone_072,,10,8,4,25.38,0
U701983,FR,android,zone_177,6.89,15,12,1,17.52,0
U701984,DE,android,zone_101,22.46,9,8,2,26.43,0
U701985,FR,ios,zone_121,1.2,12,10,1,14.19,0
U701986,FR,android,zone_146,18.38,9,11,1,20.43,0
U701987,FR,android,zone_109,3.11,16,10,1,14.81,0
U701988,FR,ios,zone_213,14.18,7,7,0,22.39,0
U701989,DE,android,zone_049,41.02,8,4,0,11.79,0
U701990,FR,web,zone_123,20.78,13,5,1,23.2,0
U701991,FR,android,zone_219,30.49,14,6,0,8.6,0
U701992,FR,web,zone_040,13.06,9,4,0,15.67,0
U701993,FR,android,zone_158,20.68,17,6,0,21.07,0
U701994,FR,ios,zone_028,19.8,6,5,0,23.54,0
U701995,DE,ios,zone_150,4.09,7,15,0,26.84,0
U701996,IT,ios,zone_167,6.08,14,8,0,13.1,0
U701997,FR,ios,zone_074,3.91,9,8,0,12.48,0
U701998,IT,ios,zone_045,36.27,10,8,0,22.39,0
U701999,CH,ios,zone_043,28.78,7,15,0,22.97,0
U702000,FR,android,zone_188,12.2,8,11,1,12.35,0
U702001,FR,android,zone_153,7.12,6,14,0,20.42,0
U702002,FR,ios,zone_218,8.08,10,4,0,17.05,0
U702003,FR,web,zone_094,8.91,4,6,0,27.06,0
U702004,IT,android,zone_075,1.75,7,5,0,20.76,0
U702005,FR,web,zone_134,3.48,7,6,0,36.81,0
U702006,FR,ios,zone_206,7.27,12,6,0,21.6,0
U702007,DE,ios,zone_025,28.59,10,11,0,23.67,0
U702008,FR,android,zone_104,28.96,11,6,1,23.12,0
U702009,FR,web,zone_186,9.39,8,10,2,12.58,0
U702010,FR,web,zone_036,37.58,3,6,0,0.0,0
U702011,IT,web,zone_169,19.4,10,8,2,16.44,0
U702012,BE,ios,zone_112,41.22,9,8,1,28.4,0
U702013,FR,android,zone_172,24.63,8,4,1,16.01,0
U702014,ES,web,zone_136,5.06,6,14,0,18.15,0
U702015,FR,web,zone_166,16.27,11,13,1,25.83,0
U702016,FR,android,zone_117,18.73,12,7,0,27.22,0
U702017,BE,android,zone_050,13.12,10,6,1,20.66,0
U702018,FR,android,zone_166,4.94,5,11,2,24.96,0
U702019,FR,android,zone_004,12.19,14,5,0,24.1,0
U702020,BE,android,zone_149,19.94,6,9,1,17.06,0
U702021,IT,ios,zone_130,17.59,4,9,0,26.94,0
U702022,FR,ios,zone_174,1.61,8,8,0,21.08,0
U702023,IT,android,zone_118,39.2,8,6,0,30.05,0
U702024,FR,android,zone_007,11.14,13,4,0,24.48,0
U702025,DE,web,zone_110,8.5,8,6,0,33.41,0
U702026,BE,ios,zone_152,9.39,9,10,1,12.32,0
U702027,FR,ios,zone_091,7.0,12,8,1,16.17,0
U702028,FR,ios,zone_188,13.31,6,4,0,31.9,0
U702029,BE,ios,zone_134,9.92,6,8,0,15.96,0
U702030,IT,ios,zone_029,26.5,7,4,4,28.05,0
U702031,FR,ios,zone_118,11.51,12,4,0,18.79,0
U702032,FR,web,zone_140,13.9,10,5,1,16.65,0
U702033,FR,web,zone_166,10.12,7,11,0,19.9,0
U702034,FR,android,zone_062,6.36,11,7,3,23.39,1
U702035,FR,ios,zone_190,13.75,12,8,0,9.64,0
U702036,IT,android,zone_178,27.96,7,8,1,17.96,0
U702037,ES,ios,zone_038,19.23,8,10,0,27.26,0
U702038,IT,ios,zone_215,10.25,7,4,0,31.95,0
U702039,IT,web,zone_125,32.21,8,6,0,13.49,0
U702040,IT,android,zone_209,23.15,19,7,1,17.32,0
U702041,FR,android,zone_115,28.83,13,4,0,11.1,0
U702042,FR,android,zone_055,22.5,6,5,0,28.49,0
U702043,FR,ios,zone_131,33.88,5,8,3,13.07,0
U702044,BE,web,zone_103,2.91,7,10,1,28.56,0
U702045,DE,web,zone_039,9.3,11,9,0,8.9,0
U702046,IT,android,zone_219,8.8,14,7,0,31.13,0
U702047,FR,android,zone_042,8.3,11,9,0,17.05,0
U702048,ES,web,zone_072,13.74,6,6,0,24.31,0
U702049,ES,android,zone_069,16.58,8,5,1,17.79,0
U702050,ES,web,zone_037,10.68,5,11,0,11.16,0
U702051,FR,android,zone_105,3.45,11,8,1,22.72,0
U702052,FR,ios,zone_009,37.68,11,5,2,9.56,0
U702053,FR,ios,zone_070,12.84,7,7,1,13.99,0
U702054,FR,ios,zone_112,11.88,13,8,1,30.38,0
U702055,DE,ios,zone_086,7.89,8,9,1,23.05,0
U702056,IT,android,zone_078,24.21,7,5,0,14.42,0
U702057,DE,android,zone_021,29.84,8,5,0,13.48,0
U702058,FR,android,zone_056,6.59,5,9,1,30.92,0
U702059,FR,android,zone_117,16.24,14,4,1,23.94,0
U702060,DE,ios,zone_200,31.14,9,7,1,23.01,1
U702061,FR,ios,zone_041,6.52,11,6,0,27.52,0
U702062,FR,web,zone_161,21.31,9,9,0,16.93,0
U702063,FR,android,zone_180,21.98,7,5,2,26.94,0
U702064,ES,android,zone_098,12.01,11,6,0,18.36,0
U702065,ES,ios,zone_116,7.8,12,8,0,18.86,0
U702066,ES,ios,zone_128,12.88,12,8,0,22.38,0
U702067,FR,ios,zone_069,6.07,8,5,0,0.0,0
U702068,FR,ios,zone_182,7.97,9,4,1,22.38,0
U702069,FR,web,zone_070,10.27,7,8,0,36.17,0
U702070,FR,android,zone_112,1.25,8,5,0,35.19,0
U702071,DE,ios,zone_048,11.75,2,9,2,54.95,1
U702072,FR,android,zone_061,14.75,13,14,1,22.74,0
U702073,ES,android,zone_089,16.59,6,7,0,27.92,0
U702074,ES,ios,zone_197,15.55,9,10,0,13.67,0
U702075,FR,ios,zone_188,31.92,11,4,0,19.27,0
U702076,FR,android,zone_016,1.4,14,8,0,12.55,1
U702077,FR,web,zone_102,9.34,9,8,0,24.71,0
U702078,FR,android,zone_181,10.2,7,10,2,14.11,0
U702079,FR,android,zone_139,6.26,12,8,0,37.16,0
U702080,FR,ios,zone_149,11.97,12,9,0,31.78,1
U702081,FR,ios,zone_188,4.52,7,8,1,12.6,0
U702082,BE,ios,zone_046,4.35,3,10,0,28.57,0
U702083,FR,android,zone_145,20.68,11,5,3,26.82,0
U702084,DE,android,zone_152,26.9,14,8,0,27.0,0
U702085,FR,android,zone_014,14.2,11,6,1,23.21,0
U702086,FR,web,zone_169,9.35,10,7,1,30.69,0
U702087,FR,ios,zone_090,9.71,11,8,0,27.96,0
U702088,FR,android,zone_088,,12,8,3,13.77,0
U702089,FR,ios,zone_040,9.34,7,7,2,0.0,0
U702090,FR,ios,zone_161,10.12,11,4,0,14.64,0
U702091,FR,ios,zone_077,11.54,6,6,0,14.39,0
U702092,FR,android,zone_142,15.94,13,7,0,12.58,0
U702093,FR,android,zone_135,11.57,4,17,1,18.27,0
U702094,ES,web,zone_196,39.29,9,11,1,14.02,0
U702095,FR,ios,zone_035,6.34,6,12,0,16.94,0
U702096,FR,web,zone_030,17.51,9,8,0,15.24,0
U702097,FR,android,zone_090,21.59,7,9,1,28.09,0
U702098,BE,ios,zone_062,14.91,10,7,1,4.56,0
U702099,CH,ios,zone_146,7.47,8,15,0,21.31,0
U702100,FR,web,zone_029,16.34,7,10,2,36.56,0
U702101,FR,android,zone_101,12.83,10,10,1,22.96,0
U702102,FR,android,zone_099,5.93,8,8,1,11.51,0
U702103,BE,android,zone_145,14.24,8,16,0,14.71,0
U702104,FR,web,zone_048,20.91,8,9,3,17.97,0
U702105,FR,android,zone_218,18.59,4,4,0,21.22,0
U702106,DE,ios,zone_059,11.72,9,13,0,18.61,0
U702107,DE,android,zone_064,4.49,10,12,0,24.48,0
U702108,ES,ios,zone_080,23.2,15,11,0,31.43,0
U702109,ES,ios,zone_189,9.97,8,8,0,16.13,1
U702110,IT,android,zone_103,,13,8,0,18.3,0
U702111,FR,android,zone_085,21.34,12,4,0,19.21,1
U702112,FR,web,zone_129,8.97,14,10,0,33.34,0
U702113,BE,web,zone_207,16.84,13,9,0,25.87,0
U702114,IT,ios,zone_050,17.91,4,1,1,20.91,0
U702115,BE,ios,zone_188,27.42,7,6,0,24.78,0
U702116,IT,web,zone_132,11.0,2,10,0,22.77,0
U702117,IT,android,zone_160,13.37,4,9,0,24.13,0
U702118,DE,android,zone_070,8.65,4,9,1,26.57,0
U702119,BE,ios,zone_128,3.72,9,12,0,19.5,1
U702120,ES,ios,zone_165,13.02,5,6,0,35.13,0
U702121,CH,android,zone_083,15.38,6,12,0,16.05,0
U702122,FR,ios,zone_099,13.03,10,6,0,20.66,0
U702123,FR,android,zone_082,30.65,6,3,1,19.37,0
U702124,FR,android,zone_143,5.4,11,5,0,18.63,1
U702125,FR,ios,zone_169,9.88,10,2,1,12.18,0
U702126,BE,ios,zone_130,16.73,11,8,0,12.68,0
U702127,FR,ios,zone_078,,13,5,0,29.59,0
U702128,FR,ios,zone_215,25.82,9,5,1,25.32,0
U702129,ES,web,zone_204,13.24,6,6,0,15.76,0
U702130,BE,ios,zone_090,1.89,10,8,1,18.01,0
U702131,FR,web,zone_000,18.31,6,4,0,18.88,0
U702132,IT,android,zone_040,1.15,5,11,0,26.65,0
U702133,FR,android,zone_179,10.19,12,17,0,28.59,0
U702134,FR,android,zone_160,37.93,15,11,0,16.36,0
U702135,DE,ios,zone_167,,9,7,0,17.45,0
U702136,IT,ios,zone_207,13.05,5,10,1,15.98,1
U702137,BE,android,zone_112,5.42,15,12,0,21.98,0
U702138,FR,android,zone_061,11.77,13,6,3,30.56,0
U702139,FR,android,zone_193,20.38,8,10,0,34.27,0
U702140,FR,ios,zone_147,6.95,9,10,1,6.48,0
U702141,DE,ios,zone_009,12.38,9,9,2,16.89,0
U702142,FR,ios,zone_025,37.89,7,7,1,20.64,0
U702143,IT,web,zone_104,10.01,3,8,0,17.43,0
U702144,FR,android,zone_003,14.6,11,5,0,15.51,0
U702145,FR,android,zone_002,,10,1,1,25.65,0
U702146,FR,ios,zone_031,12.18,9,6,0,18.13,0
U702147,FR,android,zone_052,17.24,6,5,2,11.81,0
U702148,IT,ios,zone_005,20.06,13,10,1,19.19,0
U702149,ES,ios,zone_170,15.87,11,6,2,13.51,0
U702150,FR,ios,zone_033,13.42,11,14,0,36.2,0
U702151,FR,web,zone_084,17.02,2,9,0,5.72,0
U702152,FR,android,zone_139,5.24,7,12,1,30.47,0
U702153,FR,android,zone_083,8.59,13,5,0,33.3,0
U702154,FR,android,zone_022,8.85,8,12,2,24.57,0
U702155,FR,android,zone_094,8.81,12,9,0,1.81,0
U702156,FR,ios,zone_134,22.88,9,4,0,17.79,0
U702157,IT,android,zone_151,32.25,5,12,0,25.86,0
U702158,ES,ios,zone_189,18.92,13,13,0,27.2,0
U702159,IT,android,zone_137,43.47,18,9,0,21.63,1
U702160,FR,ios,zone_016,13.11,8,11,0,24.99,0
U702161,FR,ios,zone_185,4.15,11,3,0,32.26,0
U702162,FR,android,zone_026,23.13,13,6,2,23.75,0
U702163,FR,android,zone_138,14.58,8,12,1,20.31,0
U702164,FR,android,zone_139,21.36,8,9,0,19.54,0
U702165,IT,ios,zone_203,34.94,10,7,0,18.51,0
U702166,FR,ios,zone_167,17.04,11,10,1,15.32,0
U702167,FR,web,zone_182,25.72,4,15,1,20.2,0
U702168,FR,web,zone_155,10.37,8,9,0,16.27,0
U702169,FR,web,zone_038,19.17,8,8,1,25.15,0
U702170,FR,web,zone_201,24.2,8,14,2,0.77,0
U702171,BE,ios,zone_045,18.95,8,10,1,20.75,0
U702172,DE,android,zone_137,24.32,9,6,0,21.72,1
U702173,FR,ios,zone_010,8.72,7,9,1,14.52,0
U702174,CH,ios,zone_115,16.08,7,13,0,17.07,0
U702175,FR,ios,zone_172,23.8,21,6,0,21.81,0
U702176,FR,web,zone_196,23.35,7,6,0,16.77,0
U702177,DE,ios,zone_082,13.7,7,12,0,21.2,0
U702178,FR,ios,zone_187,23.62,3,5,0,12.23,0
U702179,ES,ios,zone_175,15.21,5,6,0,6.43,0
U702180,DE,web,zone_180,29.64,14,6,0,2.55,0
U702181,IT,android,zone_156,17.32,8,6,0,7.99,0
U702182,FR,ios,zone_129,2.79,9,15,0,22.58,0
U702183,DE,ios,zone_185,5.64,13,5,2,8.9,0
U702184,FR,ios,zone_043,6.98,7,10,1,24.73,0
U702185,FR,android,zone_108,21.27,8,6,2,2.39,0
U702186,BE,web,zone_190,7.82,13,7,2,9.84,0
U702187,FR,ios,zone_179,19.33,11,5,1,25.06,0
U702188,CH,ios,zone_015,7.02,10,7,0,19.17,0
U702189,ES,android,zone_204,14.55,7,4,1,21.54,0
U702190,DE,android,zone_009,7.73,8,6,0,25.33,0
U702191,FR,android,zone_173,4.11,10,4,0,35.78,0
U702192,FR,web,zone_063,30.22,7,11,0,24.02,0
U702193,BE,android,zone_037,5.49,9,9,0,15.03,0
U702194,CH,android,zone_195,3.83,4,5,2,15.25,0
U702195,ES,web,zone_049,3.44,6,6,2,12.8,1
U702196,FR,ios,zone_196,10.12,14,11,2,22.95,0
U702197,CH,android,zone_114,6.42,14,6,1,26.34,0
U702198,BE,android,zone_052,18.26,11,11,0,14.15,0
U702199,FR,android,zone_106,7.75,9,8,2,21.85,0
U702200,FR,android,zone_040,18.75,5,11,1,20.29,0
U702201,IT,ios,zone_149,22.38,16,11,1,17.05,0
U702202,ES,ios,zone_056,12.75,17,7,0,22.86,0
U702203,FR,android,zone_063,37.84,15,9,2,18.35,0
U702204,FR,web,zone_090,14.53,5,14,0,11.76,0
U702205,ES,android,zone_159,5.59,12,10,1,21.07,0
U702206,FR,web,zone_174,10.3,10,7,1,29.84,0
U702207,FR,android,zone_168,16.07,10,8,0,21.06,0
U702208,BE,android,zone_005,5.53,14,17,3,17.51,0
U702209,FR,android,zone_164,29.78,13,3,0,33.44,0
U702210,FR,android,zone_115,12.04,5,6,1,32.05,0
U702211,IT,ios,zone_135,2.09,10,6,1,11.54,0
U702212,ES,ios,zone_092,23.46,5,14,3,18.24,0
U702213,FR,ios,zone_171,32.84,11,4,0,15.36,0
U702214,IT,ios,zone_197,10.44,9,5,0,22.58,0
U702215,FR,ios,zone_184,5.05,6,7,0,24.77,0
U702216,FR,web,zone_199,21.01,5,12,1,16.76,0
U702217,FR,web,zone_016,8.8,6,7,0,24.01,0
U702218,CH,android,zone_010,22.87,5,6,0,12.35,0
U702219,BE,android,zone_104,8.47,4,8,0,30.83,0
U702220,FR,ios,zone_178,22.66,8,7,1,12.35,0
U702221,FR,ios,zone_035,6.13,10,12,0,15.51,0
U702222,FR,ios,zone_036,39.36,10,5,0,6.66,0
U702223,FR,ios,zone_213,13.16,9,3,1,10.61,0
U702224,FR,android,zone_018,46.03,8,4,1,26.89,0
U702225,IT,ios,zone_062,,7,6,1,22.32,0
U702226,DE,web,zone_049,7.52,13,6,1,25.76,0
U702227,BE,android,zone_018,8.41,9,8,1,10.38,0
U702228,IT,ios,zone_121,52.42,16,6,1,25.8,0
U702229,IT,web,zone_151,6.91,11,9,2,14.55,0
U702230,ES,web,zone_191,3.1,11,6,0,12.19,0
U702231,FR,ios,zone_073,4.51,13,12,0,30.38,0
U702232,FR,android,zone_197,16.2,13,10,0,20.16,0
U702233,ES,ios,zone_027,17.77,8,5,0,23.15,0
U702234,BE,ios,zone_001,21.46,9,8,0,6.98,0
U702235,BE,ios,zone_125,7.4,7,5,0,10.94,0
U702236,FR,android,zone_099,5.42,15,12,0,16.78,0
U702237,FR,ios,zone_033,40.95,7,11,0,28.45,0
U702238,FR,ios,zone_064,22.18,9,2,2,29.01,0
U702239,FR,ios,zone_033,5.33,9,7,1,26.86,0
U702240,BE,ios,zone_213,10.78,10,0,0,10.81,0
U702241,BE,ios,zone_061,10.15,6,5,0,27.32,0
U702242,FR,web,zone_101,7.78,8,10,2,29.63,0
U702243,FR,ios,zone_082,19.85,8,7,1,18.07,0
U702244,FR,android,zone_154,3.91,2,9,1,33.52,1
U702245,FR,android,zone_217,46.97,8,8,0,33.15,0
U702246,FR,android,zone_140,33.97,8,10,0,27.92,0
U702247,FR,web,zone_022,13.74,5,9,1,16.25,0
U702248,DE,android,zone_157,8.18,12,14,0,20.36,0
U702249,FR,web,zone_006,18.45,11,8,0,14.98,0
U702250,FR,android,zone_212,8.14,7,6,0,13.82,0
U702251,FR,ios,zone_159,2.3,5,8,1,10.74,0
U702252,ES,ios,zone_109,17.01,13,6,2,16.48,0
U702253,DE,android,zone_152,26.17,11,10,0,25.1,0
U702254,FR,web,zone_172,13.1,7,7,0,15.44,0
U702255,IT,web,zone_006,15.31,13,8,1,20.31,0
U702256,BE,android,zone_018,5.36,10,12,0,34.3,0
U702257,DE,ios,zone_136,22.26,10,5,1,27.68,0
U702258,FR,ios,zone_105,14.58,8,9,0,5.64,0
U702259,FR,android,zone_188,11.07,5,11,0,31.1,0
U702260,ES,ios,zone_178,15.08,13,5,1,15.64,0
U702261,FR,ios,zone_010,10.3,18,9,1,17.02,0
U702262,BE,web,zone_075,13.6,11,8,0,19.49,0
U702263,ES,android,zone_159,36.12,17,10,0,30.08,0
U702264,CH,web,zone_080,15.25,8,5,1,25.71,0
U702265,FR,ios,zone_207,23.53,6,7,0,17.66,0
U702266,FR,android,zone_081,15.91,9,8,0,18.69,0
U702267,FR,android,zone_191,22.67,14,8,1,18.96,0
U702268,ES,android,zone_051,15.92,12,11,0,13.23,0
U702269,BE,web,zone_061,25.59,6,12,3,20.32,0
U702270,FR,ios,zone_022,15.08,4,6,0,16.63,0
U702271,FR,android,zone_144,12.53,8,7,1,23.21,0
U702272,FR,android,zone_027,12.49,7,5,0,21.34,0
U702273,BE,android,zone_053,8.13,11,5,1,16.86,0
U702274,FR,android,zone_214,13.15,13,8,2,10.79,0
U702275,FR,ios,zone_180,21.53,4,5,1,12.19,0
U702276,FR,ios,zone_058,12.2,9,6,0,21.15,0
U702277,CH,web,zone_116,12.46,11,7,0,7.61,0
U702278,DE,android,zone_023,4.94,12,10,1,14.62,0
U702279,IT,web,zone_136,36.45,12,5,1,22.39,0
U702280,IT,android,zone_063,22.75,11,6,1,31.4,0
U702281,FR,web,zone_069,23.42,11,14,0,14.89,0
U702282,ES,android,zone_128,24.43,6,10,2,28.05,0
U702283,BE,web,zone_172,18.81,9,9,0,30.04,0
U702284,FR,android,zone_197,10.8,8,11,1,25.54,0
U702285,BE,android,zone_033,12.29,9,8,1,19.73,0
U702286,ES,ios,zone_218,13.31,9,8,2,8.93,0
U702287,DE,android,zone_157,3.29,6,4,1,21.56,0
U702288,FR,ios,zone_061,5.67,9,6,0,30.06,0
U702289,FR,ios,zone_156,12.36,8,5,0,16.92,0
U702290,FR,android,zone_057,1.28,7,11,0,21.85,0
U702291,ES,android,zone_034,8.15,5,8,0,26.38,0
U702292,BE,web,zone_024,15.96,18,4,0,17.73,0
U702293,BE,android,zone_088,29.18,6,5,1,20.79,0
U702294,ES,ios,zone_206,8.63,8,7,1,22.34,0
U702295,FR,web,zone_176,16.36,10,11,1,21.02,0
U702296,CH,ios,zone_048,8.77,6,13,0,13.63,0
U702297,FR,ios,zone_174,4.61,8,10,0,23.14,0
U702298,BE,web,zone_077,2.09,9,6,1,16.77,0
U702299,FR,android,zone_202,11.42,6,11,1,24.27,0
U702300,FR,ios,zone_168,27.47,13,8,1,28.71,0
U702301,BE,android,zone_206,6.78,14,5,2,15.36,0
U702302,IT,ios,zone_076,5.94,11,4,0,18.97,0
U702303,FR,android,zone_201,21.35,7,10,0,24.26,0
U702304,BE,android,zone_107,28.44,10,5,0,20.23,0
U702305,DE,android,zone_152,9.16,8,6,0,15.56,0
U702306,FR,ios,zone_100,24.26,10,12,1,28.51,0
U702307,DE,ios,zone_044,11.92,8,5,0,16.04,0
U702308,CH,android,zone_076,10.38,4,9,0,16.91,0
U702309,FR,android,zone_000,15.37,13,7,0,28.27,0
U702310,FR,ios,zone_209,7.84,7,7,1,17.78,0
U702311,DE,android,zone_162,24.36,7,11,1,29.73,0
U702312,FR,web,zone_217,17.99,9,5,0,21.33,0
U702313,ES,ios,zone_006,11.84,12,4,0,15.8,0
U702314,FR,ios,zone_182,5.06,9,9,1,11.79,0
U702315,FR,android,zone_034,12.03,7,6,0,14.97,0
U702316,ES,android,zone_121,21.56,8,7,3,28.38,0
U702317,FR,android,zone_143,31.14,11,5,1,21.89,0
U702318,CH,ios,zone_122,8.91,13,5,0,30.52,0
U702319,IT,android,zone_125,12.17,3,7,1,27.32,0
U702320,IT,ios,zone_155,18.49,8,6,2,28.64,1
U702321,FR,web,zone_142,5.36,10,8,1,36.26,0
U702322,BE,ios,zone_147,5.19,12,5,1,18.46,0
U702323,FR,web,zone_153,9.36,9,11,1,7.16,0
U702324,BE,ios,zone_102,19.61,11,11,0,26.47,0
U702325,DE,web,zone_193,2.14,6,10,0,4.46,0
U702326,FR,android,zone_144,11.25,13,15,1,21.5,0
U702327,FR,android,zone_107,27.33,10,8,0,15.4,0
U702328,FR,web,zone_087,15.44,8,8,1,17.11,0
U702329,FR,ios,zone_077,10.91,6,9,2,14.04,0
U702330,FR,ios,zone_182,53.95,7,10,1,20.69,0
U702331,FR,ios,zone_152,11.16,8,8,0,16.81,0
U702332,FR,web,zone_059,20.18,16,8,0,27.81,0
U702333,IT,android,zone_099,16.59,9,4,0,18.36,0
U702334,BE,android,zone_219,9.22,8,15,0,28.38,0
U702335,BE,android,zone_001,8.05,11,9,0,25.31,0
U702336,FR,web,zone_175,15.34,9,12,1,37.3,0
U702337,FR,ios,zone_048,,9,11,0,23.23,0
U702338,FR,android,zone_143,5.66,11,7,0,28.54,0
U702339,FR,android,zone_129,47.33,6,9,2,32.96,0
U702340,FR,ios,zone_073,,7,8,2,10.46,0
U702341,FR,android,zone_158,32.6,14,9,1,20.04,0
U702342,IT,android,zone_054,7.48,17,6,1,26.91,0
U702343,IT,android,zone_116,8.55,17,5,1,22.0,0
U702344,BE,web,zone_029,14.14,8,6,1,21.09,1
U702345,FR,ios,zone_022,30.0,8,7,2,28.22,0
U702346,FR,web,zone_140,19.04,9,9,2,11.71,0
U702347,IT,web,zone_144,5.87,10,8,0,17.45,0
U702348,FR,ios,zone_180,42.23,14,8,0,14.11,0
U702349,FR,web,zone_089,17.0,7,3,1,7.77,0
U702350,BE,android,zone_173,19.56,8,7,1,24.04,0
U702351,ES,android,zone_050,10.29,9,8,2,18.49,0
U702352,FR,web,zone_025,14.71,10,9,1,15.54,0
U702353,FR,ios,zone_082,1.4,12,8,2,13.19,0
U702354,FR,web,zone_189,15.37,10,7,0,11.12,0
U702355,FR,android,zone_150,47.1,6,6,0,24.09,0
U702356,ES,web,zone_148,17.47,18,8,1,30.35,0
U702357,BE,web,zone_124,24.8,9,7,1,19.38,0
U702358,CH,ios,zone_213,10.38,8,9,0,0.0,0
U702359,FR,android,zone_065,12.51,11,4,0,21.57,0
U702360,IT,android,zone_141,15.97,6,9,0,12.25,0
U702361,IT,ios,zone_189,19.54,11,12,0,21.3,1
U702362,FR,ios,zone_029,11.34,9,8,3,26.14,0
U702363,FR,android,zone_180,14.46,11,6,1,10.94,0
U702364,FR,android,zone_133,4.14,9,8,0,21.41,0
U702365,FR,android,zone_009,18.96,12,9,1,29.19,0
U702366,ES,android,zone_065,7.0,9,12,0,22.92,0
U702367,FR,web,zone_171,3.81,10,8,0,15.81,0
U702368,DE,android,zone_071,31.22,3,3,1,10.14,0
U702369,FR,ios,zone_124,4.11,4,6,1,26.46,0
U702370,DE,ios,zone_219,14.92,6,3,1,18.25,0
U702371,BE,android,zone_014,4.92,12,8,0,26.37,1
U702372,FR,ios,zone_086,3.1,11,5,0,9.57,0
U702373,FR,web,zone_102,11.64,11,5,0,24.75,0
U702374,BE,android,zone_194,,6,8,0,26.18,0
U702375,FR,web,zone_000,18.29,8,3,0,24.74,0
U702376,BE,ios,zone_081,29.17,10,6,0,21.56,0
U702377,IT,ios,zone_212,19.01,10,6,0,26.1,0
U702378,FR,android,zone_049,14.93,12,3,0,20.23,0
U702379,ES,android,zone_158,13.63,12,11,2,31.18,0
U702380,BE,android,zone_209,22.39,9,6,2,23.85,0
U702381,IT,ios,zone_194,38.75,10,10,1,9.15,0
U702382,FR,android,zone_117,6.3,8,9,1,22.06,0
U702383,DE,android,zone_113,13.41,9,7,1,22.0,0
U702384,FR,web,zone_091,26.37,6,8,1,17.52,0
U702385,CH,android,zone_200,7.06,7,6,1,15.75,0
U702386,CH,android,zone_102,11.76,10,10,1,11.58,0
U702387,FR,android,zone_048,10.07,14,6,1,21.12,0
U702388,FR,android,zone_175,22.6,11,5,0,8.73,0
U702389,IT,android,zone_137,16.94,10,16,1,19.18,0
U702390,ES,web,zone_042,21.99,6,5,0,22.68,0
U702391,ES,ios,zone_025,9.62,6,9,0,25.66,0
U702392,ES,web,zone_076,23.7,10,10,0,25.64,0
U702393,FR,android,zone_195,24.8,4,10,2,24.12,0
U702394,FR,android,zone_074,20.36,5,7,1,19.79,0
U702395,FR,android,zone_020,8.9,9,16,3,19.44,0
U702396,BE,android,zone_199,28.44,7,11,0,20.55,1
U702397,FR,android,zone_126,2.1,11,8,2,9.28,0
U702398,FR,web,zone_139,27.15,8,16,0,27.95,0
U702399,FR,android,zone_122,25.89,8,4,0,14.36,0
U702400,FR,web,zone_106,10.26,10,10,1,9.45,0
U702401,FR,web,zone_037,18.96,10,4,0,23.01,0
U702402,BE,android,zone_196,6.58,7,10,0,17.65,0
U702403,BE,web,zone_120,10.66,3,7,0,23.58,0
U702404,ES,android,zone_152,17.34,12,6,3,24.6,0
U702405,ES,android,zone_091,2.48,13,8,0,16.23,0
U702406,ES,ios,zone_171,12.13,9,12,0,21.26,0
U702407,FR,web,zone_009,5.54,10,15,0,23.1,0
U702408,BE,android,zone_123,2.89,10,11,0,28.52,0
U702409,DE,android,zone_162,11.23,5,6,1,24.86,0
U702410,IT,ios,zone_188,8.18,7,11,0,12.1,0
U702411,FR,ios,zone_073,5.91,17,12,1,12.62,0
U702412,FR,ios,zone_182,46.05,7,10,0,18.3,0
U702413,FR,ios,zone_035,19.09,9,7,1,15.58,0
U702414,FR,android,zone_054,9.75,7,9,1,19.22,0
U702415,CH,android,zone_019,13.99,9,8,1,35.13,0
U702416,FR,ios,zone_210,6.4,12,4,0,14.34,0
U702417,DE,android,zone_151,22.29,8,9,1,29.84,0
U702418,CH,android,zone_098,15.32,9,7,0,30.9,0
U702419,FR,ios,zone_092,16.32,10,8,0,25.18,0
U702420,FR,android,zone_111,6.81,9,7,3,17.24,0
U702421,FR,web,zone_211,12.98,9,7,0,16.82,0
U702422,FR,android,zone_166,14.61,6,10,0,21.08,0
U702423,FR,android,zone_210,10.84,10,6,1,14.05,0
U702424,FR,web,zone_206,11.12,11,14,0,19.55,0
U702425,FR,web,zone_042,17.47,8,9,0,5.58,0
U702426,DE,android,zone_015,9.85,9,9,0,31.65,0
U702427,FR,ios,zone_021,3.41,16,4,1,17.29,0
U702428,FR,android,zone_142,12.18,8,6,1,11.76,0
U702429,IT,android,zone_110,10.4,11,6,1,14.11,0
U702430,FR,web,zone_081,20.15,10,10,0,8.78,0
U702431,FR,web,zone_040,19.31,8,5,0,17.05,0
U702432,FR,web,zone_160,29.47,10,9,0,29.83,0
U702433,BE,ios,zone_100,8.59,12,6,0,8.06,0
U702434,ES,android,zone_025,24.63,10,11,0,11.12,0
U702435,FR,android,zone_027,6.23,11,6,1,14.67,0
U702436,FR,android,zone_075,19.66,6,12,0,20.12,0
U702437,IT,ios,zone_097,6.96,11,7,0,12.66,0
U702438,BE,web,zone_064,6.14,7,6,1,20.92,0
U702439,DE,ios,zone_026,13.73,11,7,1,21.14,0
U702440,FR,ios,zone_030,6.79,9,4,3,16.57,0
U702441,FR,web,zone_217,12.68,8,8,2,29.21,0
U702442,FR,web,zone_045,15.53,10,9,1,28.32,0
U702443,FR,android,zone_030,4.88,7,10,1,7.71,0
U702444,FR,android,zone_005,4.25,13,7,0,26.18,0
U702445,FR,ios,zone_033,11.83,13,3,1,25.21,0
U702446,FR,web,zone_185,9.36,7,8,1,26.16,0
U702447,BE,android,zone_034,13.64,16,10,1,21.29,0
U702448,ES,android,zone_018,26.46,13,12,1,20.9,0
U702449,IT,android,zone_079,,11,9,0,24.74,0
U702450,FR,ios,zone_000,26.75,5,7,1,14.23,0
U702451,FR,android,zone_037,14.28,7,9,1,26.71,0
U702452,FR,ios,zone_118,18.91,9,6,0,28.36,0
U702453,FR,web,zone_098,12.77,8,7,0,20.16,0
U702454,FR,ios,zone_141,18.43,8,6,2,8.7,0
U702455,FR,android,zone_090,11.41,15,5,1,25.82,0
U702456,FR,android,zone_104,15.31,8,9,1,18.14,0
U702457,FR,ios,zone_165,6.79,10,9,0,26.73,0
U702458,FR,web,zone_106,8.6,5,9,1,27.44,0
U702459,FR,android,zone_155,12.12,11,7,0,24.67,0
U702460,IT,android,zone_043,25.89,15,8,1,25.84,0
U702461,ES,android,zone_199,13.01,9,11,1,16.28,0
U702462,BE,android,zone_148,12.88,11,6,3,15.84,0
U702463,FR,ios,zone_204,14.4,16,11,0,13.15,0
U702464,FR,android,zone_202,11.87,14,4,1,18.04,0
U702465,FR,web,zone_061,17.37,9,8,0,26.35,0
U702466,BE,ios,zone_130,14.59,8,12,0,15.95,0
U702467,FR,android,zone_050,11.83,7,3,0,7.51,0
U702468,ES,web,zone_003,16.66,6,4,0,27.99,0
U702469,FR,android,zone_179,11.03,4,4,1,19.66,0
U702470,FR,android,zone_141,12.21,6,5,1,13.53,0
U702471,ES,ios,zone_076,,8,6,1,22.64,0
U702472,FR,ios,zone_071,,10,4,1,30.32,0
U702473,ES,web,zone_182,10.26,10,15,1,18.32,0
U702474,DE,web,zone_039,3.27,12,8,0,24.2,0
U702475,BE,android,zone_214,8.61,5,12,1,12.94,0
U702476,FR,web,zone_024,11.55,9,6,0,27.03,0
U702477,IT,android,zone_097,9.67,10,15,1,26.36,0
U702478,DE,ios,zone_137,15.88,12,7,1,22.47,0
U702479,CH,ios,zone_192,8.44,11,11,0,8.98,0
U702480,BE,android,zone_108,19.54,4,6,1,26.91,0
U702481,FR,android,zone_089,3.66,12,10,2,22.07,0
U702482,FR,web,zone_038,8.08,6,7,0,11.19,0
U702483,ES,ios,zone_110,13.24,9,8,2,12.68,0
U702484,FR,web,zone_156,12.61,12,6,1,31.08,0
U702485,BE,android,zone_173,13.54,9,13,1,15.66,0
U702486,BE,web,zone_018,1.77,8,15,0,3.34,0
U702487,CH,web,zone_186,15.36,5,9,0,13.58,1
U702488,FR,android,zone_011,9.28,5,9,0,13.69,0
U702489,ES,android,zone_001,14.78,10,9,1,28.4,0
U702490,FR,android,zone_215,0.83,8,8,2,15.06,0
U702491,FR,web,zone_014,,12,14,0,12.76,0
U702492,DE,android,zone_035,34.15,8,7,1,22.51,0
U702493,FR,android,zone_156,14.19,6,10,1,11.39,0
U702494,BE,web,zone_184,36.91,6,3,1,27.91,0
U702495,FR,android,zone_087,9.43,10,8,0,8.14,1
U702496,BE,ios,zone_128,21.46,9,7,0,15.13,1
U702497,FR,ios,zone_139,5.12,8,7,1,16.91,0
U702498,BE,android,zone_075,12.08,7,3,1,17.7,0
U702499,FR,web,zone_079,19.88,7,8,0,12.42,0
U702500,IT,web,zone_160,11.29,11,6,0,26.9,0
U702501,FR,android,zone_201,21.96,7,11,1,15.65,0
U702502,FR,ios,zone_209,3.3,14,7,1,15.04,0
U702503,FR,android,zone_122,8.6,8,5,0,17.72,0
U702504,FR,web,zone_046,8.66,8,10,1,19.39,0
U702505,DE,ios,zone_099,4.56,6,3,0,29.18,0
U702506,FR,android,zone_155,7.89,8,7,0,6.83,0
U702507,FR,web,zone_195,6.77,8,5,0,26.81,0
U702508,FR,android,zone_066,13.24,14,11,1,8.56,0
U702509,FR,android,zone_016,13.64,8,3,2,15.17,0
U702510,FR,ios,zone_132,20.49,10,12,1,21.17,0
U702511,FR,android,zone_151,18.18,10,9,0,17.16,0
U702512,DE,ios,zone_108,11.87,10,5,1,26.39,0
U702513,IT,ios,zone_053,53.1,4,9,1,15.55,0
U702514,FR,web,zone_058,19.57,8,14,1,36.43,0
U702515,FR,web,zone_044,46.97,11,12,0,24.99,0
U702516,FR,android,zone_136,2.8,9,4,1,22.17,0
U702517,FR,android,zone_101,1.73,9,9,0,29.93,0
U702518,FR,web,zone_198,15.39,6,6,1,17.42,0
U702519,FR,android,zone_185,15.72,13,10,1,16.84,0
U702520,FR,android,zone_025,8.74,2,15,1,3.49,0
U702521,DE,ios,zone_092,8.58,10,8,2,14.57,0
U702522,FR,android,zone_021,12.96,11,12,1,22.45,0
U702523,FR,web,zone_008,4.49,10,9,1,25.72,0
U702524,ES,android,zone_008,27.78,16,3,1,26.56,0
U702525,FR,ios,zone_106,15.79,7,3,1,13.6,0
U702526,DE,ios,zone_150,21.1,9,10,0,20.08,0
U702527,ES,android,zone_084,6.96,13,6,1,5.8,0
U702528,FR,android,zone_041,7.49,10,2,0,16.42,0
U702529,FR,ios,zone_132,15.94,9,6,0,17.89,0
U702530,BE,android,zone_116,13.51,12,5,0,28.19,0
U702531,ES,ios,zone_101,23.26,10,5,0,20.86,0
U702532,FR,ios,zone_016,12.07,11,3,1,23.27,0
U702533,BE,ios,zone_078,18.09,9,7,1,18.43,0
U702534,FR,android,zone_070,10.63,5,9,1,21.98,0
U702535,FR,web,zone_203,34.65,7,12,0,26.24,0
U702536,FR,web,zone_030,6.28,10,11,1,25.2,0
U702537,FR,ios,zone_138,2.19,9,10,0,10.23,0
U702538,BE,ios,zone_197,5.69,8,5,0,24.84,0
U702539,FR,android,zone_154,19.09,10,4,0,21.09,0
U702540,IT,ios,zone_211,28.26,4,9,1,28.66,0
U702541,FR,android,zone_053,7.96,5,5,0,6.7,0
U702542,DE,android,zone_165,22.99,13,8,1,28.76,0
U702543,IT,android,zone_109,12.84,12,7,0,22.52,0
U702544,FR,web,zone_117,17.45,10,6,2,7.34,1
U702545,DE,ios,zone_055,9.99,13,8,0,14.96,0
U702546,FR,android,zone_009,4.54,6,9,0,15.43,0
U702547,FR,android,zone_121,25.29,11,9,0,24.02,0
U702548,FR,android,zone_042,19.53,4,10,1,8.94,0
U702549,FR,ios,zone_023,20.8,13,8,1,29.51,0
U702550,FR,ios,zone_081,19.01,8,6,1,18.4,0
U702551,ES,android,zone_206,14.46,8,5,1,8.41,0
U702552,FR,ios,zone_136,9.94,11,10,0,33.0,0
U702553,FR,web,zone_029,28.36,10,8,2,16.81,0
U702554,ES,web,zone_131,9.56,11,10,0,16.95,0
U702555,BE,web,zone_069,6.61,8,12,1,31.93,0
U702556,BE,android,zone_217,12.04,10,8,0,25.44,0
U702557,FR,web,zone_031,6.53,10,11,0,37.54,0
U702558,FR,web,zone_123,19.71,9,5,1,18.52,0
U702559,FR,android,zone_065,19.99,8,8,1,20.26,0
U702560,ES,android,zone_002,16.01,9,7,1,16.68,0
U702561,FR,web,zone_020,19.75,5,11,2,11.36,0
U702562,ES,ios,zone_055,29.45,7,14,1,14.81,0
U702563,FR,android,zone_200,17.25,7,8,1,33.65,0
U702564,FR,ios,zone_132,18.8,7,11,0,33.71,0
U702565,IT,android,zone_076,11.48,10,4,0,14.71,0
U702566,DE,android,zone_122,10.32,9,10,0,18.42,0
U702567,FR,android,zone_120,7.78,5,4,1,31.8,0
U702568,FR,ios,zone_184,9.72,14,9,0,20.53,0
U702569,FR,ios,zone_129,13.74,16,6,0,19.24,0
U702570,FR,ios,zone_050,11.34,8,11,0,22.0,0
U702571,BE,ios,zone_043,8.03,4,11,1,26.04,0
U702572,CH,ios,zone_078,12.42,8,7,0,25.61,0
U702573,IT,android,zone_215,12.23,12,9,1,16.51,0
U702574,BE,ios,zone_059,21.85,8,13,1,7.46,0
U702575,BE,android,zone_195,24.28,11,8,0,21.65,0
U702576,IT,android,zone_201,29.18,10,9,0,14.58,0
U702577,FR,web,zone_044,3.87,10,5,1,12.27,0
U702578,IT,android,zone_091,15.57,12,4,1,13.44,0
U702579,FR,android,zone_208,2.28,6,9,0,15.93,0
U702580,ES,android,zone_033,12.38,7,12,0,9.91,0
U702581,ES,android,zone_209,27.72,10,18,1,14.18,0
U702582,DE,ios,zone_181,22.1,8,6,0,23.18,0
U702583,FR,web,zone_130,29.2,8,7,0,32.86,0
U702584,FR,ios,zone_208,3.13,15,9,1,24.11,0
U702585,FR,android,zone_018,18.46,8,8,0,44.41,0
U702586,DE,android,zone_088,3.71,9,11,0,19.01,0
U702587,FR,android,zone_006,10.96,17,10,1,19.82,0
U702588,DE,ios,zone_065,33.48,8,9,0,22.19,0
U702589,FR,android,zone_121,19.81,3,7,0,11.96,0
U702590,CH,android,zone_120,22.78,9,6,0,27.65,0
U702591,FR,android,zone_125,15.94,12,8,1,17.79,0
U702592,FR,ios,zone_007,6.01,7,4,0,12.68,1
U702593,ES,android,zone_195,19.43,11,6,0,23.28,0
U702594,CH,ios,zone_211,26.71,11,5,1,14.93,0
U702595,CH,ios,zone_158,9.35,9,6,0,18.86,0
U702596,CH,android,zone_152,29.21,9,7,1,10.14,0
U702597,FR,ios,zone_087,1.91,12,4,0,31.33,0
U702598,FR,ios,zone_206,5.74,5,8,0,36.83,0
U702599,DE,android,zone_162,5.78,5,7,1,4.9,0
U702600,BE,ios,zone_136,9.86,11,4,0,36.23,0
U702601,ES,ios,zone_160,22.53,4,5,2,22.73,0
U702602,ES,ios,zone_210,1.64,6,9,1,32.32,0
U702603,DE,android,zone_081,22.94,13,8,0,21.95,0
U702604,DE,android,zone_022,20.74,7,6,0,24.19,0
U702605,FR,ios,zone_114,4.86,13,12,0,14.44,0
U702606,BE,android,zone_044,6.62,9,9,0,24.37,0
U702607,FR,ios,zone_137,5.25,9,9,0,22.2,0
U702608,ES,android,zone_197,3.37,7,10,1,30.96,0
U702609,DE,ios,zone_052,7.49,9,10,0,32.16,0
U702610,DE,web,zone_086,3.15,12,5,1,14.83,0
U702611,FR,ios,zone_055,13.94,10,6,0,13.56,0
U702612,CH,android,zone_216,7.25,9,5,1,19.85,0
U702613,FR,ios,zone_109,8.53,12,12,0,26.77,0
U702614,BE,ios,zone_009,3.24,9,9,1,24.77,0
U702615,FR,web,zone_189,12.31,11,8,0,17.91,0
U702616,FR,android,zone_077,14.68,6,9,0,11.31,0
U702617,FR,ios,zone_156,4.11,7,4,2,14.51,1
U702618,FR,ios,zone_153,12.12,9,9,0,11.46,0
U702619,FR,web,zone_045,13.62,10,10,0,20.42,0
U702620,IT,android,zone_163,78.91,12,9,1,13.46,0
U702621,FR,ios,zone_009,13.79,9,13,0,22.78,0
U702622,DE,ios,zone_042,28.1,10,10,0,7.91,0
U702623,BE,android,zone_205,24.27,7,7,0,20.84,0
U702624,FR,android,zone_058,20.93,5,9,1,18.19,0
U702625,FR,web,zone_070,8.69,11,10,1,19.13,0
U702626,FR,android,zone_108,23.07,11,7,0,22.3,0
U702627,FR,web,zone_111,6.76,10,8,0,22.94,0
U702628,FR,ios,zone_079,6.07,8,8,1,17.42,0
U702629,FR,ios,zone_008,21.6,10,1,2,34.02,0
U702630,ES,android,zone_062,26.85,7,10,0,22.62,0
U702631,BE,web,zone_087,9.53,4,8,0,22.85,1
U702632,FR,web,zone_201,9.81,8,6,1,10.95,0
U702633,IT,android,zone_057,13.29,7,8,0,21.17,0
U702634,DE,android,zone_084,23.16,9,5,0,29.82,0
U702635,BE,ios,zone_212,17.44,13,3,0,27.92,0
U702636,DE,android,zone_084,33.06,8,6,0,17.5,0
U702637,DE,android,zone_075,18.66,5,10,0,29.49,0
U702638,FR,android,zone_023,1.41,15,7,0,16.51,0
U702639,IT,ios,zone_037,9.04,7,6,0,10.73,0
U702640,CH,android,zone_117,9.86,7,4,0,11.48,0
U702641,FR,web,zone_155,12.63,10,8,1,29.05,0
U702642,FR,android,zone_022,7.62,8,10,0,18.89,0
U702643,ES,android,zone_084,7.87,5,10,1,23.72,0
U702644,FR,android,zone_006,18.27,7,8,0,29.55,0
U702645,IT,android,zone_172,20.72,10,11,0,18.95,1
U702646,ES,android,zone_201,,10,7,1,21.72,0
U702647,FR,android,zone_005,25.96,13,4,0,11.98,0
U702648,FR,web,zone_038,9.71,6,11,0,28.95,0
U702649,FR,ios,zone_083,11.45,9,7,0,14.64,0
U702650,IT,android,zone_153,7.88,13,5,0,11.8,0
U702651,FR,ios,zone_004,7.69,14,8,3,41.4,0
U702652,FR,android,zone_092,5.39,7,8,1,26.78,0
U702653,FR,android,zone_008,5.76,9,3,1,14.48,0
U702654,FR,web,zone_169,3.27,11,7,0,5.4,0
U702655,IT,ios,zone_070,,11,6,5,10.85,0
U702656,FR,ios,zone_119,14.21,8,12,1,17.75,0
U702657,DE,android,zone_028,17.23,7,5,1,16.46,0
U702658,FR,ios,zone_054,9.26,5,4,0,25.72,0
U702659,FR,ios,zone_117,13.3,10,6,0,20.19,0
U702660,DE,web,zone_039,13.61,12,2,0,22.56,0
U702661,DE,ios,zone_215,10.16,7,13,1,31.79,0
U702662,IT,android,zone_036,6.54,7,12,0,20.6,0
U702663,BE,android,zone_198,8.01,15,7,0,13.54,0
U702664,ES,android,zone_146,34.68,7,5,1,16.84,0
U702665,IT,android,zone_109,21.74,9,6,0,27.09,0
U702666,FR,web,zone_178,9.43,8,12,1,22.54,0
U702667,FR,ios,zone_096,6.35,5,6,0,12.06,0
U702668,BE,android,zone_027,39.81,16,8,1,10.89,0
U702669,DE,ios,zone_197,18.09,7,11,2,22.19,0
U702670,FR,android,zone_072,6.65,13,6,1,24.47,0
U702671,ES,ios,zone_137,32.6,14,8,1,29.46,0
U702672,DE,ios,zone_087,13.09,15,11,0,26.29,0
U702673,BE,android,zone_165,16.94,11,6,1,40.03,0
U702674,FR,ios,zone_196,22.2,10,7,1,41.02,0
U702675,ES,ios,zone_118,13.06,10,7,1,28.91,0
U702676,IT,ios,zone_096,3.57,9,8,0,20.25,0
U702677,FR,android,zone_049,5.18,9,8,2,18.31,0
U702678,FR,android,zone_138,,7,10,1,19.81,0
U702679,IT,ios,zone_075,18.69,3,11,0,17.14,0
U702680,FR,android,zone_195,26.6,7,2,0,2.26,0
U702681,IT,android,zone_206,15.21,5,3,1,15.14,0
U702682,FR,ios,zone_176,21.47,6,21,0,33.76,0
U702683,CH,web,zone_117,7.45,7,8,1,18.23,0
U702684,FR,android,zone_052,9.61,11,9,1,17.34,0
U702685,FR,ios,zone_076,7.03,5,7,0,23.19,0
U702686,FR,android,zone_003,15.16,13,5,1,24.3,0
U702687,BE,android,zone_002,26.84,10,7,0,25.09,0
U702688,ES,ios,zone_045,19.3,9,9,2,2.51,0
U702689,FR,ios,zone_085,7.31,8,6,0,19.88,0
U702690,ES,ios,zone_155,7.69,7,5,0,21.04,0
U702691,FR,ios,zone_066,,8,10,2,11.01,0
U702692,FR,web,zone_114,10.68,10,9,0,19.37,0
U702693,FR,android,zone_091,3.84,8,10,1,30.83,0
U702694,ES,android,zone_167,7.53,10,4,0,4.54,0
U702695,FR,android,zone_106,20.84,6,4,0,9.75,0
U702696,FR,android,zone_135,5.07,8,12,1,30.79,0
U702697,FR,ios,zone_140,10.58,10,6,0,22.71,0
U702698,IT,ios,zone_059,22.27,4,4,1,23.54,0
U702699,CH,android,zone_202,11.17,9,7,2,12.25,0
U702700,CH,ios,zone_072,4.68,8,11,2,18.24,0
U702701,IT,android,zone_124,12.84,9,13,0,20.52,0
U702702,FR,android,zone_141,3.01,4,13,1,27.4,0
U702703,FR,web,zone_194,,13,5,1,13.8,0
U702704,FR,ios,zone_040,21.21,14,8,0,13.34,0
U702705,FR,web,zone_216,16.86,4,12,0,10.14,0
U702706,CH,android,zone_021,6.71,8,9,0,14.48,0
U702707,FR,android,zone_009,15.55,6,8,1,9.82,0
U702708,FR,ios,zone_032,18.75,16,7,0,27.81,0
U702709,FR,android,zone_012,7.95,9,11,1,12.07,1
U702710,FR,ios,zone_165,28.62,9,9,0,27.45,0
U702711,DE,ios,zone_204,13.84,11,7,0,32.05,0
U702712,DE,android,zone_110,3.1,10,9,0,22.82,0
U702713,FR,android,zone_015,12.58,14,7,0,36.09,0
U702714,FR,android,zone_040,7.95,3,4,0,16.69,0
U702715,CH,ios,zone_041,13.62,13,8,0,17.02,0
U702716,ES,android,zone_117,19.77,4,9,2,13.56,1
U702717,CH,android,zone_032,4.8,5,4,2,23.38,0
U702718,BE,android,zone_167,15.32,6,9,2,17.08,1
U702719,FR,android,zone_123,31.14,6,9,1,22.76,0
U702720,CH,web,zone_163,11.62,7,2,0,18.19,0
U702721,CH,android,zone_113,6.19,9,9,0,25.59,0
U702722,FR,ios,zone_117,16.75,6,5,0,19.65,0
U702723,FR,ios,zone_024,2.95,2,6,1,25.18,0
U702724,CH,android,zone_108,5.16,9,14,1,28.47,0
U702725,FR,android,zone_135,6.37,6,6,1,21.52,0
U702726,FR,android,zone_081,9.25,5,11,0,15.05,0
U702727,FR,ios,zone_003,12.78,7,10,2,30.89,0
U702728,FR,ios,zone_135,23.74,8,5,2,10.35,0
U702729,FR,ios,zone_186,16.6,11,12,0,17.36,0
U702730,ES,android,zone_011,19.25,13,5,0,36.53,0
U702731,IT,web,zone_046,21.62,2,13,1,24.77,0
U702732,FR,ios,zone_131,8.29,7,10,0,9.62,0
U702733,CH,android,zone_048,20.96,12,2,1,31.2,0
U702734,FR,android,zone_206,6.85,6,7,1,25.88,0
U702735,ES,web,zone_151,9.47,10,5,1,5.54,0
U702736,FR,ios,zone_017,12.58,11,9,1,32.13,1
U702737,FR,ios,zone_119,11.93,10,7,1,23.68,0
U702738,DE,ios,zone_195,22.31,4,7,2,22.73,0
U702739,DE,android,zone_145,,11,8,2,26.69,0
U702740,IT,web,zone_127,13.18,5,6,0,18.37,0
U702741,FR,ios,zone_034,42.96,8,8,0,21.76,0
U702742,FR,android,zone_080,15.03,9,6,0,6.88,0
U702743,FR,ios,zone_078,15.61,9,11,1,8.95,0
U702744,DE,web,zone_040,17.27,8,8,0,20.96,0
U702745,FR,android,zone_072,19.7,6,5,2,13.95,0
U702746,FR,web,zone_169,25.13,9,12,0,19.34,0
U702747,FR,android,zone_213,11.83,8,6,0,16.46,0
U702748,BE,ios,zone_180,15.0,6,6,0,25.14,0
U702749,BE,android,zone_168,5.96,5,7,0,20.93,0
U702750,ES,android,zone_191,12.56,7,2,3,11.45,0
U702751,IT,android,zone_210,5.55,13,6,1,24.85,0
U702752,FR,ios,zone_098,8.04,12,13,0,28.59,0
U702753,FR,android,zone_130,22.21,9,5,0,20.07,0
U702754,BE,android,zone_065,26.44,10,7,1,14.26,0
U702755,CH,ios,zone_151,6.49,7,4,1,16.17,0
U702756,FR,ios,zone_093,4.78,10,7,0,14.46,0
U702757,BE,ios,zone_054,23.8,9,7,2,15.92,0
U702758,FR,ios,zone_098,21.0,7,12,0,24.99,0
U702759,FR,ios,zone_024,10.48,13,11,1,15.4,0
U702760,FR,ios,zone_193,4.87,10,10,0,10.37,0
U702761,FR,ios,zone_120,36.51,6,8,0,28.25,0
U702762,BE,ios,zone_030,23.58,9,10,1,26.8,0
U702763,FR,ios,zone_159,39.4,12,11,1,12.7,0
U702764,IT,ios,zone_004,25.21,6,13,1,13.1,0
U702765,BE,ios,zone_142,29.46,6,10,1,21.47,0
U702766,FR,android,zone_177,14.29,7,9,1,17.07,0
U702767,ES,ios,zone_201,15.64,9,8,1,19.31,0
U702768,FR,android,zone_016,21.26,9,4,0,19.73,0
U702769,FR,ios,zone_080,18.32,10,4,0,31.78,0
U702770,DE,android,zone_123,6.71,13,6,1,16.23,0
U702771,FR,ios,zone_038,1.03,9,8,0,8.98,0
U702772,FR,android,zone_005,4.72,10,9,1,11.79,0
U702773,BE,web,zone_032,,3,5,0,9.89,0
U702774,FR,android,zone_041,9.42,12,7,2,26.35,0
U702775,CH,ios,zone_008,20.14,12,7,1,25.0,0
U702776,BE,android,zone_063,19.6,12,8,2,23.63,0
U702777,FR,android,zone_121,25.53,13,5,2,24.76,0
U702778,DE,web,zone_051,10.93,9,16,1,25.38,0
U702779,FR,ios,zone_072,18.59,11,12,0,11.13,0
U702780,FR,web,zone_040,28.22,8,4,0,27.7,0
U702781,FR,ios,zone_096,12.28,12,4,1,19.24,0
U702782,FR,ios,zone_035,4.7,6,9,0,18.73,0
U702783,FR,android,zone_087,11.64,11,5,0,30.32,0
U702784,FR,web,zone_053,9.74,5,10,0,15.69,0
U702785,ES,web,zone_118,6.18,14,13,1,15.36,0
U702786,IT,android,zone_079,7.07,6,1,2,14.12,0
U702787,FR,ios,zone_093,16.05,8,12,0,13.71,0
U702788,BE,android,zone_082,27.58,8,11,0,27.97,0
U702789,ES,ios,zone_170,28.49,9,7,0,23.4,1
U702790,CH,android,zone_082,12.3,5,7,0,8.58,0
U702791,ES,android,zone_088,4.33,13,5,0,23.53,0
U702792,ES,android,zone_171,13.49,6,6,1,4.51,0
U702793,IT,ios,zone_215,14.18,13,11,0,14.51,0
U702794,IT,android,zone_024,7.35,6,4,0,35.68,0
U702795,BE,android,zone_105,17.7,8,9,0,32.12,0
U702796,FR,web,zone_130,23.78,12,10,0,16.81,0
U702797,IT,web,zone_059,20.57,7,9,1,17.66,0
U702798,FR,android,zone_084,7.29,15,6,1,17.7,0
U702799,FR,android,zone_176,12.6,10,11,0,28.2,0
U702800,FR,android,zone_040,9.57,6,12,0,15.33,0
U702801,IT,ios,zone_075,10.59,9,12,0,19.73,0
U702802,DE,android,zone_015,35.0,2,7,1,26.08,0
U702803,FR,ios,zone_101,4.24,8,8,0,27.64,0
U702804,FR,android,zone_044,2.58,6,6,1,10.47,0
U702805,FR,android,zone_059,,3,10,1,35.16,0
U702806,IT,ios,zone_043,17.32,16,5,0,20.69,0
U702807,FR,web,zone_175,5.52,14,5,0,12.16,0
U702808,FR,ios,zone_068,8.16,6,5,1,14.51,0
U702809,ES,android,zone_124,14.28,2,12,2,15.81,0
U702810,FR,ios,zone_121,3.1,11,6,1,17.76,0
U702811,FR,android,zone_069,24.7,9,4,0,16.19,0
U702812,BE,android,zone_154,29.25,11,9,0,13.97,0
U702813,FR,web,zone_159,3.61,5,8,0,25.52,0
U702814,FR,ios,zone_075,13.16,11,13,1,27.59,0
U702815,FR,ios,zone_042,15.54,10,9,2,17.05,0
U702816,FR,android,zone_062,10.36,10,11,0,28.48,0
U702817,DE,android,zone_084,27.22,10,9,2,10.73,0
U702818,IT,ios,zone_072,57.55,10,10,0,21.96,1
U702819,FR,ios,zone_070,13.74,14,10,0,18.7,0
U702820,DE,web,zone_025,20.18,7,12,1,15.54,0
U702821,DE,ios,zone_171,11.72,11,2,0,20.14,0
U702822,DE,web,zone_164,21.96,9,11,0,23.06,0
U702823,IT,android,zone_162,9.83,9,12,0,16.2,0
U702824,IT,android,zone_010,22.6,7,11,0,12.16,0
U702825,FR,web,zone_165,9.46,6,7,2,34.29,0
U702826,FR,web,zone_098,19.44,9,10,2,17.76,0
U702827,FR,ios,zone_013,10.76,15,7,1,11.47,0
U702828,ES,ios,zone_035,19.57,11,6,1,21.74,0
U702829,FR,android,zone_142,15.39,6,11,0,4.63,0
U702830,FR,android,zone_193,5.96,11,9,0,9.24,0
U702831,FR,android,zone_051,37.46,10,8,1,4.22,0
U702832,FR,android,zone_097,7.31,11,10,0,37.51,1
U702833,FR,android,zone_211,28.16,10,4,0,15.4,0
U702834,DE,web,zone_057,12.58,11,10,1,20.87,0
U702835,DE,android,zone_118,13.52,12,10,1,23.11,0
U702836,IT,web,zone_172,3.46,10,7,0,23.1,0
U702837,FR,ios,zone_195,40.82,8,9,0,17.22,1
U702838,FR,android,zone_196,11.1,7,6,2,7.17,0
U702839,CH,ios,zone_128,5.99,11,5,1,22.5,0
U702840,FR,web,zone_066,5.36,6,9,1,35.54,0
U702841,FR,android,zone_068,24.72,11,10,0,16.05,0
U702842,FR,android,zone_140,31.49,7,8,1,19.14,0
U702843,BE,android,zone_198,7.58,8,6,0,11.69,0
U702844,IT,web,zone_210,11.87,11,6,0,3.54,0
U702845,ES,ios,zone_104,1.78,12,5,1,22.76,0
U702846,FR,android,zone_152,16.92,9,6,1,16.95,0
U702847,BE,web,zone_001,8.54,6,6,1,9.82,0
U702848,FR,android,zone_143,14.73,10,7,0,16.39,0
U702849,CH,ios,zone_084,34.1,12,11,2,18.31,0
U702850,BE,ios,zone_179,19.22,5,8,0,13.53,0
U702851,FR,ios,zone_209,11.08,7,7,1,26.87,0
U702852,IT,ios,zone_162,25.86,10,4,0,18.29,0
U702853,FR,android,zone_006,12.44,8,12,2,33.09,0
U702854,FR,android,zone_178,8.12,8,5,1,22.2,0
U702855,FR,android,zone_035,26.98,9,3,1,27.62,0
U702856,IT,web,zone_080,19.22,8,11,0,22.53,0
U702857,FR,ios,zone_028,21.08,9,9,2,16.23,0
U702858,BE,android,zone_146,18.66,15,11,2,37.78,0
U702859,FR,ios,zone_134,8.27,14,9,1,18.77,0
U702860,FR,ios,zone_004,22.42,10,8,0,20.46,0
U702861,FR,android,zone_177,2.1,9,6,2,29.31,0
U702862,DE,ios,zone_171,30.61,10,8,1,13.3,0
U702863,FR,ios,zone_001,1.66,8,6,1,26.14,0
U702864,BE,web,zone_114,21.66,9,5,0,21.78,0
U702865,ES,android,zone_181,29.76,16,12,1,23.18,0
U702866,FR,web,zone_217,17.87,9,11,0,12.44,0
U702867,FR,ios,zone_031,15.84,6,9,3,34.76,0
U702868,IT,web,zone_079,35.95,9,9,0,11.03,0
U702869,FR,android,zone_080,2.61,9,9,0,17.27,0
U702870,FR,ios,zone_102,18.11,9,13,0,28.81,0
U702871,ES,android,zone_162,16.82,7,10,1,12.65,0
U702872,FR,ios,zone_188,20.49,9,8,0,10.69,0
U702873,FR,android,zone_204,6.57,12,11,0,22.59,0
U702874,FR,ios,zone_029,7.57,6,3,2,19.78,0
U702875,FR,ios,zone_212,16.03,14,6,1,25.42,0
U702876,FR,web,zone_175,14.45,12,8,1,12.0,0
U702877,FR,android,zone_052,14.2,9,8,0,15.1,0
U702878,FR,ios,zone_015,11.77,9,11,0,10.69,0
U702879,IT,android,zone_217,11.15,17,8,0,29.76,0
U702880,IT,ios,zone_090,4.82,10,5,1,8.09,0
U702881,FR,web,zone_178,7.73,14,7,2,28.05,0
U702882,DE,android,zone_158,9.17,13,9,1,18.05,0
U702883,BE,android,zone_108,8.66,5,11,1,9.64,0
U702884,FR,android,zone_055,6.34,10,10,1,15.22,0
U702885,ES,android,zone_138,12.89,8,8,2,26.46,0
U702886,ES,ios,zone_138,27.45,10,7,2,25.77,1
U702887,DE,web,zone_136,9.19,9,3,0,30.13,0
U702888,FR,android,zone_142,12.25,7,9,2,20.31,0
U702889,FR,ios,zone_195,25.52,10,12,0,27.14,0
U702890,CH,ios,zone_063,17.13,7,12,1,25.59,0
U702891,CH,ios,zone_087,21.04,11,4,1,23.34,0
U702892,DE,ios,zone_057,21.59,11,8,2,8.53,0
U702893,DE,ios,zone_186,15.89,9,8,1,15.14,0
U702894,FR,web,zone_177,7.88,9,9,1,16.51,0
U702895,FR,android,zone_173,6.94,5,5,0,12.88,0
U702896,FR,android,zone_154,22.54,7,12,2,18.44,0
U702897,FR,android,zone_032,5.43,15,5,1,11.18,0
U702898,FR,android,zone_208,6.51,7,9,0,24.21,0
U702899,DE,android,zone_105,15.98,4,4,2,15.34,0
U702900,FR,android,zone_185,6.55,8,12,0,28.83,0
U702901,FR,android,zone_183,18.06,9,6,1,16.52,0
U702902,FR,ios,zone_095,16.19,8,13,0,10.53,0
U702903,FR,ios,zone_213,27.88,10,9,1,29.86,0
U702904,FR,ios,zone_172,9.06,10,3,0,10.36,0
U702905,FR,ios,zone_018,27.91,12,6,0,21.78,0
U702906,FR,ios,zone_149,8.13,11,5,0,17.77,0
U702907,DE,android,zone_214,22.51,5,6,2,28.13,1
U702908,IT,ios,zone_140,26.87,10,7,1,4.59,0
U702909,FR,android,zone_192,37.86,12,13,0,27.29,0
U702910,FR,web,zone_202,15.14,6,7,2,25.34,0
U702911,FR,ios,zone_150,12.42,6,8,0,15.47,0
U702912,FR,ios,zone_070,34.84,10,7,0,13.87,0
U702913,BE,android,zone_082,2.68,10,9,0,19.56,0
U702914,DE,ios,zone_180,5.84,11,6,0,16.27,0
U702915,FR,android,zone_195,11.38,8,14,0,27.9,0
U702916,DE,web,zone_113,15.63,3,3,0,26.08,0
U702917,BE,android,zone_059,7.85,8,9,1,19.49,0
U702918,DE,ios,zone_024,20.28,3,4,0,27.21,0
U702919,FR,ios,zone_023,,11,13,2,29.32,0
U702920,FR,android,zone_068,11.11,10,8,1,27.43,0
U702921,FR,android,zone_001,3.81,17,9,1,9.92,1
U702922,FR,ios,zone_189,17.51,8,11,1,29.69,0
U702923,FR,android,zone_089,32.08,6,9,0,18.0,0
U702924,IT,web,zone_091,6.85,11,9,0,19.3,0
U702925,ES,android,zone_133,8.34,16,9,0,30.5,0
U702926,IT,ios,zone_157,9.87,15,9,1,16.28,0
U702927,ES,android,zone_048,18.9,9,7,1,15.49,0
U702928,FR,android,zone_016,13.3,12,6,1,20.85,0
U702929,BE,web,zone_011,19.78,12,9,0,19.56,0
U702930,CH,android,zone_077,15.4,7,13,0,33.2,0
U702931,ES,android,zone_006,4.35,12,7,0,26.84,0
U702932,CH,android,zone_164,12.17,6,5,2,23.09,0
U702933,FR,android,zone_160,32.73,13,11,1,25.27,0
U702934,FR,android,zone_161,12.87,4,7,0,20.5,0
U702935,FR,android,zone_084,5.8,11,8,1,9.2,0
U702936,FR,android,zone_091,9.38,5,5,0,27.13,0
U702937,ES,web,zone_139,10.38,6,9,0,21.88,0
U702938,FR,ios,zone_108,10.31,7,8,2,9.21,0
U702939,FR,android,zone_070,2.14,8,4,0,34.81,0
U702940,IT,ios,zone_058,18.99,9,7,1,28.73,0
U702941,FR,web,zone_033,7.69,8,4,2,19.0,0
U702942,FR,android,zone_027,,5,7,0,7.21,0
U702943,FR,web,zone_018,32.06,14,9,2,13.99,1
U702944,DE,android,zone_007,15.46,11,4,0,25.13,0
U702945,FR,android,zone_000,11.76,13,6,0,23.43,0
U702946,FR,android,zone_177,13.79,11,12,0,19.81,0
U702947,DE,android,zone_099,3.7,9,3,1,21.18,0
U702948,BE,ios,zone_014,24.09,9,6,2,13.41,0
U702949,IT,web,zone_023,19.3,5,4,0,23.73,0
U702950,ES,ios,zone_145,3.52,8,8,1,13.8,0
U702951,FR,ios,zone_209,2.43,8,3,0,16.48,0
U702952,FR,android,zone_042,21.75,7,8,0,19.12,0
U702953,FR,ios,zone_082,5.73,8,5,2,21.55,0
U702954,BE,android,zone_143,25.93,8,11,0,10.47,0
U702955,FR,android,zone_194,9.1,12,10,0,13.77,0
U702956,FR,ios,zone_215,11.59,12,12,1,30.29,0
U702957,IT,ios,zone_017,14.24,4,13,1,35.8,0
U702958,FR,android,zone_184,24.92,7,7,0,21.92,0
U702959,FR,android,zone_025,16.91,8,12,0,15.18,0
U702960,ES,web,zone_089,32.13,8,5,2,22.95,1
U702961,DE,ios,zone_109,21.68,7,7,0,8.91,0
U702962,FR,android,zone_018,19.12,14,10,2,22.82,0
U702963,DE,android,zone_177,30.01,12,7,0,16.9,0
U702964,DE,android,zone_017,15.71,8,8,0,22.11,0
U702965,FR,web,zone_163,12.28,14,10,1,17.54,0
U702966,FR,ios,zone_136,,5,6,0,23.62,0
U702967,CH,ios,zone_050,18.54,8,4,1,22.16,0
U702968,ES,android,zone_152,14.57,8,6,1,19.14,0
U702969,ES,web,zone_086,20.58,14,6,2,23.16,0
U702970,FR,android,zone_106,8.4,8,9,1,14.38,0
U702971,CH,android,zone_131,29.52,7,5,0,19.38,1
U702972,IT,ios,zone_098,52.21,9,5,0,18.78,0
U702973,FR,web,zone_066,8.54,7,9,0,18.64,0
U702974,FR,android,zone_003,11.47,6,3,1,28.45,0
U702975,BE,web,zone_035,9.49,11,8,0,11.31,0
U702976,FR,android,zone_114,3.14,15,8,0,32.69,0
U702977,FR,web,zone_097,25.01,2,13,0,31.46,0
U702978,FR,android,zone_053,21.42,5,8,0,8.5,1
U702979,FR,ios,zone_102,3.47,9,4,1,9.06,0
U702980,BE,android,zone_200,15.88,8,4,0,25.34,0
U702981,FR,android,zone_048,12.68,7,7,0,21.26,0
U702982,FR,web,zone_077,15.99,12,7,0,29.92,0
U702983,ES,web,zone_081,15.48,9,11,2,23.12,0
U702984,FR,web,zone_140,16.97,4,8,0,9.45,0
U702985,DE,ios,zone_036,15.7,14,4,0,20.0,1
U702986,FR,android,zone_177,12.28,11,7,0,15.58,0
U702987,IT,android,zone_113,13.83,10,5,0,21.69,0
U702988,FR,ios,zone_004,13.27,11,5,1,24.1,0
U702989,CH,android,zone_179,33.13,9,13,2,3.45,0
U702990,FR,ios,zone_048,4.52,10,6,1,19.88,0
U702991,FR,android,zone_050,15.44,6,12,1,25.55,0
U702992,FR,android,zone_004,2.9,10,14,0,13.46,0
U702993,FR,android,zone_201,25.53,9,4,1,11.85,0
U702994,ES,android,zone_201,18.43,9,7,1,10.07,0
U702995,FR,android,zone_026,14.95,6,7,0,19.91,0
U702996,BE,android,zone_178,28.11,11,11,3,13.33,0
U702997,FR,ios,zone_211,7.51,13,7,0,25.48,0
U702998,BE,ios,zone_217,9.37,6,7,0,24.06,0
U702999,FR,android,zone_211,10.43,9,8,0,14.24,0
U703000,FR,ios,zone_126,15.17,6,9,0,12.02,0
U703001,CH,android,zone_123,12.75,7,7,0,29.52,0
U703002,DE,ios,zone_035,19.27,3,7,0,8.95,0
U703003,IT,android,zone_149,13.24,13,8,2,24.54,0
U703004,DE,android,zone_079,21.27,10,8,1,13.41,0
U703005,FR,web,zone_172,5.8,11,9,0,26.78,0
U703006,FR,android,zone_103,31.83,13,4,0,11.91,0
U703007,FR,android,zone_043,4.8,12,10,1,15.03,1
U703008,IT,ios,zone_103,17.06,12,6,0,24.43,0
U703009,IT,android,zone_073,4.83,6,3,1,22.48,0
U703010,IT,android,zone_007,22.64,10,12,0,22.84,0
U703011,CH,android,zone_072,13.68,5,8,0,25.85,0
U703012,FR,web,zone_174,1.2,9,11,1,19.77,0
U703013,DE,web,zone_066,5.55,8,7,2,22.57,0
U703014,DE,android,zone_143,36.44,5,12,0,40.09,0
U703015,FR,web,zone_065,14.78,8,13,0,13.85,0
U703016,FR,android,zone_051,7.89,9,19,0,20.93,0
U703017,IT,web,zone_146,11.33,11,6,0,2.83,0
U703018,BE,android,zone_076,,10,5,1,23.7,0
U703019,IT,web,zone_083,5.53,9,4,0,3.01,0
U703020,BE,ios,zone_108,4.22,6,9,2,17.64,0
U703021,IT,ios,zone_064,6.95,11,5,0,12.21,0
U703022,FR,web,zone_148,10.18,10,7,0,22.84,0
U703023,DE,android,zone_160,2.26,7,6,1,15.54,0
U703024,FR,ios,zone_022,14.24,8,7,0,18.9,0
U703025,IT,android,zone_177,14.41,6,7,1,9.89,0
U703026,FR,ios,zone_159,12.07,11,11,1,25.18,0
U703027,FR,android,zone_030,13.52,5,7,1,20.05,0
U703028,FR,ios,zone_025,30.12,9,7,0,17.64,0
U703029,DE,ios,zone_104,4.82,13,8,0,22.82,0
U703030,FR,ios,zone_187,10.51,5,9,1,16.96,0
U703031,FR,web,zone_066,5.46,5,12,0,21.53,0
U703032,FR,ios,zone_103,17.05,12,6,0,16.8,0
U703033,IT,ios,zone_127,8.74,11,8,0,13.94,0
U703034,FR,ios,zone_062,2.04,7,10,0,19.27,0
U703035,FR,web,zone_095,31.37,11,8,1,15.85,0
U703036,BE,android,zone_036,4.57,13,11,0,19.99,0
U703037,IT,web,zone_127,8.83,6,8,0,13.59,0
U703038,ES,ios,zone_068,19.87,9,9,1,16.84,0
U703039,BE,ios,zone_172,15.14,11,6,2,19.76,0
U703040,BE,ios,zone_075,4.66,15,8,1,18.0,0
U703041,FR,ios,zone_090,13.9,10,7,0,25.94,0
U703042,FR,web,zone_106,19.62,11,8,0,24.34,0
U703043,FR,android,zone_109,13.1,10,5,0,24.65,0
U703044,FR,android,zone_088,23.45,12,8,1,18.53,0
U703045,FR,ios,zone_067,15.41,6,11,0,17.58,0
U703046,FR,ios,zone_079,12.03,13,7,0,21.81,0
U703047,BE,android,zone_019,15.7,10,14,0,20.63,0
U703048,FR,ios,zone_182,30.29,7,7,0,11.04,0
U703049,ES,web,zone_052,13.59,6,10,0,18.34,0
U703050,ES,android,zone_014,7.73,11,6,1,14.62,0
U703051,DE,ios,zone_051,18.28,9,13,1,27.75,0
U703052,FR,ios,zone_166,22.53,11,6,1,15.77,0
U703053,DE,ios,zone_107,3.18,10,9,0,15.93,0
U703054,CH,ios,zone_143,22.86,10,5,1,17.45,0
U703055,IT,ios,zone_145,13.43,13,12,0,28.2,0
U703056,FR,android,zone_012,17.76,10,13,1,29.71,0
U703057,CH,android,zone_090,,5,8,0,23.67,0
U703058,FR,ios,zone_004,3.79,8,7,1,12.46,0
U703059,DE,android,zone_099,11.25,11,8,1,18.74,0
U703060,ES,web,zone_019,15.07,7,10,0,3.59,0
U703061,BE,android,zone_117,10.06,16,7,0,10.52,0
U703062,FR,android,zone_131,24.53,5,8,0,13.6,0
U703063,FR,ios,zone_065,3.77,15,13,2,20.52,1
U703064,IT,android,zone_191,23.66,15,8,0,27.61,0
U703065,IT,web,zone_176,20.39,15,7,1,28.06,0
U703066,IT,android,zone_069,3.75,3,9,1,10.75,0
U703067,IT,android,zone_103,7.13,7,8,1,19.71,0
U703068,CH,android,zone_028,15.85,10,3,2,20.08,0
U703069,BE,web,zone_100,7.35,3,14,1,22.04,0
U703070,DE,ios,zone_111,6.66,10,9,0,31.77,0
U703071,FR,ios,zone_121,21.86,8,8,3,29.19,0
U703072,FR,ios,zone_017,9.92,7,8,2,32.05,0
U703073,DE,android,zone_080,2.43,4,9,0,24.64,0
U703074,FR,android,zone_047,4.8,14,9,0,17.93,0
U703075,FR,android,zone_021,1.36,9,7,0,15.48,0
U703076,DE,android,zone_151,4.4,8,13,0,17.64,0
U703077,DE,android,zone_096,5.84,12,7,2,15.42,1
U703078,FR,android,zone_059,11.21,12,8,0,27.56,0
U703079,FR,web,zone_177,11.35,7,7,0,34.73,0
U703080,FR,ios,zone_127,20.94,10,9,1,30.39,0
U703081,ES,ios,zone_217,24.73,16,6,0,22.99,0
U703082,FR,android,zone_196,14.24,8,12,0,20.07,0
U703083,FR,ios,zone_181,6.61,7,7,0,21.16,0
U703084,FR,ios,zone_119,11.73,3,8,2,13.2,0
U703085,DE,android,zone_057,15.5,7,14,1,16.5,0
U703086,IT,web,zone_161,8.9,8,8,0,24.13,0
U703087,FR,ios,zone_048,24.89,7,5,1,31.66,0
U703088,FR,web,zone_193,23.29,5,17,1,18.95,0
U703089,BE,web,zone_188,15.2,9,9,1,18.26,0
U703090,FR,android,zone_215,9.57,11,3,0,19.02,0
U703091,FR,android,zone_147,6.4,12,8,0,14.72,0
U703092,FR,web,zone_027,10.83,1,6,1,12.76,0
U703093,FR,ios,zone_155,18.17,7,7,2,23.36,0
U703094,FR,ios,zone_043,29.24,15,7,1,12.59,0
U703095,FR,ios,zone_051,6.19,6,12,0,17.83,0
U703096,FR,ios,zone_028,26.44,9,14,0,15.75,0
U703097,BE,ios,zone_055,29.7,6,9,1,24.21,0
U703098,IT,android,zone_124,16.78,9,3,0,25.12,0
U703099,FR,ios,zone_110,16.28,6,5,0,11.21,0
U703100,FR,android,zone_086,8.46,10,4,0,19.76,0
U703101,FR,android,zone_072,,7,10,0,17.61,0
U703102,ES,android,zone_141,25.77,12,7,1,24.1,0
U703103,FR,android,zone_081,6.06,14,7,0,29.57,0
U703104,IT,ios,zone_002,11.58,10,13,1,19.52,0
U703105,FR,web,zone_218,9.0,10,9,0,18.52,0
U703106,FR,ios,zone_047,13.06,13,2,1,12.86,0
U703107,BE,web,zone_082,21.67,13,8,1,26.82,0
U703108,BE,android,zone_040,2.77,13,5,0,20.14,0
U703109,BE,ios,zone_188,,11,12,0,23.26,0
U703110,FR,android,zone_170,22.98,5,10,0,12.31,0
U703111,DE,android,zone_178,5.39,7,11,0,32.54,0
U703112,FR,ios,zone_119,24.43,10,4,0,19.56,0
U703113,IT,web,zone_110,4.25,6,9,0,19.45,0
U703114,FR,ios,zone_071,8.17,5,11,1,22.51,0
U703115,FR,web,zone_208,11.95,10,9,2,14.85,1
U703116,BE,web,zone_172,20.12,10,7,1,14.17,0
U703117,FR,ios,zone_086,24.75,14,5,1,18.55,0
U703118,FR,android,zone_039,8.14,7,11,2,15.33,0
U703119,FR,android,zone_094,22.72,11,7,2,1.07,0
U703120,ES,web,zone_003,23.12,6,14,0,26.53,0
U703121,DE,web,zone_040,3.02,11,8,0,0.99,0
U703122,FR,ios,zone_079,16.32,10,5,0,23.29,0
U703123,FR,android,zone_137,15.78,7,5,0,24.08,0
U703124,FR,ios,zone_013,35.49,6,13,0,13.22,0
U703125,FR,web,zone_062,9.12,6,8,1,24.37,0
U703126,FR,web,zone_063,10.63,8,9,2,11.72,0
U703127,FR,android,zone_097,5.59,9,7,0,19.36,0
U703128,ES,web,zone_033,14.6,7,10,0,26.46,0
U703129,FR,android,zone_188,28.07,9,6,0,17.26,0
U703130,FR,web,zone_144,9.97,7,8,0,24.99,0
U703131,BE,android,zone_173,22.79,9,10,1,22.93,0
U703132,FR,ios,zone_207,11.71,12,8,1,9.64,0
U703133,FR,android,zone_023,11.42,7,7,0,8.92,1
U703134,FR,ios,zone_049,3.4,9,7,0,33.57,0
U703135,FR,ios,zone_165,2.86,13,11,1,14.08,1
U703136,FR,web,zone_124,24.28,8,11,2,21.59,0
U703137,BE,web,zone_140,20.31,11,6,0,22.37,0
U703138,ES,android,zone_213,6.89,8,8,0,16.88,0
U703139,FR,ios,zone_163,3.52,9,4,0,25.0,0
U703140,FR,web,zone_010,13.7,9,6,1,21.53,0
U703141,CH,ios,zone_007,12.4,8,11,0,10.17,0
U703142,FR,web,zone_007,12.47,7,9,0,15.07,0
U703143,FR,android,zone_129,17.81,12,8,1,17.48,1
U703144,IT,android,zone_098,7.32,7,7,0,12.17,0
U703145,FR,android,zone_023,41.76,8,6,0,30.85,1
U703146,IT,web,zone_026,6.17,10,5,0,16.24,0
U703147,FR,web,zone_152,13.9,9,7,1,11.59,0
U703148,CH,android,zone_021,18.25,10,12,0,14.2,0
U703149,FR,ios,zone_015,3.82,9,15,2,26.1,0
U703150,IT,ios,zone_051,4.87,10,8,0,18.05,0
U703151,ES,web,zone_024,1.9,18,11,0,26.08,0
U703152,FR,android,zone_210,2.8,10,4,1,38.22,0
U703153,FR,android,zone_034,32.21,8,1,0,17.09,0
U703154,IT,android,zone_192,7.98,8,10,0,15.07,0
U703155,CH,ios,zone_131,8.76,5,7,0,18.25,0
U703156,DE,ios,zone_202,10.7,10,7,0,19.18,0
U703157,FR,android,zone_106,17.7,12,4,1,16.51,0
U703158,ES,web,zone_084,14.3,10,9,1,0.72,0
U703159,FR,web,zone_134,9.92,9,6,0,10.93,0
U703160,DE,ios,zone_024,4.64,10,11,0,22.96,0
U703161,FR,android,zone_082,4.64,10,10,1,26.6,0
U703162,FR,ios,zone_081,38.82,10,9,0,25.5,0
U703163,FR,android,zone_144,38.35,7,6,1,11.5,0
U703164,FR,android,zone_000,2.0,11,9,1,14.3,0
U703165,FR,ios,zone_087,13.24,11,7,0,16.93,0
U703166,ES,web,zone_207,4.28,9,12,0,17.35,0
U703167,BE,ios,zone_106,6.33,9,12,0,26.35,0
U703168,ES,web,zone_210,8.76,6,6,0,8.05,0
U703169,DE,web,zone_196,,6,6,1,24.09,0
U703170,BE,web,zone_119,23.76,10,11,1,24.88,0
U703171,FR,android,zone_065,14.37,12,6,0,14.02,0
U703172,CH,android,zone_217,19.76,5,19,2,12.97,0
U703173,FR,ios,zone_147,2.58,7,10,2,15.45,1
U703174,FR,android,zone_125,11.14,10,8,0,22.37,0
U703175,FR,web,zone_035,20.25,5,9,0,13.78,0
U703176,DE,ios,zone_084,7.51,9,5,0,19.36,0
U703177,FR,android,zone_169,1.97,5,6,0,25.52,0
U703178,FR,ios,zone_080,8.15,11,6,0,15.59,0
U703179,FR,ios,zone_033,27.35,13,4,1,9.89,0
U703180,BE,ios,zone_008,11.85,6,11,0,21.53,0
U703181,FR,android,zone_183,11.52,10,4,0,31.53,0
U703182,BE,android,zone_074,10.79,11,6,0,14.94,0
U703183,FR,android,zone_009,12.27,8,3,0,30.27,0
U703184,FR,android,zone_009,38.87,9,13,1,21.55,0
U703185,ES,ios,zone_063,3.34,14,8,0,26.85,0
U703186,FR,android,zone_162,13.51,7,5,0,26.66,0
U703187,FR,ios,zone_147,25.08,13,4,2,30.04,0
U703188,IT,ios,zone_062,15.61,5,8,0,17.89,0
U703189,FR,android,zone_020,16.24,5,6,2,16.69,0
U703190,ES,ios,zone_135,3.51,8,6,0,17.62,0
U703191,FR,android,zone_201,32.0,7,11,0,8.91,0
U703192,FR,ios,zone_135,7.27,6,11,0,11.24,0
U703193,ES,android,zone_110,9.69,6,7,2,26.3,0
U703194,DE,ios,zone_121,11.54,4,11,0,13.23,0
U703195,FR,android,zone_092,22.04,4,9,2,15.27,0
U703196,FR,web,zone_055,12.76,7,8,1,32.43,0
U703197,DE,web,zone_123,2.87,5,11,1,14.81,0
U703198,IT,ios,zone_213,17.29,14,10,3,0.0,0
U703199,BE,ios,zone_193,18.0,9,11,0,12.13,0
U703200,FR,web,zone_086,15.89,13,10,0,28.21,0
U703201,IT,ios,zone_055,6.38,15,4,0,16.44,0
U703202,FR,android,zone_110,10.98,9,3,0,10.23,0
U703203,IT,ios,zone_098,33.84,9,7,1,11.77,0
U703204,FR,ios,zone_016,2.26,12,4,1,16.12,0
U703205,IT,web,zone_036,20.52,8,5,1,11.25,0
U703206,ES,web,zone_190,18.22,10,13,0,16.52,0
U703207,FR,android,zone_201,13.12,12,11,0,32.03,0
U703208,FR,android,zone_185,10.53,5,9,0,10.96,0
U703209,FR,android,zone_217,13.19,9,13,2,18.1,0
U703210,DE,ios,zone_086,2.46,10,12,2,30.44,0
U703211,CH,web,zone_078,14.47,9,7,0,29.56,0
U703212,FR,android,zone_106,6.48,9,11,2,11.44,0
U703213,BE,web,zone_146,2.94,9,7,0,17.47,0
U703214,IT,ios,zone_011,18.57,3,5,0,36.3,0
U703215,FR,ios,zone_155,11.78,8,6,0,20.26,0
U703216,FR,ios,zone_167,22.92,9,7,0,20.06,0
U703217,DE,android,zone_077,12.46,8,10,1,15.62,0
U703218,FR,web,zone_037,31.3,9,3,0,5.83,0
U703219,BE,web,zone_198,33.51,12,7,1,17.55,0
U703220,IT,web,zone_195,14.02,9,12,0,13.82,0
U703221,FR,web,zone_109,,7,8,1,30.28,0
U703222,ES,android,zone_068,0.42,6,4,0,7.61,0
U703223,DE,android,zone_185,11.21,2,9,0,23.29,0
U703224,BE,ios,zone_005,21.53,7,12,1,9.38,0
U703225,BE,ios,zone_117,,9,3,1,14.47,0
U703226,FR,android,zone_216,5.72,11,9,0,32.72,0
U703227,FR,web,zone_156,1.98,10,6,1,26.37,0
U703228,FR,android,zone_008,20.34,11,9,0,24.62,0
U703229,FR,android,zone_079,29.64,11,5,0,10.31,0
U703230,FR,android,zone_067,4.61,4,8,0,37.17,0
U703231,FR,web,zone_133,19.53,8,4,1,27.8,0
U703232,DE,android,zone_193,23.73,9,9,0,24.5,0
U703233,BE,android,zone_206,15.09,5,11,1,16.77,0
U703234,IT,android,zone_042,20.54,8,11,0,3.59,0
U703235,FR,ios,zone_132,14.09,4,7,1,32.61,0
U703236,BE,ios,zone_081,10.45,7,7,1,24.71,0
U703237,BE,ios,zone_067,8.21,8,10,1,6.74,0
U703238,IT,web,zone_213,15.36,2,6,0,17.46,0
U703239,FR,android,zone_154,26.25,3,10,1,22.66,0
U703240,FR,ios,zone_002,23.34,12,9,0,16.31,0
U703241,ES,android,zone_167,23.45,4,7,0,13.01,0
U703242,ES,ios,zone_138,10.05,7,5,2,20.35,0
U703243,FR,android,zone_192,26.32,8,11,1,12.46,0
U703244,BE,android,zone_200,3.92,9,9,1,25.03,0
U703245,FR,android,zone_134,11.92,8,5,2,22.84,0
U703246,DE,android,zone_039,34.36,8,7,0,8.33,0
U703247,ES,android,zone_068,5.09,9,3,0,14.4,0
U703248,BE,ios,zone_088,19.0,11,11,0,19.11,0
U703249,BE,ios,zone_131,10.86,15,4,1,12.76,1
U703250,IT,web,zone_169,18.67,13,8,0,28.94,0
U703251,FR,ios,zone_074,3.14,8,10,0,17.7,0
U703252,BE,android,zone_012,12.96,10,5,1,15.58,0
U703253,FR,web,zone_109,5.46,7,7,1,16.52,0
U703254,IT,android,zone_078,11.75,9,8,1,8.38,0
U703255,FR,ios,zone_052,25.85,15,9,0,7.96,0
U703256,FR,android,zone_118,11.76,10,8,0,23.87,0
U703257,FR,ios,zone_074,12.39,18,12,0,22.47,0
U703258,FR,ios,zone_199,23.18,5,3,1,32.28,0
U703259,IT,android,zone_175,29.74,10,9,0,17.08,0
U703260,ES,ios,zone_206,9.43,8,4,1,11.49,0
U703261,IT,ios,zone_122,7.13,6,10,0,21.76,0
U703262,FR,android,zone_204,34.53,10,5,0,38.5,0
U703263,FR,android,zone_138,7.09,9,5,0,19.0,0
U703264,ES,web,zone_045,21.71,7,9,0,12.71,0
U703265,CH,android,zone_154,3.77,18,11,0,22.53,0
U703266,IT,ios,zone_200,10.59,9,11,0,23.86,0
U703267,FR,ios,zone_071,14.45,9,5,0,26.63,0
U703268,BE,android,zone_042,14.08,8,6,1,16.64,0
U703269,BE,android,zone_051,9.33,8,9,1,14.63,0
U703270,ES,ios,zone_210,7.12,7,9,0,2.67,1
U703271,IT,android,zone_033,28.75,7,9,0,10.23,0
U703272,IT,ios,zone_053,4.36,14,9,0,17.86,0
U703273,ES,ios,zone_036,12.08,6,7,0,26.15,0
U703274,FR,ios,zone_128,14.94,4,5,2,15.15,0
U703275,FR,ios,zone_048,22.9,8,10,0,16.14,0
U703276,CH,android,zone_047,10.31,13,5,0,11.55,0
U703277,FR,web,zone_054,9.96,13,7,1,23.71,0
U703278,ES,android,zone_031,30.77,13,9,1,23.65,0
U703279,IT,web,zone_165,10.06,8,10,1,9.84,0
U703280,BE,android,zone_081,27.44,11,7,0,15.19,0
U703281,CH,android,zone_060,6.88,9,9,1,12.55,0
U703282,CH,android,zone_100,6.49,8,10,0,21.41,0
U703283,BE,ios,zone_199,8.6,11,8,1,22.54,0
U703284,FR,web,zone_024,23.37,4,9,0,7.63,0
U703285,DE,ios,zone_083,21.15,5,8,0,12.99,0
U703286,FR,android,zone_163,35.0,6,7,0,29.84,0
U703287,ES,android,zone_123,33.03,6,7,2,17.17,0
U703288,FR,android,zone_135,10.3,6,9,1,16.39,0
U703289,ES,web,zone_059,11.81,7,10,0,27.19,0
U703290,BE,android,zone_072,10.6,5,7,2,28.25,0
U703291,FR,ios,zone_111,2.69,8,13,0,11.98,0
U703292,FR,web,zone_049,16.51,12,14,0,22.94,0
U703293,FR,ios,zone_010,17.81,6,6,0,16.57,0
U703294,FR,android,zone_184,4.46,5,7,0,18.23,0
U703295,FR,ios,zone_026,15.84,8,11,1,10.91,0
U703296,FR,android,zone_108,2.77,14,8,0,27.42,0
U703297,FR,android,zone_087,9.35,8,4,0,19.34,0
U703298,FR,android,zone_151,,4,11,1,29.23,0
U703299,FR,ios,zone_140,7.15,9,6,0,7.06,0
U703300,DE,web,zone_178,3.75,9,13,1,13.44,0
U703301,DE,ios,zone_198,7.91,10,5,1,10.65,0
U703302,IT,android,zone_005,29.25,8,10,1,14.19,0
U703303,FR,web,zone_170,12.9,10,1,1,15.32,0
U703304,FR,android,zone_215,6.65,11,7,0,22.81,0
U703305,FR,ios,zone_168,15.17,8,5,0,14.78,0
U703306,FR,android,zone_219,4.42,9,11,1,9.81,0
U703307,BE,ios,zone_128,20.22,9,3,0,20.46,0
U703308,CH,ios,zone_027,8.63,6,5,1,16.15,0
U703309,FR,ios,zone_093,27.88,9,12,2,28.57,0
U703310,ES,android,zone_060,32.17,6,8,1,13.94,0
U703311,FR,ios,zone_203,,7,10,1,30.47,0
U703312,ES,android,zone_217,14.25,11,6,2,28.05,0
U703313,FR,android,zone_008,,11,8,1,9.49,0
U703314,FR,android,zone_066,25.49,12,8,1,9.81,0
U703315,DE,android,zone_007,,10,6,0,26.55,0
U703316,ES,android,zone_193,23.73,9,11,0,18.21,0
U703317,FR,web,zone_189,19.74,12,13,0,31.92,0
U703318,FR,android,zone_015,12.47,11,4,0,10.05,0
U703319,FR,android,zone_193,7.36,11,12,0,26.08,0
U703320,FR,web,zone_015,15.47,6,8,0,15.48,0
U703321,FR,android,zone_053,,11,13,0,17.71,0
U703322,FR,android,zone_050,11.3,10,6,0,37.01,0
U703323,IT,ios,zone_105,6.02,8,8,1,23.72,0
U703324,IT,android,zone_149,4.61,10,7,0,22.48,0
U703325,FR,android,zone_064,25.45,9,6,1,21.61,0
U703326,FR,ios,zone_210,17.15,6,10,0,18.46,0
U703327,BE,android,zone_093,7.2,9,4,1,20.12,1
U703328,FR,android,zone_063,18.54,8,6,0,4.7,0
U703329,DE,android,zone_117,17.84,11,7,0,21.31,0
U703330,FR,ios,zone_022,34.69,18,9,0,21.61,0
U703331,FR,web,zone_180,14.42,9,9,2,33.46,0
U703332,FR,ios,zone_122,39.87,10,13,0,21.64,0
U703333,FR,android,zone_010,7.46,9,9,0,18.1,0
U703334,BE,android,zone_132,12.61,9,5,0,24.31,0
U703335,IT,ios,zone_152,13.9,14,4,0,28.51,0
U703336,FR,web,zone_162,26.49,12,7,0,15.86,0
U703337,FR,android,zone_018,10.89,12,7,0,13.67,0
U703338,FR,android,zone_027,12.63,7,11,1,21.19,0
U703339,BE,ios,zone_219,12.5,12,8,0,15.81,0
U703340,FR,android,zone_101,10.49,8,8,1,21.73,0
U703341,FR,android,zone_108,3.93,8,9,1,12.93,0
U703342,DE,web,zone_008,2.81,9,5,0,21.65,0
U703343,BE,android,zone_123,27.07,8,6,0,21.89,0
U703344,DE,web,zone_142,7.34,8,13,0,14.74,0
U703345,BE,android,zone_138,8.7,9,9,0,14.85,0
U703346,FR,android,zone_215,10.57,3,9,0,15.62,0
U703347,FR,ios,zone_202,15.39,12,5,1,8.21,0
U703348,BE,android,zone_213,14.89,11,6,2,11.11,0
U703349,FR,web,zone_036,10.76,7,5,0,26.73,0
U703350,FR,ios,zone_075,23.65,9,7,3,17.38,1
U703351,DE,ios,zone_109,5.82,7,11,1,16.35,0
U703352,IT,ios,zone_109,13.73,9,11,1,6.72,0
U703353,FR,web,zone_092,11.62,8,6,0,15.45,0
U703354,BE,ios,zone_119,37.44,7,14,1,22.3,0
U703355,ES,web,zone_189,9.53,9,9,0,29.62,0
U703356,IT,web,zone_024,29.08,13,12,0,21.39,0
U703357,FR,web,zone_099,13.37,6,8,0,4.22,0
U703358,CH,android,zone_162,9.46,9,7,0,29.56,0
U703359,BE,android,zone_121,19.11,6,8,0,29.5,0
U703360,FR,ios,zone_075,,17,8,0,15.55,0
U703361,IT,android,zone_128,10.3,5,8,0,27.84,0
U703362,CH,android,zone_118,11.68,7,6,0,23.04,0
U703363,FR,ios,zone_040,5.29,12,15,1,22.41,0
U703364,FR,android,zone_082,23.99,5,6,0,17.36,0
U703365,FR,android,zone_200,7.07,7,6,0,12.63,0
U703366,DE,android,zone_094,18.88,5,5,2,11.33,0
U703367,DE,web,zone_100,21.01,8,13,0,18.3,0
U703368,IT,android,zone_164,,6,11,1,24.29,0
U703369,FR,ios,zone_103,19.36,4,6,1,18.24,0
U703370,DE,ios,zone_109,12.75,10,9,0,18.99,0
U703371,ES,web,zone_202,11.64,5,10,4,29.74,0
U703372,ES,ios,zone_130,3.76,8,9,0,29.36,0
U703373,FR,ios,zone_039,7.37,8,14,1,14.44,0
U703374,FR,android,zone_010,8.28,18,5,2,19.52,0
U703375,ES,web,zone_098,20.13,12,12,2,19.44,0
U703376,FR,android,zone_115,18.06,10,10,0,28.45,0
U703377,BE,ios,zone_064,26.24,9,4,0,16.82,0
U703378,CH,web,zone_216,13.87,6,6,0,28.59,0
U703379,FR,android,zone_196,4.79,8,10,0,30.17,0
U703380,DE,android,zone_081,12.22,7,5,0,23.64,0
U703381,DE,android,zone_079,16.63,9,5,1,19.27,1
U703382,IT,android,zone_115,32.43,9,4,1,12.79,0
U703383,DE,web,zone_156,2.35,11,4,1,23.1,0
U703384,CH,ios,zone_038,25.42,7,11,0,23.33,0
U703385,IT,ios,zone_083,10.33,9,5,0,27.03,0
U703386,FR,ios,zone_040,15.04,9,10,1,16.42,0
U703387,IT,android,zone_188,22.75,10,11,1,8.63,0
U703388,FR,android,zone_192,8.16,10,6,0,18.18,0
U703389,FR,web,zone_133,5.91,4,9,0,25.45,0
U703390,DE,ios,zone_101,10.33,8,7,1,22.9,0
U703391,DE,android,zone_005,36.24,10,11,0,20.53,0
U703392,FR,web,zone_046,5.87,6,6,1,20.8,0
U703393,FR,android,zone_116,4.21,9,5,1,28.21,0
U703394,FR,android,zone_116,1.48,13,8,0,17.47,0
U703395,FR,ios,zone_026,10.51,7,6,1,10.05,0
U703396,FR,android,zone_167,14.7,9,13,1,13.32,0
U703397,FR,ios,zone_096,23.09,10,10,1,24.97,0
U703398,FR,android,zone_137,11.65,6,6,1,0.77,0
U703399,FR,ios,zone_061,7.01,13,3,1,20.11,0
U703400,DE,android,zone_116,8.3,13,6,0,30.68,0
U703401,DE,android,zone_213,12.1,9,5,2,17.07,0
U703402,FR,ios,zone_146,17.52,2,5,0,27.32,0
U703403,IT,ios,zone_194,9.62,9,8,0,24.34,0
U703404,FR,android,zone_155,21.42,10,4,1,31.09,0
U703405,FR,ios,zone_042,5.88,6,10,1,25.63,0
U703406,BE,ios,zone_125,3.02,7,6,3,22.95,0
U703407,DE,android,zone_166,14.04,15,8,0,17.64,0
U703408,DE,ios,zone_068,20.46,13,5,2,23.02,0
U703409,ES,ios,zone_031,3.0,12,11,2,21.74,0
U703410,FR,android,zone_171,57.92,5,7,0,19.05,0
U703411,DE,android,zone_141,16.43,11,9,0,15.95,0
U703412,FR,android,zone_146,17.48,10,9,0,21.13,0
U703413,FR,web,zone_091,17.03,10,1,0,12.1,0
U703414,CH,android,zone_018,10.12,12,12,1,17.56,0
U703415,FR,android,zone_110,13.24,7,17,2,22.36,0
U703416,IT,android,zone_109,11.55,8,10,2,27.78,1
U703417,FR,web,zone_195,14.84,11,10,0,26.73,0
U703418,FR,web,zone_025,8.49,3,5,0,16.35,0
U703419,IT,android,zone_098,20.56,10,6,0,25.55,1
U703420,FR,android,zone_113,11.94,14,7,1,11.92,0
U703421,FR,android,zone_045,48.39,8,7,1,21.92,0
U703422,FR,android,zone_164,20.81,13,15,1,25.15,0
U703423,DE,android,zone_112,12.8,12,2,0,18.49,0
U703424,ES,web,zone_047,4.79,6,8,3,21.28,0
U703425,ES,android,zone_130,35.1,7,6,0,15.21,0
U703426,FR,android,zone_200,3.97,11,4,0,17.1,0
U703427,BE,ios,zone_048,14.7,9,7,0,6.97,0
U703428,CH,web,zone_137,4.49,9,6,1,20.51,0
U703429,IT,web,zone_030,28.16,8,12,1,30.11,0
U703430,BE,android,zone_136,23.81,6,4,0,17.02,0
U703431,FR,android,zone_160,12.07,8,12,0,13.94,0
U703432,FR,web,zone_162,6.91,8,7,2,21.76,0
U703433,FR,ios,zone_067,6.13,8,7,0,13.7,1
U703434,FR,android,zone_183,17.37,4,10,0,33.19,0
U703435,FR,android,zone_143,6.96,7,11,0,18.05,0
U703436,FR,ios,zone_187,19.0,12,10,0,19.31,0
U703437,FR,ios,zone_067,23.72,8,7,1,16.15,0
U703438,FR,android,zone_122,10.02,9,14,0,18.01,0
U703439,FR,android,zone_047,3.62,7,12,0,25.23,0
U703440,FR,web,zone_176,12.45,6,8,0,22.66,0
U703441,FR,android,zone_023,26.87,8,11,0,20.93,0
U703442,FR,ios,zone_125,19.13,7,7,0,24.16,0
U703443,BE,android,zone_206,23.42,10,8,1,24.96,0
U703444,FR,ios,zone_058,7.83,10,10,2,23.98,0
U703445,IT,android,zone_155,41.12,15,9,0,20.82,0
U703446,IT,android,zone_021,9.67,9,8,0,21.59,0
U703447,IT,ios,zone_020,15.62,9,7,1,24.78,0
U703448,IT,android,zone_089,7.37,11,11,0,19.34,0
U703449,FR,android,zone_020,20.49,10,13,0,0.64,0
U703450,FR,ios,zone_027,9.37,10,8,2,17.73,0
U703451,FR,ios,zone_033,6.05,12,8,0,15.11,0
U703452,FR,android,zone_048,59.37,6,8,1,22.58,0
U703453,BE,android,zone_108,22.33,8,7,2,15.9,0
U703454,DE,android,zone_025,19.24,5,15,0,24.96,0
U703455,DE,android,zone_099,3.5,12,6,0,24.94,0
U703456,FR,web,zone_112,,8,8,0,16.67,0
U703457,FR,android,zone_151,29.25,9,5,0,5.09,0
U703458,ES,android,zone_128,7.62,10,8,1,20.72,0
U703459,ES,ios,zone_139,59.07,7,10,0,17.16,0
U703460,DE,ios,zone_040,7.29,7,9,1,11.34,0
U703461,FR,ios,zone_180,20.36,3,11,2,24.77,0
U703462,FR,android,zone_040,4.65,6,7,1,16.09,0
U703463,ES,web,zone_072,18.79,11,12,1,18.62,0
U703464,ES,ios,zone_039,11.05,11,8,0,10.84,0
U703465,DE,android,zone_190,13.04,12,9,0,13.05,0
U703466,IT,android,zone_144,41.3,7,9,2,12.48,0
U703467,IT,web,zone_139,9.39,7,9,0,3.12,0
U703468,FR,ios,zone_055,29.89,7,7,1,19.14,0
U703469,DE,android,zone_049,16.43,3,10,0,22.03,0
U703470,FR,web,zone_057,11.05,7,8,1,12.46,0
U703471,DE,ios,zone_204,5.87,12,11,1,18.45,0
U703472,ES,ios,zone_113,4.79,8,8,0,10.65,0
U703473,FR,ios,zone_182,5.13,7,11,1,28.81,0
U703474,FR,android,zone_172,2.47,7,10,0,24.33,0
U703475,DE,ios,zone_015,27.36,13,8,1,18.95,0
U703476,ES,ios,zone_147,7.0,9,9,2,20.36,0
U703477,BE,ios,zone_142,,5,7,0,29.66,0
U703478,BE,android,zone_038,5.05,6,2,0,13.45,0
U703479,FR,android,zone_112,40.83,10,11,1,33.32,0
U703480,FR,ios,zone_085,17.02,8,5,0,31.04,0
U703481,FR,web,zone_199,14.12,7,9,1,17.06,0
U703482,FR,ios,zone_193,19.78,9,7,0,27.03,0
U703483,FR,ios,zone_083,3.75,7,4,1,13.54,0
U703484,IT,android,zone_027,1.62,9,8,2,25.32,0
U703485,BE,web,zone_071,19.92,13,10,0,27.01,0
U703486,BE,web,zone_178,4.51,7,8,0,16.44,0
U703487,FR,android,zone_001,17.52,8,7,2,22.68,0
U703488,FR,android,zone_059,40.98,7,11,0,19.24,0
U703489,FR,android,zone_055,12.19,9,8,0,21.67,0
U703490,IT,android,zone_141,3.22,8,7,0,2.4,0
U703491,FR,android,zone_155,2.77,6,6,0,30.74,0
U703492,FR,android,zone_035,7.13,14,9,2,22.25,0
U703493,FR,web,zone_078,12.7,10,7,0,10.98,0
U703494,FR,web,zone_135,10.91,6,5,1,17.34,0
U703495,IT,web,zone_219,16.57,3,9,0,9.11,0
U703496,ES,android,zone_152,5.85,9,12,0,23.4,0
U703497,ES,ios,zone_211,12.87,8,5,2,19.34,0
U703498,DE,ios,zone_206,13.9,8,7,1,5.85,0
U703499,IT,android,zone_158,3.72,6,6,1,18.15,0
U703500,ES,ios,zone_024,8.33,5,8,0,15.16,0
U703501,ES,android,zone_111,15.55,9,14,2,32.41,0
U703502,IT,web,zone_190,5.98,9,9,0,22.48,0
U703503,FR,ios,zone_095,21.23,12,4,4,17.2,0
U703504,CH,web,zone_130,24.32,7,9,0,23.02,0
U703505,FR,ios,zone_096,3.42,13,11,0,13.71,0
U703506,FR,android,zone_016,10.57,8,8,1,29.9,0
U703507,FR,ios,zone_164,6.18,12,8,1,17.12,0
U703508,FR,ios,zone_189,8.94,11,6,0,20.72,0
U703509,CH,web,zone_080,10.43,10,6,0,8.55,0
U703510,FR,ios,zone_219,7.62,9,9,1,19.24,0
U703511,FR,web,zone_217,11.9,3,9,0,22.28,0
U703512,FR,ios,zone_082,,8,9,1,34.49,0
U703513,FR,ios,zone_138,7.8,8,11,0,12.33,0
U703514,FR,android,zone_198,16.37,9,7,0,16.39,0
U703515,FR,ios,zone_156,18.67,3,5,1,22.68,0
U703516,FR,ios,zone_068,20.58,10,6,0,15.67,0
U703517,FR,ios,zone_196,10.84,6,8,1,16.88,0
U703518,FR,web,zone_092,9.74,7,5,2,10.98,0
U703519,FR,android,zone_189,14.44,4,11,1,18.53,0
U703520,FR,android,zone_150,18.01,14,5,0,15.64,0
U703521,FR,android,zone_139,13.79,5,11,1,21.8,0
U703522,FR,ios,zone_122,11.55,8,6,1,24.36,0
U703523,FR,ios,zone_069,76.45,6,5,0,29.79,0
U703524,BE,ios,zone_157,13.11,8,9,1,18.75,0
U703525,DE,ios,zone_161,11.24,8,12,1,18.03,1
U703526,FR,ios,zone_046,23.83,15,7,0,20.21,0
U703527,DE,android,zone_107,20.17,6,10,1,3.49,0
U703528,IT,android,zone_198,37.64,10,9,0,29.72,0
U703529,FR,android,zone_013,14.27,11,5,1,18.86,0
U703530,FR,android,zone_110,14.41,9,11,0,19.69,0
U703531,FR,ios,zone_115,29.83,8,4,0,19.83,0
U703532,FR,ios,zone_128,30.32,13,4,1,19.86,0
U703533,FR,android,zone_066,9.48,12,10,1,22.53,0
U703534,FR,ios,zone_013,1.98,10,14,1,23.6,0
U703535,CH,ios,zone_029,15.49,4,7,0,22.09,0
U703536,ES,android,zone_131,20.09,6,5,0,21.29,0
U703537,BE,web,zone_160,8.21,12,16,2,23.27,0
U703538,FR,ios,zone_131,18.02,11,9,0,25.29,0
U703539,FR,ios,zone_004,3.96,8,10,0,26.38,0
U703540,FR,android,zone_070,6.84,9,5,1,21.51,0
U703541,FR,android,zone_090,5.2,14,3,1,18.35,0
U703542,DE,web,zone_167,13.61,11,6,0,27.09,0
U703543,DE,ios,zone_020,4.83,7,7,1,22.64,0
U703544,FR,web,zone_161,23.23,13,9,3,24.84,0
U703545,BE,ios,zone_051,8.14,10,6,0,17.41,0
U703546,FR,ios,zone_031,9.0,13,10,0,16.33,0
U703547,BE,ios,zone_008,10.81,13,17,0,7.38,0
U703548,FR,android,zone_170,5.61,14,4,1,43.5,0
U703549,FR,android,zone_130,11.9,15,9,0,19.71,0
U703550,FR,android,zone_126,8.65,8,6,0,15.52,0
U703551,IT,ios,zone_171,7.51,7,4,1,24.35,0
U703552,ES,web,zone_061,14.58,8,9,2,16.23,0
U703553,FR,ios,zone_060,5.6,9,8,0,29.63,0
U703554,BE,android,zone_120,9.36,10,5,0,24.19,0
U703555,FR,android,zone_113,10.14,8,8,0,18.22,1
U703556,ES,ios,zone_142,14.12,11,6,0,20.24,0
U703557,FR,android,zone_056,12.13,9,19,0,18.81,0
U703558,DE,ios,zone_040,14.72,4,4,1,29.54,0
U703559,FR,ios,zone_148,7.53,9,13,0,21.02,0
U703560,DE,android,zone_169,8.1,4,6,0,27.88,0
U703561,FR,android,zone_141,1.95,15,8,1,12.7,0
U703562,FR,android,zone_098,8.68,11,7,1,18.02,0
U703563,BE,android,zone_120,9.68,5,8,0,5.68,0
U703564,FR,ios,zone_049,12.42,10,7,0,12.19,0
U703565,FR,android,zone_031,6.36,8,4,2,16.32,0
U703566,FR,android,zone_115,31.2,11,6,2,27.91,0
U703567,IT,web,zone_032,15.67,10,4,2,14.57,0
U703568,FR,android,zone_200,5.33,10,6,0,15.69,0
U703569,FR,ios,zone_080,7.0,12,4,1,13.44,0
U703570,IT,web,zone_082,8.37,8,4,2,11.03,0
U703571,FR,web,zone_168,16.99,9,5,0,13.43,0
U703572,FR,android,zone_070,10.22,9,8,0,16.11,0
U703573,DE,android,zone_064,28.53,11,10,1,20.89,0
U703574,BE,web,zone_038,9.21,8,8,2,21.71,0
U703575,FR,ios,zone_139,15.4,11,8,1,22.45,0
U703576,DE,android,zone_087,12.41,7,6,1,16.55,0
U703577,ES,ios,zone_212,6.02,10,3,1,17.28,0
U703578,FR,ios,zone_114,7.43,8,11,0,14.06,0
U703579,FR,ios,zone_204,4.89,10,6,1,12.38,0
U703580,BE,ios,zone_046,33.31,9,10,0,22.93,0
U703581,IT,ios,zone_071,29.52,16,6,1,20.62,0
U703582,IT,android,zone_098,17.79,15,7,3,18.73,0
U703583,DE,android,zone_077,,5,7,2,14.08,0
U703584,FR,android,zone_067,12.37,9,9,1,13.88,0
U703585,BE,ios,zone_214,7.38,9,5,0,14.62,0
U703586,BE,android,zone_135,9.97,15,8,0,17.29,0
U703587,FR,ios,zone_125,7.51,8,8,0,15.27,0
U703588,FR,android,zone_167,31.22,8,10,0,23.16,0
U703589,FR,web,zone_129,7.15,9,8,0,25.31,0
U703590,DE,android,zone_127,24.44,8,8,0,35.48,0
U703591,ES,android,zone_098,3.77,9,3,1,30.6,0
U703592,FR,web,zone_020,14.29,8,8,0,22.53,0
U703593,FR,android,zone_022,7.26,10,8,0,18.19,0
U703594,CH,android,zone_008,35.89,9,8,1,15.15,0
U703595,DE,ios,zone_005,6.19,11,6,0,13.62,0
U703596,BE,android,zone_191,16.66,5,5,0,18.18,0
U703597,DE,android,zone_124,11.95,10,8,1,21.17,0
U703598,FR,web,zone_180,21.69,9,12,2,5.9,0
U703599,FR,android,zone_077,11.41,12,10,0,28.7,0
U703600,IT,ios,zone_147,27.48,10,9,1,16.89,0
U703601,FR,web,zone_118,11.02,13,7,0,10.42,0
U703602,FR,ios,zone_050,15.91,11,9,0,13.69,1
U703603,FR,ios,zone_203,4.03,9,9,0,29.12,0
U703604,FR,android,zone_115,13.2,7,9,0,16.1,0
U703605,FR,android,zone_204,3.94,11,7,0,8.58,0
U703606,FR,android,zone_093,19.76,9,4,0,15.47,0
U703607,FR,android,zone_052,9.66,8,4,0,25.99,0
U703608,FR,android,zone_216,1.1,8,7,0,9.6,0
U703609,IT,android,zone_203,16.11,8,6,0,21.15,0
U703610,IT,ios,zone_204,20.81,7,6,2,17.62,0
U703611,FR,web,zone_005,13.0,10,9,1,19.05,1
U703612,FR,ios,zone_062,9.04,10,6,0,5.67,0
U703613,ES,android,zone_152,,6,4,0,27.34,0
U703614,FR,web,zone_095,6.76,13,5,0,26.79,0
U703615,FR,ios,zone_054,22.84,13,9,0,18.73,0
U703616,DE,android,zone_058,18.87,9,7,2,13.24,0
U703617,FR,ios,zone_046,26.09,7,4,0,18.21,0
U703618,FR,android,zone_115,,7,5,0,22.32,0
U703619,FR,android,zone_095,3.58,9,10,1,25.53,0
U703620,FR,web,zone_109,18.52,12,4,0,22.98,0
U703621,ES,android,zone_040,,4,9,1,28.21,0
U703622,IT,web,zone_214,14.46,6,12,0,28.33,0
U703623,FR,android,zone_177,16.99,10,7,0,18.66,0
U703624,IT,web,zone_012,10.35,9,10,0,14.91,0
U703625,CH,ios,zone_046,34.64,10,8,0,17.26,0
U703626,FR,android,zone_207,16.82,10,6,0,22.41,0
U703627,DE,android,zone_218,8.05,8,7,1,20.41,0
U703628,ES,android,zone_120,18.63,8,6,0,14.43,0
U703629,FR,ios,zone_159,33.98,12,8,0,21.74,0
U703630,FR,android,zone_071,12.88,7,11,0,15.53,0
U703631,FR,android,zone_123,49.94,6,5,0,13.36,0
U703632,FR,android,zone_188,9.24,14,7,0,12.5,0
U703633,FR,ios,zone_039,10.39,8,3,0,27.07,0
U703634,ES,ios,zone_060,14.51,9,8,1,8.39,0
U703635,FR,android,zone_172,10.89,7,12,0,27.65,0
U703636,FR,ios,zone_109,12.75,10,4,0,15.38,0
U703637,BE,ios,zone_129,15.13,10,7,0,21.78,0
U703638,FR,web,zone_184,7.52,5,9,0,31.02,0
U703639,ES,ios,zone_049,5.78,10,8,0,20.41,0
U703640,FR,ios,zone_217,19.22,9,7,0,19.77,0
U703641,IT,android,zone_026,22.03,3,10,1,17.75,0
U703642,FR,ios,zone_198,6.25,9,6,0,20.36,1
U703643,ES,android,zone_217,9.71,5,9,0,19.15,0
U703644,IT,android,zone_142,4.77,10,11,0,19.35,0
U703645,FR,ios,zone_126,6.29,9,6,0,21.24,0
U703646,IT,ios,zone_006,25.14,4,12,1,29.41,0
U703647,CH,ios,zone_131,14.63,11,8,1,12.05,0
U703648,FR,ios,zone_036,22.01,8,5,1,4.88,0
U703649,FR,android,zone_069,9.84,10,5,0,15.68,0
U703650,FR,ios,zone_098,10.98,6,8,1,21.46,0
U703651,ES,android,zone_057,12.82,8,10,1,22.96,0
U703652,ES,ios,zone_063,6.03,7,7,0,20.0,0
U703653,FR,web,zone_075,14.57,7,6,0,31.47,0
U703654,CH,web,zone_015,5.92,9,5,0,17.4,0
U703655,FR,android,zone_036,9.37,7,3,0,17.57,0
U703656,FR,android,zone_016,7.19,14,6,0,18.59,0
U703657,BE,web,zone_153,28.92,9,8,0,23.13,0
U703658,FR,ios,zone_184,22.18,9,7,2,16.0,0
U703659,CH,web,zone_175,8.1,11,6,2,11.27,0
U703660,FR,android,zone_057,28.73,7,8,2,12.69,0
U703661,CH,ios,zone_114,9.46,7,13,0,22.71,0
U703662,FR,android,zone_079,5.95,6,10,0,10.59,0
U703663,FR,android,zone_214,2.16,12,9,3,19.2,0
U703664,BE,android,zone_166,14.12,8,9,0,26.11,0
U703665,FR,android,zone_124,18.24,4,10,3,28.37,1
U703666,BE,android,zone_059,23.47,5,8,2,21.64,0
U703667,DE,android,zone_062,20.79,8,8,0,24.66,0
U703668,IT,android,zone_195,66.41,8,9,0,13.0,0
U703669,CH,web,zone_074,8.26,9,8,1,19.03,0
U703670,ES,android,zone_129,8.73,8,7,1,6.35,0
U703671,IT,ios,zone_110,20.1,6,6,0,20.84,0
U703672,IT,ios,zone_099,13.79,8,12,0,5.53,0
U703673,BE,ios,zone_181,21.44,12,7,0,12.09,0
U703674,FR,android,zone_204,29.82,7,13,2,20.36,0
U703675,BE,ios,zone_217,4.2,10,8,1,13.84,0
U703676,FR,android,zone_070,9.73,14,11,0,35.93,0
U703677,IT,android,zone_009,5.3,5,9,1,22.01,0
U703678,ES,ios,zone_121,5.59,8,4,0,23.69,0
U703679,BE,android,zone_109,12.18,12,14,1,18.6,0
U703680,FR,android,zone_078,9.21,13,16,2,26.89,0
U703681,FR,android,zone_019,12.84,8,9,1,16.14,0
U703682,FR,ios,zone_001,16.91,12,7,0,24.75,0
U703683,FR,android,zone_044,15.82,5,9,0,24.85,0
U703684,FR,ios,zone_096,15.97,17,9,1,8.03,0
U703685,FR,ios,zone_133,35.31,14,5,0,23.67,0
U703686,FR,android,zone_103,,7,8,1,34.51,0
U703687,FR,web,zone_014,10.16,10,7,2,16.75,0
U703688,DE,ios,zone_170,43.52,6,4,0,17.27,0
U703689,FR,ios,zone_134,15.08,11,5,2,3.39,0
U703690,FR,ios,zone_187,16.55,8,9,0,25.88,0
U703691,BE,android,zone_179,6.08,5,9,1,7.97,0
U703692,FR,web,zone_049,12.69,10,8,1,14.45,0
U703693,FR,android,zone_009,25.17,8,6,3,22.85,0
U703694,FR,web,zone_065,16.07,11,6,0,10.46,0
U703695,IT,android,zone_068,23.43,5,7,0,25.37,0
U703696,CH,ios,zone_126,21.31,13,15,0,15.36,0
U703697,FR,android,zone_078,4.85,10,11,1,20.8,0
U703698,DE,ios,zone_070,18.21,7,10,0,15.37,0
U703699,ES,android,zone_048,18.02,8,7,1,16.96,0
U703700,FR,ios,zone_106,7.44,11,5,0,12.79,0
U703701,IT,android,zone_150,4.59,7,4,2,10.43,1
U703702,FR,android,zone_135,10.15,7,7,0,17.66,0
U703703,IT,android,zone_132,9.89,2,13,0,13.37,0
U703704,FR,web,zone_089,35.84,6,8,1,9.74,0
U703705,FR,ios,zone_090,25.53,9,6,2,29.51,0
U703706,BE,web,zone_030,14.99,7,7,0,26.07,0
U703707,FR,android,zone_057,13.41,12,16,1,29.89,0
U703708,FR,android,zone_155,9.8,12,10,0,23.5,0
U703709,DE,ios,zone_083,24.82,9,6,0,19.4,0
U703710,FR,ios,zone_084,10.39,13,3,0,20.78,0
U703711,FR,web,zone_164,13.86,17,8,0,24.92,0
U703712,FR,android,zone_003,2.23,11,8,0,26.84,0
U703713,FR,ios,zone_186,18.55,10,7,0,31.13,0
U703714,FR,ios,zone_000,9.08,17,3,2,24.44,0
U703715,FR,web,zone_061,5.36,6,7,0,12.27,0
U703716,FR,ios,zone_155,5.99,10,8,1,34.76,0
U703717,FR,android,zone_204,12.63,6,5,2,26.75,0
U703718,BE,android,zone_149,33.3,12,9,0,20.45,0
U703719,FR,android,zone_031,18.36,8,9,0,22.7,0
U703720,IT,android,zone_057,7.95,11,8,0,27.42,0
U703721,FR,android,zone_029,20.53,10,16,0,33.3,0
U703722,BE,web,zone_088,13.23,14,10,1,15.83,0
U703723,DE,android,zone_150,16.69,5,8,0,15.68,0
U703724,ES,web,zone_185,12.19,8,8,0,24.94,0
U703725,FR,ios,zone_080,9.52,9,6,1,19.13,0
U703726,FR,android,zone_196,14.92,9,6,0,21.47,0
U703727,ES,android,zone_060,31.93,11,6,0,5.72,0
U703728,IT,android,zone_151,8.95,7,4,0,13.88,0
U703729,CH,android,zone_108,9.91,14,11,1,19.46,0
U703730,FR,web,zone_111,12.12,11,10,0,29.12,0
U703731,BE,android,zone_188,10.67,11,9,0,32.13,0
U703732,ES,android,zone_217,8.95,8,5,1,17.46,0
U703733,FR,android,zone_172,16.06,3,9,0,30.23,0
U703734,DE,android,zone_095,32.97,5,6,0,15.38,0
U703735,FR,web,zone_168,31.07,12,8,0,17.33,0
U703736,IT,web,zone_016,3.85,11,7,0,8.96,0
U703737,ES,ios,zone_136,5.7,6,7,1,17.87,0
U703738,DE,android,zone_216,22.7,9,7,0,0.36,0
U703739,IT,android,zone_097,7.35,6,12,0,9.35,0
U703740,FR,ios,zone_122,,12,10,0,27.78,0
U703741,DE,android,zone_068,6.03,9,6,0,14.47,0
U703742,FR,web,zone_072,10.19,12,8,2,9.17,0
U703743,FR,ios,zone_125,15.68,4,9,0,23.87,0
U703744,FR,ios,zone_040,25.19,6,6,0,22.51,0
U703745,CH,web,zone_176,8.89,9,8,1,14.56,0
U703746,FR,android,zone_018,3.64,12,9,0,20.01,0
U703747,IT,web,zone_129,14.37,9,9,0,9.76,0
U703748,DE,web,zone_098,29.99,19,6,1,15.29,0
U703749,IT,ios,zone_009,21.52,15,2,0,28.97,0
U703750,FR,ios,zone_039,12.83,13,5,0,24.28,0
U703751,FR,ios,zone_148,12.49,7,8,0,23.54,0
U703752,DE,ios,zone_043,7.75,11,13,1,17.5,1
U703753,BE,android,zone_100,26.99,10,11,1,14.52,0
U703754,DE,android,zone_079,5.99,14,6,0,25.66,0
U703755,FR,android,zone_143,,10,3,0,20.79,0
U703756,FR,web,zone_126,4.62,6,7,1,3.82,0
U703757,IT,ios,zone_205,8.23,15,4,1,24.27,0
U703758,ES,ios,zone_187,3.54,7,4,0,5.47,0
U703759,FR,android,zone_174,16.21,8,8,2,12.05,0
U703760,ES,ios,zone_083,7.62,15,12,0,23.07,0
U703761,FR,web,zone_041,4.96,9,11,0,20.92,0
U703762,BE,web,zone_030,,8,5,1,0.0,0
U703763,FR,android,zone_074,15.37,10,9,2,27.79,0
U703764,DE,ios,zone_075,5.15,7,10,0,26.16,0
U703765,DE,ios,zone_218,22.67,8,10,2,14.4,0
U703766,IT,ios,zone_180,11.23,8,4,2,17.25,0
U703767,FR,web,zone_012,5.06,6,6,1,16.74,0
U703768,BE,android,zone_212,12.48,14,11,0,10.44,0
U703769,FR,ios,zone_007,1.66,10,11,1,26.28,0
U703770,BE,ios,zone_017,27.82,7,9,0,19.66,0
U703771,IT,ios,zone_013,6.58,8,14,0,27.54,0
U703772,DE,android,zone_050,14.4,10,6,1,14.89,0
U703773,FR,android,zone_169,19.27,10,8,1,22.16,0
U703774,FR,web,zone_105,19.58,5,8,0,43.29,0
U703775,FR,android,zone_129,21.78,2,9,2,19.73,0
U703776,DE,android,zone_080,9.58,8,3,3,22.71,0
U703777,BE,android,zone_043,5.38,8,10,0,18.85,0
U703778,FR,web,zone_000,12.94,8,4,1,17.41,0
U703779,BE,android,zone_155,13.73,6,6,1,19.69,0
U703780,FR,android,zone_128,31.43,10,5,0,8.37,0
U703781,BE,android,zone_169,9.58,16,9,0,19.4,0
U703782,FR,ios,zone_032,19.88,7,8,0,31.83,0
U703783,ES,ios,zone_159,20.9,11,4,1,18.85,0
U703784,FR,android,zone_151,4.08,7,7,0,19.21,0
U703785,FR,web,zone_065,2.38,8,8,0,20.56,0
U703786,FR,ios,zone_091,10.37,13,8,0,8.86,0
U703787,IT,ios,zone_057,5.57,9,15,0,10.2,0
U703788,FR,web,zone_099,6.18,6,7,0,16.48,0
U703789,FR,android,zone_049,2.08,6,12,1,25.42,0
U703790,FR,android,zone_021,11.72,8,10,0,26.25,0
U703791,FR,android,zone_084,11.29,8,10,0,15.13,0
U703792,FR,web,zone_194,1.19,8,11,0,17.83,0
U703793,FR,android,zone_017,32.69,18,10,0,34.57,0
U703794,FR,ios,zone_144,,7,7,1,15.07,0
U703795,ES,ios,zone_126,7.37,6,3,1,17.0,0
U703796,CH,android,zone_055,8.33,11,6,1,16.67,0
U703797,FR,android,zone_053,34.15,6,6,1,21.1,0
U703798,DE,ios,zone_132,,7,7,1,12.36,0
U703799,FR,ios,zone_119,4.12,10,6,0,25.66,0
U703800,DE,web,zone_122,11.08,6,12,2,32.54,0
U703801,FR,ios,zone_005,14.97,13,7,0,23.75,0
U703802,IT,web,zone_144,6.84,10,6,0,20.41,0
U703803,DE,ios,zone_059,10.17,11,5,0,12.63,0
U703804,FR,ios,zone_129,23.83,8,4,1,25.8,0
U703805,BE,ios,zone_005,4.99,7,8,1,21.2,0
U703806,FR,ios,zone_008,10.57,16,2,0,8.87,0
U703807,FR,web,zone_066,25.83,5,4,0,4.8,0
U703808,FR,ios,zone_151,31.33,10,8,2,4.6,0
U703809,BE,ios,zone_075,11.9,10,9,0,12.83,0
U703810,FR,android,zone_193,24.06,5,9,0,29.3,0
U703811,CH,ios,zone_098,22.73,14,14,1,18.02,0
U703812,FR,android,zone_164,24.05,4,8,2,32.07,0
U703813,DE,ios,zone_039,11.79,7,5,1,27.15,0
U703814,IT,android,zone_131,23.12,9,8,1,25.15,0
U703815,CH,ios,zone_189,1.94,10,8,1,22.72,0
U703816,BE,android,zone_058,12.77,7,8,0,5.45,0
U703817,BE,ios,zone_171,10.23,9,11,1,18.43,0
U703818,FR,web,zone_009,15.66,10,5,0,29.1,0
U703819,FR,android,zone_182,16.53,9,10,1,12.04,0
U703820,FR,ios,zone_023,5.39,5,10,0,28.87,0
U703821,FR,android,zone_120,,4,8,3,21.06,0
U703822,FR,web,zone_037,16.06,11,4,1,25.77,0
U703823,FR,android,zone_138,22.45,10,7,1,22.09,0
U703824,CH,web,zone_114,6.3,7,5,2,26.9,0
U703825,FR,ios,zone_062,14.03,8,3,1,27.42,0
U703826,FR,ios,zone_085,2.6,9,8,2,19.6,0
U703827,FR,web,zone_074,29.78,4,8,0,20.03,0
U703828,ES,ios,zone_020,14.01,9,1,0,14.5,0
U703829,ES,web,zone_174,3.98,9,10,1,23.0,0
U703830,ES,web,zone_069,16.54,9,4,1,22.74,0
U703831,CH,web,zone_122,22.07,8,7,0,19.89,0
U703832,FR,ios,zone_001,,10,8,1,13.58,1
U703833,FR,web,zone_165,12.22,8,8,0,10.97,0
U703834,BE,web,zone_099,18.58,9,7,2,15.98,0
U703835,IT,ios,zone_093,19.43,8,9,0,9.94,0
U703836,FR,web,zone_095,21.55,7,7,0,25.55,0
U703837,BE,web,zone_216,11.75,9,7,0,15.82,0
U703838,FR,ios,zone_110,11.66,1,2,0,23.05,0
U703839,FR,android,zone_089,26.81,6,9,0,29.84,0
U703840,ES,web,zone_073,1.87,9,10,2,28.45,0
U703841,CH,ios,zone_183,18.49,11,9,0,12.84,0
U703842,FR,ios,zone_163,12.5,12,6,0,20.09,0
U703843,FR,web,zone_037,20.94,11,12,0,16.71,0
U703844,FR,ios,zone_067,28.76,9,8,1,3.44,0
U703845,FR,ios,zone_025,14.24,12,5,0,34.1,0
U703846,DE,web,zone_034,11.18,8,2,0,14.36,0
U703847,FR,ios,zone_173,,10,5,0,17.17,0
U703848,BE,android,zone_218,16.86,9,7,0,28.78,0
U703849,IT,android,zone_109,20.61,9,10,0,19.14,0
U703850,FR,ios,zone_111,9.49,9,6,1,18.85,0
U703851,FR,android,zone_018,4.18,13,12,0,15.62,1
U703852,ES,ios,zone_052,27.06,15,9,0,29.72,0
U703853,IT,web,zone_020,3.58,7,4,1,22.43,0
U703854,DE,ios,zone_183,9.72,12,11,1,23.88,0
U703855,FR,web,zone_106,10.94,6,8,0,15.21,0
U703856,BE,ios,zone_035,14.59,8,11,0,29.42,0
U703857,DE,android,zone_165,11.44,7,6,0,26.81,0
U703858,FR,web,zone_170,12.05,7,8,0,22.94,0
U703859,ES,web,zone_002,4.19,8,10,0,26.72,1
U703860,FR,web,zone_029,8.52,12,7,0,17.76,0
U703861,FR,web,zone_084,4.47,12,8,0,10.4,0
U703862,FR,android,zone_213,16.48,4,6,2,25.02,0
U703863,IT,android,zone_058,21.49,12,7,1,29.09,0
U703864,BE,ios,zone_022,24.35,13,8,0,6.9,0
U703865,IT,web,zone_108,19.87,12,8,0,25.95,0
U703866,IT,ios,zone_000,7.55,7,5,0,22.76,0
U703867,CH,android,zone_216,5.05,9,11,0,30.27,0
U703868,FR,ios,zone_051,,13,7,2,15.82,0
U703869,IT,ios,zone_080,23.91,9,12,1,22.25,0
U703870,ES,android,zone_106,0.32,11,7,1,30.59,0
U703871,FR,ios,zone_123,10.8,3,6,1,3.36,0
U703872,FR,android,zone_078,2.97,1,8,0,15.66,0
U703873,FR,ios,zone_192,36.61,9,9,1,17.29,0
U703874,DE,web,zone_219,5.48,9,9,0,16.76,0
U703875,IT,android,zone_158,19.6,9,3,0,29.79,0
U703876,FR,ios,zone_139,5.54,9,5,1,15.3,0
U703877,ES,web,zone_169,18.85,5,4,1,26.72,0
U703878,FR,android,zone_070,9.95,8,8,0,16.65,0
U703879,FR,android,zone_043,18.31,9,8,0,17.42,0
U703880,CH,ios,zone_141,,10,10,0,20.15,0
U703881,ES,android,zone_112,13.84,11,9,0,18.39,0
U703882,FR,web,zone_037,2.33,19,6,0,16.66,0
U703883,FR,ios,zone_206,13.14,6,9,2,15.73,0
U703884,IT,ios,zone_023,5.72,7,4,0,3.63,0
U703885,FR,android,zone_067,7.42,10,5,0,19.87,0
U703886,IT,android,zone_150,11.6,7,7,2,14.69,0
U703887,FR,android,zone_066,,6,6,0,19.15,0
U703888,BE,android,zone_110,2.99,10,4,1,23.94,0
U703889,FR,android,zone_017,4.91,13,13,1,26.91,0
U703890,FR,android,zone_108,16.74,10,16,1,8.47,0
U703891,IT,android,zone_127,1.9,5,6,1,9.45,0
U703892,BE,android,zone_167,18.41,9,3,0,22.07,0
U703893,DE,ios,zone_111,11.21,13,7,1,19.62,0
U703894,FR,android,zone_078,11.1,1,16,0,24.42,0
U703895,FR,android,zone_192,12.6,11,8,2,20.01,0
U703896,FR,android,zone_217,8.32,10,6,2,17.07,0
U703897,IT,ios,zone_104,21.87,10,10,1,21.76,0
U703898,DE,ios,zone_141,3.03,7,10,0,16.79,0
U703899,DE,android,zone_130,18.65,16,7,0,15.92,0
U703900,ES,ios,zone_202,10.55,12,7,0,25.87,0
U703901,BE,ios,zone_149,29.71,11,13,0,19.09,0
U703902,CH,web,zone_192,3.41,8,8,0,14.54,0
U703903,FR,android,zone_153,5.58,8,7,1,23.44,0
U703904,DE,android,zone_005,5.85,11,10,1,32.04,0
U703905,FR,android,zone_219,5.25,10,4,0,20.69,0
U703906,FR,web,zone_000,14.87,8,7,0,15.5,1
U703907,FR,ios,zone_042,11.49,12,5,2,14.63,0
U703908,FR,ios,zone_185,,9,12,2,35.07,0
U703909,FR,android,zone_066,13.63,12,3,1,11.45,0
U703910,FR,ios,zone_075,20.04,5,8,2,15.42,0
U703911,FR,ios,zone_158,1.36,7,11,1,20.64,0
U703912,FR,web,zone_178,6.91,6,11,1,8.26,0
U703913,FR,ios,zone_120,34.94,8,8,0,14.87,0
U703914,FR,android,zone_124,8.78,7,5,1,22.55,0
U703915,FR,android,zone_082,9.66,7,10,2,18.14,0
U703916,FR,android,zone_123,4.89,10,5,0,11.55,0
U703917,FR,ios,zone_041,8.47,7,11,0,25.49,0
U703918,DE,android,zone_002,13.18,5,11,0,13.19,0
U703919,FR,android,zone_071,3.7,11,4,0,25.5,0
U703920,FR,android,zone_211,20.6,6,5,0,28.13,0
U703921,DE,ios,zone_207,13.99,6,9,2,9.63,0
U703922,FR,android,zone_023,17.64,10,7,0,24.27,0
U703923,ES,web,zone_122,6.68,12,10,1,24.54,0
U703924,FR,web,zone_216,23.82,15,7,0,17.69,0
U703925,FR,ios,zone_166,7.21,10,7,1,24.26,0
U703926,ES,ios,zone_004,10.84,8,13,1,24.79,0
U703927,BE,android,zone_061,11.92,14,7,1,26.92,0
U703928,FR,ios,zone_150,7.24,7,10,0,15.9,0
U703929,FR,android,zone_112,12.51,12,11,0,20.14,0
U703930,ES,web,zone_153,12.39,8,6,0,13.94,0
U703931,IT,ios,zone_040,15.75,8,12,1,13.57,0
U703932,FR,web,zone_151,6.37,7,6,2,26.49,0
U703933,FR,ios,zone_123,12.2,10,5,1,16.04,0
U703934,ES,ios,zone_203,13.27,8,5,0,24.32,0
U703935,FR,android,zone_032,16.57,5,6,0,19.81,0
U703936,BE,android,zone_129,32.45,8,8,0,4.17,1
U703937,FR,web,zone_183,29.02,8,7,0,22.07,0
U703938,FR,web,zone_152,18.42,7,5,0,7.51,0
U703939,FR,web,zone_028,12.69,9,10,0,6.43,0
U703940,IT,ios,zone_119,15.33,2,6,0,21.15,0
U703941,ES,web,zone_177,5.45,12,5,0,18.6,0
U703942,FR,web,zone_183,6.51,11,6,1,21.53,0
U703943,ES,android,zone_015,13.79,12,6,0,20.34,0
U703944,FR,web,zone_149,6.46,12,6,0,13.12,0
U703945,FR,ios,zone_202,15.07,11,6,0,8.32,0
U703946,FR,android,zone_128,21.58,12,10,1,12.21,1
U703947,FR,ios,zone_185,10.01,17,7,0,35.19,0
U703948,FR,android,zone_124,4.89,7,12,1,20.57,0
U703949,IT,ios,zone_153,21.78,10,12,0,15.93,0
U703950,ES,ios,zone_145,32.79,12,12,0,19.85,0
U703951,CH,ios,zone_147,31.19,9,7,1,12.87,0
U703952,FR,ios,zone_211,30.49,9,11,1,21.4,0
U703953,FR,ios,zone_086,28.13,7,6,0,19.24,0
U703954,CH,web,zone_136,12.12,9,7,0,20.75,0
U703955,FR,web,zone_219,12.59,8,10,0,21.61,0
U703956,FR,android,zone_216,6.62,9,9,0,30.82,0
U703957,DE,ios,zone_000,32.58,12,10,0,26.47,0
U703958,DE,ios,zone_065,7.22,8,6,1,24.55,0
U703959,FR,android,zone_010,6.73,11,6,1,27.42,0
U703960,FR,web,zone_146,2.68,8,9,0,22.56,0
U703961,IT,android,zone_158,4.99,18,12,2,22.0,1
U703962,FR,web,zone_138,1.84,9,8,0,26.81,0
U703963,CH,android,zone_131,18.09,11,6,0,9.42,0
U703964,IT,ios,zone_021,11.51,10,12,1,19.14,0
U703965,FR,ios,zone_057,11.67,6,15,0,18.21,1
U703966,DE,android,zone_042,3.69,13,4,0,10.87,0
U703967,IT,android,zone_085,8.96,8,9,1,24.65,0
U703968,FR,ios,zone_132,10.09,12,12,0,27.11,0
U703969,IT,ios,zone_131,4.78,5,8,0,28.59,0
U703970,IT,web,zone_135,20.31,6,8,0,8.59,0
U703971,FR,android,zone_090,15.81,5,9,1,12.44,0
U703972,BE,web,zone_003,18.86,9,8,1,12.7,0
U703973,FR,android,zone_013,18.58,9,8,0,22.19,0
U703974,ES,android,zone_011,10.82,6,7,0,10.02,0
U703975,IT,android,zone_007,24.76,7,11,1,24.09,0
U703976,IT,android,zone_062,9.3,7,7,0,33.14,0
U703977,BE,web,zone_097,8.88,7,11,3,13.96,0
U703978,ES,ios,zone_060,6.09,9,4,2,15.0,0
U703979,IT,ios,zone_104,19.58,8,7,0,16.43,0
U703980,FR,android,zone_213,17.57,6,10,2,27.06,0
U703981,FR,android,zone_147,16.82,9,8,0,13.73,0
U703982,FR,ios,zone_145,9.42,6,12,0,26.79,0
U703983,ES,web,zone_216,23.81,9,3,1,23.02,0
U703984,FR,android,zone_110,7.97,15,5,0,20.74,0
U703985,FR,android,zone_017,,13,6,0,15.11,0
U703986,IT,android,zone_177,18.52,12,10,0,20.95,0
U703987,FR,ios,zone_061,5.67,13,7,0,11.04,0
U703988,FR,android,zone_174,10.24,6,14,1,24.69,0
U703989,IT,ios,zone_128,17.12,10,11,1,14.24,0
U703990,FR,ios,zone_146,11.65,10,8,1,24.59,0
U703991,ES,web,zone_076,51.84,12,13,0,21.9,0
U703992,FR,ios,zone_032,19.15,6,17,1,29.96,0
U703993,FR,web,zone_065,10.26,9,10,0,9.74,0
U703994,FR,android,zone_183,6.05,6,14,1,13.9,0
U703995,BE,ios,zone_067,29.95,9,14,0,25.34,0
U703996,CH,ios,zone_028,28.71,12,14,2,16.34,0
U703997,FR,ios,zone_047,22.49,15,8,0,17.79,0
U703998,FR,android,zone_178,0.8,14,13,0,26.32,0
U703999,IT,android,zone_135,15.21,4,7,1,20.72,0
U704000,FR,web,zone_211,15.34,4,6,1,23.66,0
U704001,FR,web,zone_139,9.58,9,11,0,21.64,0
U704002,FR,ios,zone_077,16.97,7,10,0,15.34,0
U704003,IT,android,zone_155,10.14,10,2,2,26.28,0
U704004,DE,ios,zone_025,8.2,6,8,0,19.36,1
U704005,FR,android,zone_029,22.89,7,11,0,13.46,0
U704006,FR,ios,zone_166,6.26,4,10,0,6.16,0
U704007,FR,android,zone_039,10.15,9,7,0,23.43,1
U704008,IT,ios,zone_094,16.96,4,11,2,26.89,0
U704009,ES,android,zone_219,8.52,6,7,0,12.8,0
U704010,DE,ios,zone_193,26.05,6,10,0,14.17,0
U704011,FR,android,zone_054,20.0,10,7,1,13.6,0
U704012,FR,android,zone_108,14.33,9,11,0,19.47,0
U704013,FR,android,zone_134,,8,8,1,23.31,0
U704014,FR,android,zone_155,8.6,7,7,0,15.71,0
U704015,FR,android,zone_019,1.2,4,6,0,34.79,0
U704016,FR,ios,zone_066,12.73,14,9,0,17.63,0
U704017,FR,ios,zone_162,17.04,11,11,1,30.42,0
U704018,BE,android,zone_025,11.36,9,5,0,22.56,0
U704019,FR,android,zone_030,9.1,6,10,1,24.05,0
U704020,CH,android,zone_184,4.87,9,8,0,29.67,0
U704021,FR,web,zone_087,15.6,12,3,3,21.69,0
U704022,FR,android,zone_215,16.42,13,10,1,11.45,0
U704023,FR,ios,zone_048,3.8,4,6,1,6.59,0
U704024,ES,android,zone_092,11.34,3,6,1,30.23,0
U704025,FR,android,zone_093,12.78,5,5,0,35.07,0
U704026,CH,android,zone_105,25.87,16,3,0,21.51,1
U704027,FR,ios,zone_204,,6,6,0,30.6,0
U704028,DE,ios,zone_055,29.77,10,6,1,18.55,0
U704029,FR,ios,zone_056,9.4,10,6,0,9.66,0
U704030,ES,ios,zone_090,14.39,3,9,0,9.9,0
U704031,BE,android,zone_038,21.01,13,11,0,21.82,0
U704032,BE,ios,zone_133,16.22,5,3,2,16.33,0
U704033,FR,android,zone_016,20.91,8,9,0,27.37,0
U704034,FR,android,zone_011,6.93,6,8,1,24.42,0
U704035,DE,web,zone_042,32.24,8,7,0,16.78,0
U704036,IT,android,zone_071,28.23,6,6,1,37.3,0
U704037,FR,ios,zone_172,10.45,8,16,0,6.36,0
U704038,FR,web,zone_062,13.24,2,10,0,30.67,0
U704039,FR,android,zone_046,23.37,5,10,1,11.93,0
U704040,FR,android,zone_117,,13,4,0,21.29,0
U704041,BE,android,zone_209,4.25,5,10,3,25.75,0
U704042,FR,web,zone_042,13.07,6,8,0,21.39,0
U704043,ES,ios,zone_063,13.41,6,5,1,35.25,0
U704044,FR,ios,zone_142,5.76,5,5,0,1.28,0
U704045,FR,ios,zone_054,4.61,11,3,0,22.05,0
U704046,FR,ios,zone_080,2.14,5,10,0,9.82,0
U704047,DE,web,zone_180,8.05,10,6,1,24.13,0
U704048,FR,web,zone_063,21.36,12,11,0,14.29,0
U704049,BE,ios,zone_132,2.35,7,9,1,25.36,0
U704050,FR,web,zone_098,8.84,11,8,0,22.48,0
U704051,BE,web,zone_100,22.16,3,4,0,19.19,0
U704052,FR,ios,zone_196,9.5,2,6,0,18.68,0
U704053,FR,ios,zone_038,11.3,5,7,0,23.25,0
U704054,IT,android,zone_093,12.13,5,10,1,10.21,0
U704055,FR,ios,zone_156,23.5,7,6,0,24.77,0
U704056,FR,ios,zone_089,5.88,12,8,1,19.75,0
U704057,FR,android,zone_137,2.72,11,8,0,30.53,0
U704058,BE,web,zone_092,33.06,14,9,2,24.94,0
U704059,FR,ios,zone_208,29.6,9,11,1,18.21,0
U704060,DE,android,zone_066,19.43,4,7,0,20.13,0
U704061,BE,android,zone_211,,7,9,0,21.53,0
U704062,ES,ios,zone_122,27.74,12,7,1,8.34,0
U704063,ES,ios,zone_132,,14,8,0,19.36,1
U704064,ES,web,zone_058,11.84,12,16,1,20.0,0
U704065,IT,ios,zone_061,10.2,8,7,0,16.61,0
U704066,BE,ios,zone_158,7.13,17,5,0,18.55,0
U704067,FR,ios,zone_197,12.99,4,10,1,7.25,0
U704068,BE,ios,zone_124,16.62,11,6,3,21.25,0
U704069,FR,android,zone_038,30.91,5,10,1,15.94,0
U704070,FR,ios,zone_170,18.96,12,5,0,18.8,0
U704071,FR,ios,zone_132,16.58,5,6,0,20.25,0
U704072,CH,web,zone_197,6.41,8,4,1,17.36,0
U704073,FR,android,zone_039,5.91,14,8,1,22.87,0
U704074,FR,android,zone_024,12.46,11,4,1,28.29,0
U704075,BE,ios,zone_101,20.59,10,10,1,24.19,0
U704076,FR,ios,zone_088,20.88,8,4,0,15.47,0
U704077,IT,android,zone_033,23.66,12,6,1,19.17,0
U704078,ES,android,zone_136,39.59,9,9,1,30.18,0
U704079,FR,ios,zone_217,5.74,6,14,0,27.94,0
U704080,FR,web,zone_151,8.69,10,8,2,32.49,1
U704081,FR,web,zone_037,10.86,13,7,1,20.32,0
U704082,FR,android,zone_117,6.11,11,6,1,18.09,0
U704083,FR,android,zone_132,37.08,5,15,1,20.13,0
U704084,FR,ios,zone_174,32.2,14,9,2,15.01,0
U704085,FR,android,zone_064,14.83,5,14,1,25.98,0
U704086,FR,android,zone_123,6.48,13,7,0,19.14,0
U704087,ES,ios,zone_203,25.83,12,8,1,20.02,0
U704088,FR,android,zone_072,11.48,9,9,0,32.25,0
U704089,FR,ios,zone_200,35.65,13,7,1,25.13,0
U704090,ES,ios,zone_022,7.94,9,8,0,30.82,0
U704091,ES,web,zone_189,14.45,5,11,0,17.79,0
U704092,FR,web,zone_094,12.33,10,10,1,20.93,0
U704093,DE,android,zone_133,5.84,10,10,0,32.51,0
U704094,FR,ios,zone_104,,8,6,0,30.17,0
U704095,FR,ios,zone_082,21.68,10,8,1,10.49,0
U704096,ES,ios,zone_113,20.93,12,5,1,21.4,0
U704097,FR,android,zone_143,,10,10,0,21.65,0
U704098,FR,ios,zone_027,7.23,12,9,0,11.7,0
U704099,BE,android,zone_018,21.41,18,3,0,32.88,0
U704100,FR,ios,zone_071,19.25,17,14,0,25.02,0
U704101,FR,ios,zone_002,8.69,9,15,0,8.93,0
U704102,DE,android,zone_215,27.97,13,12,0,15.25,0
U704103,BE,web,zone_106,13.19,6,9,0,21.57,0
U704104,DE,android,zone_042,8.54,14,7,0,8.91,0
U704105,FR,android,zone_084,8.4,8,12,2,28.73,0
U704106,BE,ios,zone_184,16.57,3,8,1,12.05,0
U704107,DE,ios,zone_190,4.75,8,6,0,8.21,0
U704108,FR,ios,zone_103,29.25,5,9,0,19.55,0
U704109,ES,web,zone_157,,9,6,1,13.42,0
U704110,FR,ios,zone_142,18.23,8,6,1,12.19,0
U704111,FR,android,zone_201,21.17,5,7,1,15.67,0
U704112,BE,ios,zone_199,9.67,11,6,1,13.45,0
U704113,FR,android,zone_017,11.06,8,8,0,16.04,0
U704114,FR,web,zone_187,6.43,7,4,1,10.86,0
U704115,IT,android,zone_157,12.66,9,7,0,14.52,0
U704116,FR,ios,zone_018,8.25,13,8,0,15.33,0
U704117,IT,android,zone_117,6.01,4,13,1,19.04,0
U704118,BE,ios,zone_215,27.49,8,5,1,29.19,0
U704119,FR,android,zone_000,6.51,9,10,1,24.75,0
U704120,DE,ios,zone_065,17.89,5,9,1,24.8,0
U704121,FR,web,zone_012,16.81,8,6,1,4.31,0
U704122,BE,ios,zone_125,5.23,10,10,0,31.12,0
U704123,FR,android,zone_215,20.96,1,9,1,29.2,0
U704124,FR,android,zone_187,,6,6,2,26.01,0
U704125,FR,web,zone_053,19.57,8,12,1,24.1,0
U704126,FR,android,zone_138,17.71,10,5,0,23.37,0
U704127,IT,web,zone_026,15.28,11,14,0,13.8,0
U704128,BE,web,zone_155,36.47,9,9,0,21.11,0
U704129,FR,ios,zone_127,14.33,8,11,3,29.64,0
U704130,CH,ios,zone_208,12.39,8,10,1,21.93,0
U704131,DE,android,zone_028,10.68,7,9,0,11.95,0
U704132,CH,ios,zone_082,35.72,14,10,1,20.66,0
U704133,IT,ios,zone_142,8.64,7,7,0,2.85,0
U704134,FR,android,zone_122,14.09,10,10,1,24.13,0
U704135,IT,web,zone_081,6.04,10,5,0,13.17,0
U704136,CH,android,zone_100,10.88,9,7,3,14.7,0
U704137,FR,ios,zone_165,10.42,12,8,1,24.98,0
U704138,BE,android,zone_094,9.21,8,8,0,23.9,0
U704139,CH,android,zone_099,13.63,7,11,2,15.05,0
U704140,FR,web,zone_056,19.5,10,15,0,14.8,0
U704141,FR,ios,zone_170,14.26,13,10,1,26.38,0
U704142,FR,ios,zone_140,19.46,5,6,1,22.97,0
U704143,FR,web,zone_135,3.72,4,5,2,21.52,0
U704144,FR,web,zone_037,9.45,4,6,1,20.88,0
U704145,FR,android,zone_163,16.1,3,6,0,18.89,0
U704146,IT,web,zone_045,18.76,8,5,0,37.25,0
U704147,FR,ios,zone_197,18.39,6,5,0,18.73,0
U704148,BE,web,zone_027,14.59,6,4,0,24.31,0
U704149,BE,android,zone_128,6.79,9,7,0,29.88,0
U704150,ES,web,zone_032,16.32,13,8,1,19.26,0
U704151,FR,android,zone_070,14.6,11,7,0,16.85,0
U704152,FR,web,zone_152,,5,5,0,16.69,0
U704153,BE,web,zone_141,14.79,9,8,1,19.76,0
U704154,BE,ios,zone_089,10.15,5,6,1,14.74,0
U704155,FR,ios,zone_064,6.47,10,12,0,5.25,0
U704156,IT,ios,zone_176,19.01,8,12,2,10.84,0
U704157,FR,ios,zone_091,8.86,11,6,1,25.06,0
U704158,FR,ios,zone_137,6.04,10,15,2,17.48,0
U704159,FR,web,zone_054,9.51,8,6,0,28.44,0
U704160,IT,android,zone_191,6.56,5,6,0,15.36,0
U704161,ES,ios,zone_129,8.55,10,10,0,16.26,0
U704162,DE,web,zone_151,6.51,10,13,0,28.06,0
U704163,IT,ios,zone_075,8.49,8,8,1,13.12,0
U704164,ES,web,zone_050,16.3,10,10,0,29.83,0
U704165,FR,ios,zone_030,3.94,9,5,0,20.03,0
U704166,DE,android,zone_058,10.0,7,8,0,22.63,0
U704167,FR,android,zone_137,11.35,8,5,1,13.21,0
U704168,CH,android,zone_049,40.64,5,4,0,9.74,0
U704169,FR,android,zone_204,42.38,6,5,0,22.88,0
U704170,FR,ios,zone_162,15.26,14,6,0,26.51,0
U704171,FR,web,zone_020,29.55,6,13,4,28.37,0
U704172,CH,android,zone_192,12.6,9,7,1,31.15,0
U704173,DE,android,zone_219,16.78,6,5,0,20.54,0
U704174,FR,ios,zone_198,27.52,9,13,1,13.77,0
U704175,DE,ios,zone_168,10.84,8,8,1,33.39,0
U704176,ES,web,zone_047,17.75,9,7,0,21.58,0
U704177,DE,ios,zone_088,32.31,8,3,0,21.99,0
U704178,FR,android,zone_188,14.07,8,5,0,15.15,0
U704179,BE,web,zone_163,15.42,7,7,1,32.39,0
U704180,FR,android,zone_016,19.52,6,7,0,23.81,0
U704181,DE,android,zone_219,9.87,10,7,0,18.38,0
U704182,FR,android,zone_083,17.7,10,6,2,19.71,0
U704183,BE,android,zone_102,4.25,8,14,0,42.5,0
U704184,FR,android,zone_050,34.55,12,8,2,39.06,0
U704185,FR,ios,zone_041,4.16,9,5,0,21.51,0
U704186,FR,ios,zone_133,7.9,9,6,0,12.04,0
U704187,FR,ios,zone_025,8.71,9,7,0,17.33,0
U704188,FR,android,zone_083,4.27,7,9,0,21.94,0
U704189,FR,android,zone_199,10.73,11,11,0,14.52,0
U704190,BE,ios,zone_046,13.09,15,7,0,16.75,0
U704191,FR,android,zone_198,10.01,13,4,0,15.48,0
U704192,FR,web,zone_148,9.46,9,9,0,23.55,0
U704193,CH,ios,zone_148,17.79,10,12,1,24.92,0
U704194,FR,web,zone_046,20.3,9,6,0,33.61,0
U704195,FR,ios,zone_195,11.52,14,11,1,27.5,0
U704196,BE,android,zone_140,8.05,11,8,1,26.82,0
U704197,FR,ios,zone_207,3.66,9,9,0,7.7,0
U704198,FR,ios,zone_173,14.4,13,3,2,16.86,1
U704199,CH,ios,zone_148,26.25,8,5,1,15.91,0
U704200,FR,ios,zone_092,10.59,7,11,1,14.38,0
U704201,FR,android,zone_000,9.61,6,7,1,25.42,0
U704202,BE,android,zone_081,6.08,9,12,0,14.49,0
U704203,FR,ios,zone_070,14.18,13,10,1,17.57,0
U704204,FR,android,zone_007,32.17,12,5,0,14.87,0
U704205,IT,ios,zone_044,16.86,9,8,0,15.32,0
U704206,FR,ios,zone_163,6.21,8,9,0,17.69,0
U704207,FR,android,zone_124,15.01,3,8,1,43.36,0
U704208,FR,ios,zone_140,17.12,9,10,0,25.01,0
U704209,IT,android,zone_135,24.16,9,3,0,26.05,0
U704210,DE,web,zone_060,3.42,7,5,0,21.23,0
U704211,FR,android,zone_209,5.12,7,8,0,33.67,0
U704212,FR,android,zone_022,5.12,8,7,0,16.63,0
U704213,FR,android,zone_206,3.32,10,7,0,35.75,0
U704214,FR,ios,zone_159,7.28,5,9,0,32.61,0
U704215,FR,web,zone_014,8.98,13,8,1,33.93,0
U704216,FR,ios,zone_109,5.5,9,9,0,22.3,0
U704217,FR,ios,zone_165,35.04,4,15,1,18.54,1
U704218,FR,ios,zone_082,32.92,12,7,0,11.02,0
U704219,FR,android,zone_102,8.89,8,3,2,6.71,0
U704220,FR,android,zone_093,17.92,7,14,1,31.89,0
U704221,FR,ios,zone_190,25.18,13,8,1,25.12,0
U704222,FR,android,zone_156,28.6,13,5,2,42.01,0
U704223,FR,ios,zone_001,23.46,8,8,1,17.55,0
U704224,FR,android,zone_125,22.75,12,7,0,18.4,0
U704225,FR,android,zone_106,8.7,7,8,0,19.4,0
U704226,BE,android,zone_114,8.42,6,14,0,4.64,0
U704227,DE,android,zone_077,18.5,10,10,0,17.43,0
U704228,DE,android,zone_053,32.02,12,8,0,14.45,0
U704229,FR,ios,zone_109,5.13,14,5,0,17.23,0
U704230,FR,android,zone_172,6.59,11,8,0,24.65,0
U704231,ES,android,zone_164,10.56,6,2,1,9.98,0
U704232,FR,android,zone_097,18.09,11,9,1,13.2,0
U704233,FR,web,zone_157,19.06,7,3,1,26.8,0
U704234,IT,android,zone_147,,6,13,2,6.18,0
U704235,CH,ios,zone_050,11.59,13,7,1,28.89,0
U704236,FR,ios,zone_189,22.57,5,10,0,16.47,0
U704237,FR,ios,zone_033,12.89,9,13,1,21.34,0
U704238,IT,ios,zone_183,16.84,9,9,0,15.14,0
U704239,FR,web,zone_119,18.23,16,8,0,16.68,0
U704240,FR,ios,zone_149,13.15,8,10,1,20.85,0
U704241,FR,ios,zone_169,5.49,4,6,0,30.05,0
U704242,FR,ios,zone_081,16.89,7,6,0,18.78,0
U704243,ES,android,zone_219,17.79,9,11,0,14.5,0
U704244,ES,web,zone_021,6.48,10,5,2,20.71,0
U704245,ES,ios,zone_000,11.92,8,3,1,18.81,0
U704246,IT,web,zone_166,17.56,15,9,0,20.73,0
U704247,DE,web,zone_064,33.42,4,11,0,22.32,0
U704248,FR,android,zone_021,20.8,12,10,1,8.99,0
U704249,FR,android,zone_182,4.09,6,7,0,21.07,0
U704250,FR,ios,zone_023,30.88,11,2,0,16.11,0
U704251,FR,android,zone_114,6.32,5,5,0,11.56,0
U704252,FR,web,zone_032,13.72,5,9,2,7.32,0
U704253,DE,ios,zone_022,5.86,12,14,1,11.28,0
U704254,FR,android,zone_124,3.5,6,5,1,20.93,0
U704255,ES,ios,zone_048,15.97,9,7,0,13.56,0
U704256,FR,ios,zone_054,13.64,9,8,1,22.59,0
U704257,FR,ios,zone_080,7.14,9,6,0,36.77,0
U704258,FR,ios,zone_057,28.19,14,16,2,7.78,0
U704259,FR,web,zone_219,9.19,10,14,0,20.31,0
U704260,FR,ios,zone_087,30.41,8,10,0,27.85,0
U704261,BE,ios,zone_124,6.46,15,5,1,28.12,0
U704262,CH,android,zone_193,18.36,9,8,1,18.48,0
U704263,ES,ios,zone_090,9.19,5,10,0,15.08,0
U704264,ES,web,zone_210,23.13,12,3,0,24.07,0
U704265,FR,ios,zone_152,8.71,6,6,1,17.35,0
U704266,FR,web,zone_132,17.51,7,7,1,24.79,0
U704267,FR,android,zone_073,17.2,11,7,1,21.57,0
U704268,IT,ios,zone_030,7.49,12,13,0,21.7,0
U704269,FR,web,zone_070,25.35,5,2,0,20.96,0
U704270,ES,web,zone_114,44.92,8,15,0,17.49,0
U704271,DE,android,zone_028,9.23,5,9,2,13.27,0
U704272,FR,ios,zone_165,5.07,13,6,0,26.21,0
U704273,FR,android,zone_120,17.88,12,8,1,13.88,0
U704274,ES,web,zone_164,4.0,11,7,0,15.83,0
U704275,BE,ios,zone_180,17.59,6,9,0,10.09,0
U704276,IT,android,zone_210,15.38,6,11,0,9.01,1
U704277,BE,android,zone_112,24.85,5,7,0,20.67,0
U704278,IT,android,zone_129,5.65,10,16,0,27.65,0
U704279,FR,web,zone_217,36.02,9,5,0,29.14,0
U704280,IT,ios,zone_054,13.06,12,8,0,22.37,0
U704281,FR,ios,zone_140,8.14,11,4,0,21.89,0
U704282,FR,android,zone_020,11.73,6,8,0,30.63,1
U704283,FR,android,zone_118,21.12,7,9,2,29.85,0
U704284,FR,ios,zone_215,19.96,11,7,0,12.27,0
U704285,ES,android,zone_111,4.26,3,9,0,8.53,0
U704286,ES,ios,zone_206,6.25,9,5,0,23.68,0
U704287,DE,ios,zone_017,4.21,10,7,0,16.74,0
U704288,ES,web,zone_019,14.67,11,15,0,13.08,1
U704289,FR,ios,zone_215,21.18,11,12,0,26.48,0
U704290,DE,android,zone_007,7.54,8,5,0,25.16,0
U704291,FR,ios,zone_189,17.05,8,13,3,4.01,0
U704292,BE,ios,zone_092,6.09,5,9,0,22.86,0
U704293,FR,web,zone_033,,7,7,0,25.24,0
U704294,FR,ios,zone_126,13.37,10,8,1,16.58,0
U704295,FR,web,zone_215,6.06,11,5,0,21.69,0
U704296,ES,ios,zone_180,2.13,10,13,0,14.65,0
U704297,FR,ios,zone_036,8.17,9,14,0,15.64,0
U704298,FR,web,zone_065,37.41,13,7,0,22.51,0
U704299,ES,android,zone_015,15.59,9,2,0,20.04,0
U704300,FR,android,zone_021,29.86,17,6,1,7.28,0
U704301,FR,web,zone_103,9.89,4,7,0,18.39,1
U704302,BE,android,zone_121,5.7,5,7,0,30.74,0
U704303,FR,ios,zone_049,11.31,6,12,1,30.22,0
U704304,CH,web,zone_061,2.31,7,6,0,13.44,0
U704305,ES,android,zone_018,10.67,13,8,0,17.27,0
U704306,FR,android,zone_175,2.76,15,5,0,31.06,0
U704307,CH,ios,zone_057,11.58,9,7,0,16.44,0
U704308,FR,web,zone_106,12.83,7,6,1,15.9,0
U704309,FR,android,zone_081,5.41,11,9,1,20.2,1
U704310,FR,android,zone_042,4.01,11,6,1,12.96,0
U704311,IT,android,zone_117,45.16,11,3,1,18.38,1
U704312,FR,ios,zone_160,16.02,6,11,0,25.17,0
U704313,DE,android,zone_201,16.65,5,5,1,7.74,0
U704314,FR,android,zone_029,47.58,10,7,0,6.55,0
U704315,FR,web,zone_111,6.69,6,8,0,1.78,0
U704316,ES,web,zone_112,29.46,1,6,2,16.36,0
U704317,ES,android,zone_219,27.63,9,6,1,12.47,0
U704318,DE,ios,zone_096,10.15,6,13,0,31.55,0
U704319,ES,ios,zone_130,18.28,10,8,0,2.82,0
U704320,ES,web,zone_188,26.56,12,8,2,13.8,0
U704321,FR,android,zone_185,11.79,11,7,0,21.16,0
U704322,FR,android,zone_186,16.98,8,9,2,9.13,0
U704323,BE,android,zone_116,2.21,10,10,0,30.14,0
U704324,BE,ios,zone_085,15.93,5,6,0,29.53,0
U704325,CH,android,zone_066,,13,5,2,20.31,0
U704326,BE,android,zone_192,43.65,7,9,0,26.61,0
U704327,FR,ios,zone_219,14.51,13,8,0,10.78,0
U704328,IT,ios,zone_017,36.03,11,4,0,24.69,0
U704329,FR,ios,zone_146,7.58,10,8,1,21.76,0
U704330,ES,web,zone_111,10.86,6,7,0,26.35,0
U704331,ES,android,zone_210,13.01,7,9,1,25.58,0
U704332,FR,android,zone_091,5.49,14,5,0,18.12,0
U704333,FR,android,zone_140,12.66,10,3,3,23.54,0
U704334,FR,web,zone_061,2.28,11,3,1,22.47,0
U704335,FR,android,zone_004,10.82,6,9,0,15.91,0
U704336,FR,android,zone_069,21.06,8,8,0,10.53,0
U704337,FR,android,zone_158,13.84,9,8,0,3.68,0
U704338,ES,ios,zone_058,5.56,8,6,0,22.66,0
U704339,FR,android,zone_217,10.71,14,9,1,26.9,0
U704340,FR,ios,zone_076,20.59,15,4,1,18.81,0
U704341,FR,android,zone_134,17.25,6,7,1,19.67,0
U704342,FR,android,zone_030,14.74,7,5,0,14.21,0
U704343,DE,android,zone_143,5.21,9,9,0,18.45,0
U704344,IT,ios,zone_003,8.3,3,14,1,16.36,0
U704345,FR,ios,zone_046,11.55,8,5,0,16.52,0
U704346,ES,android,zone_074,24.37,11,10,0,22.74,0
U704347,DE,ios,zone_184,15.53,6,8,0,38.83,0
U704348,FR,ios,zone_152,9.33,7,10,0,18.43,0
U704349,FR,web,zone_000,14.81,11,6,1,29.29,0
U704350,FR,android,zone_201,6.14,11,7,1,17.12,0
U704351,FR,ios,zone_166,13.59,8,11,0,40.97,0
U704352,ES,android,zone_049,17.81,8,10,1,15.4,0
U704353,FR,ios,zone_059,14.75,8,10,1,22.68,0
U704354,FR,android,zone_203,34.29,8,11,0,14.24,0
U704355,BE,web,zone_050,1.37,7,10,0,30.18,0
U704356,FR,web,zone_141,24.39,11,5,0,12.46,0
U704357,FR,ios,zone_177,8.87,9,9,1,21.74,0
U704358,ES,android,zone_216,54.28,13,4,0,13.22,0
U704359,FR,ios,zone_073,7.63,11,6,1,31.18,0
U704360,FR,web,zone_085,7.7,9,8,1,14.33,0
U704361,DE,ios,zone_087,11.47,11,8,0,2.4,0
U704362,FR,ios,zone_203,24.23,6,9,0,20.98,0
U704363,FR,ios,zone_084,8.07,10,8,0,26.03,0
U704364,ES,ios,zone_126,24.86,8,8,0,12.16,0
U704365,FR,ios,zone_138,16.66,11,8,0,31.39,0
U704366,CH,android,zone_076,15.43,4,8,0,22.58,1
U704367,BE,android,zone_197,16.26,8,9,0,23.13,0
U704368,FR,ios,zone_148,22.51,10,9,1,8.8,0
U704369,FR,android,zone_180,15.31,10,10,0,19.39,0
U704370,IT,android,zone_121,38.09,7,10,1,19.36,0
U704371,ES,android,zone_150,3.3,7,8,1,22.76,0
U704372,DE,ios,zone_036,25.93,13,6,0,33.17,0
U704373,FR,android,zone_169,4.61,4,6,1,9.92,1
U704374,BE,android,zone_164,15.9,9,4,0,22.87,0
U704375,FR,ios,zone_021,15.11,9,7,1,8.21,0
U704376,FR,web,zone_200,20.7,10,9,0,21.87,0
U704377,IT,android,zone_212,6.24,8,10,0,10.42,0
U704378,BE,android,zone_026,6.48,9,8,0,14.6,0
U704379,FR,android,zone_067,32.45,14,12,0,12.02,1
U704380,CH,ios,zone_030,12.21,10,10,2,12.71,0
U704381,IT,android,zone_025,12.88,6,6,1,13.02,0
U704382,CH,android,zone_044,40.03,3,6,0,21.86,0
U704383,BE,ios,zone_201,20.75,11,6,0,18.75,0
U704384,BE,android,zone_180,11.52,12,3,3,17.24,0
U704385,ES,ios,zone_057,14.41,11,7,0,11.92,0
U704386,IT,android,zone_026,11.41,10,7,0,21.6,0
U704387,FR,android,zone_032,14.89,7,9,2,11.19,0
U704388,FR,web,zone_026,26.32,9,9,0,17.97,0
U704389,CH,web,zone_217,17.65,11,8,1,25.2,0
U704390,FR,web,zone_151,16.05,13,10,0,17.96,0
U704391,ES,android,zone_004,18.24,5,14,0,24.95,0
U704392,FR,ios,zone_014,20.47,10,9,0,21.19,0
U704393,ES,web,zone_152,11.34,7,8,0,31.76,0
U704394,DE,android,zone_209,9.76,7,7,0,10.13,0
U704395,FR,android,zone_085,41.13,6,9,0,19.8,0
U704396,IT,web,zone_021,8.04,7,4,0,19.93,0
U704397,FR,ios,zone_179,18.06,9,9,0,19.18,0
U704398,FR,android,zone_205,9.53,11,8,1,42.45,0
U704399,FR,ios,zone_014,6.98,11,7,1,23.37,0
U704400,FR,ios,zone_177,12.56,8,7,0,19.92,0
U704401,ES,web,zone_069,22.07,7,9,0,24.75,0
U704402,FR,android,zone_073,20.01,8,7,1,7.33,0
U704403,FR,android,zone_053,5.55,11,6,1,6.21,0
U704404,DE,android,zone_088,21.95,9,10,0,12.32,0
U704405,FR,web,zone_027,20.19,10,8,0,22.94,0
U704406,BE,android,zone_027,14.85,10,8,0,22.91,0
U704407,BE,ios,zone_127,7.25,4,10,2,16.41,0
U704408,FR,android,zone_197,28.88,6,5,1,13.35,1
U704409,ES,ios,zone_069,17.03,7,12,1,21.37,0
U704410,IT,android,zone_192,11.22,5,7,0,28.38,0
U704411,FR,ios,zone_086,8.16,7,8,1,17.78,0
U704412,DE,android,zone_095,5.74,6,10,0,19.73,1
U704413,FR,android,zone_144,6.62,3,9,0,10.89,0
U704414,FR,android,zone_179,6.86,8,8,0,23.23,0
U704415,BE,android,zone_016,15.18,4,4,0,19.11,0
U704416,FR,web,zone_026,11.85,2,12,0,31.39,0
U704417,IT,ios,zone_175,15.18,10,11,0,7.66,0
U704418,FR,android,zone_089,25.39,13,3,1,18.07,0
U704419,BE,ios,zone_087,6.34,11,9,0,16.45,0
U704420,FR,ios,zone_173,9.24,11,7,0,19.64,0
U704421,FR,android,zone_057,11.42,10,7,1,19.25,0
U704422,ES,web,zone_171,,7,6,0,17.49,0
U704423,FR,ios,zone_179,,13,4,1,10.41,0
U704424,DE,ios,zone_205,3.86,10,11,0,34.74,0
U704425,IT,ios,zone_053,24.98,9,5,1,24.14,0
U704426,FR,ios,zone_131,5.99,14,5,0,21.66,0
U704427,FR,android,zone_139,17.96,11,12,0,23.31,0
U704428,FR,ios,zone_096,9.76,8,7,2,15.47,0
U704429,FR,ios,zone_042,21.39,8,7,0,31.59,0
U704430,FR,android,zone_080,11.42,8,10,1,19.57,0
U704431,CH,android,zone_122,43.18,8,7,0,30.64,0
U704432,FR,ios,zone_112,21.33,5,7,1,19.51,1
U704433,FR,ios,zone_088,3.33,12,8,1,11.42,0
U704434,BE,ios,zone_125,18.88,6,4,1,35.07,0
U704435,DE,ios,zone_189,8.28,6,7,0,16.24,0
U704436,CH,ios,zone_152,22.04,6,6,0,27.6,0
U704437,BE,web,zone_087,8.12,3,9,0,24.81,0
U704438,FR,ios,zone_159,6.98,10,15,2,7.61,1
U704439,ES,ios,zone_150,14.88,8,6,0,23.51,0
U704440,FR,android,zone_068,25.94,8,8,0,16.33,0
U704441,ES,android,zone_216,18.87,5,10,0,25.85,0
U704442,FR,android,zone_027,11.07,8,5,2,12.46,0
U704443,FR,android,zone_000,15.21,5,8,0,21.81,0
U704444,DE,ios,zone_115,5.13,12,5,0,32.83,0
U704445,FR,android,zone_019,12.92,10,9,1,14.52,1
U704446,BE,web,zone_145,16.51,5,10,2,18.05,0
U704447,ES,ios,zone_125,25.8,6,11,0,19.88,0
U704448,FR,ios,zone_067,8.56,11,8,0,27.76,0
U704449,FR,web,zone_054,7.81,19,10,1,13.53,0
U704450,FR,android,zone_200,12.91,6,6,0,22.1,0
U704451,ES,android,zone_001,12.19,8,5,1,17.07,0
U704452,BE,ios,zone_097,33.88,7,12,0,21.53,0
U704453,FR,ios,zone_207,23.74,8,11,1,33.38,0
U704454,DE,android,zone_167,13.6,11,8,0,28.08,0
U704455,FR,ios,zone_062,26.02,9,12,0,14.53,0
U704456,FR,ios,zone_116,4.12,12,6,3,13.81,0
U704457,ES,android,zone_219,12.94,6,9,0,24.23,0
U704458,FR,ios,zone_043,,12,8,0,22.29,0
U704459,FR,web,zone_046,20.4,14,4,0,19.32,0
U704460,BE,android,zone_025,7.47,11,8,1,25.7,0
U704461,IT,ios,zone_203,6.57,9,4,0,20.37,0
U704462,FR,android,zone_190,11.46,12,8,1,22.96,0
U704463,BE,android,zone_000,15.17,16,5,1,18.24,0
U704464,IT,web,zone_214,23.21,5,16,0,26.47,0
U704465,FR,web,zone_132,8.89,5,7,1,11.11,0
U704466,ES,ios,zone_137,12.78,9,7,2,16.28,0
U704467,ES,android,zone_163,6.18,8,4,0,19.33,0
U704468,ES,ios,zone_081,37.91,9,7,0,26.05,0
U704469,DE,android,zone_152,13.38,3,12,2,32.15,0
U704470,FR,android,zone_160,23.05,6,9,0,30.78,0
U704471,FR,web,zone_172,12.99,12,10,0,7.6,0
U704472,FR,web,zone_026,11.82,9,3,1,25.34,0
U704473,FR,android,zone_190,31.43,12,5,1,6.8,1
U704474,FR,android,zone_101,36.55,11,12,0,15.52,0
U704475,FR,web,zone_074,8.38,5,8,0,5.98,0
U704476,FR,android,zone_060,9.16,5,3,0,17.44,0
U704477,FR,android,zone_132,,8,6,0,15.98,0
U704478,FR,android,zone_174,10.9,5,8,0,16.53,0
U704479,DE,ios,zone_156,6.83,13,4,0,19.96,0
U704480,ES,ios,zone_102,21.59,7,9,0,20.23,0
U704481,BE,ios,zone_188,19.19,14,10,0,31.55,0
U704482,FR,web,zone_208,6.75,7,7,1,18.37,0
U704483,FR,ios,zone_005,8.4,7,6,1,9.79,0
U704484,BE,ios,zone_135,2.27,7,12,2,14.59,0
U704485,FR,android,zone_005,7.36,10,8,0,21.75,0
U704486,DE,ios,zone_133,4.42,8,13,0,7.71,1
U704487,DE,ios,zone_218,26.11,9,6,0,24.1,0
U704488,BE,ios,zone_214,27.61,11,8,0,30.89,0
U704489,FR,android,zone_027,5.76,4,11,0,7.61,1
U704490,FR,android,zone_071,3.49,6,11,2,12.16,0
U704491,FR,web,zone_056,7.42,14,8,0,10.26,0
U704492,FR,ios,zone_045,8.06,6,9,1,14.52,0
U704493,DE,web,zone_061,4.55,5,13,0,29.82,0
U704494,FR,ios,zone_064,20.47,9,13,0,29.66,0
U704495,DE,android,zone_090,24.09,10,9,1,7.86,0
U704496,DE,ios,zone_158,9.47,9,13,3,23.8,0
U704497,DE,web,zone_163,12.92,6,3,0,20.81,0
U704498,DE,android,zone_098,16.61,10,5,1,22.8,0
U704499,FR,ios,zone_206,4.62,6,11,1,12.75,0
U704500,BE,ios,zone_034,16.79,9,11,1,12.35,0
U704501,FR,web,zone_119,11.84,10,8,0,18.61,0
U704502,FR,android,zone_198,9.43,8,11,0,13.1,0
U704503,IT,android,zone_126,38.11,10,5,0,27.27,0
U704504,IT,android,zone_130,17.21,8,8,1,21.9,0
U704505,FR,web,zone_087,9.04,11,8,3,20.05,0
U704506,DE,ios,zone_159,15.03,9,4,0,26.18,0
U704507,IT,ios,zone_131,4.82,5,7,0,23.64,0
U704508,IT,ios,zone_213,13.52,5,4,0,12.16,0
U704509,FR,android,zone_009,16.35,8,7,0,15.22,0
U704510,FR,web,zone_014,16.81,9,11,0,7.22,0
U704511,FR,web,zone_118,5.53,13,10,1,16.12,0
U704512,FR,android,zone_153,14.93,5,14,1,29.47,0
U704513,FR,web,zone_204,12.93,6,9,0,23.64,0
U704514,FR,android,zone_188,12.46,9,7,1,18.99,0
U704515,DE,ios,zone_171,13.63,10,13,0,9.54,0
U704516,FR,ios,zone_053,8.55,8,11,0,14.82,0
U704517,IT,android,zone_085,2.55,7,7,0,18.03,0
U704518,CH,android,zone_002,,10,10,0,21.88,0
U704519,FR,ios,zone_173,24.35,6,6,0,30.54,0
U704520,IT,ios,zone_037,2.19,10,5,1,27.89,0
U704521,FR,android,zone_053,23.99,3,6,0,20.81,0
U704522,ES,ios,zone_122,11.84,9,6,1,17.38,0
U704523,ES,ios,zone_156,0.48,9,7,2,24.04,0
U704524,FR,ios,zone_166,2.98,7,5,0,22.4,0
U704525,DE,ios,zone_055,27.84,12,8,0,17.09,0
U704526,DE,android,zone_137,6.51,9,9,1,28.52,0
U704527,ES,android,zone_161,28.22,9,7,0,14.56,0
U704528,DE,ios,zone_144,17.23,9,12,0,23.74,0
U704529,FR,android,zone_052,,14,9,0,17.07,0
U704530,ES,web,zone_195,14.09,13,10,0,19.54,0
U704531,FR,ios,zone_074,17.69,9,6,1,31.42,0
U704532,CH,ios,zone_084,16.28,6,5,1,28.41,0
U704533,ES,web,zone_062,7.06,4,7,0,31.38,0
U704534,BE,web,zone_219,32.67,6,10,1,13.95,0
U704535,DE,android,zone_191,28.63,9,1,1,20.26,0
U704536,FR,ios,zone_149,9.19,6,11,1,24.17,0
U704537,FR,android,zone_179,7.87,10,10,0,23.46,0
U704538,CH,ios,zone_201,24.42,13,9,0,25.06,0
U704539,FR,android,zone_157,,7,8,0,22.69,0
U704540,FR,ios,zone_020,20.31,7,5,3,19.32,0
U704541,FR,web,zone_048,6.4,10,4,1,26.3,0
U704542,FR,android,zone_117,35.81,8,4,1,21.36,0
U704543,IT,android,zone_115,12.43,11,8,0,8.83,0
U704544,CH,ios,zone_053,8.27,7,6,2,25.57,0
U704545,FR,android,zone_177,7.37,7,4,0,9.18,0
U704546,IT,android,zone_153,7.06,5,12,0,14.44,0
U704547,IT,web,zone_128,6.31,8,10,0,21.44,0
U704548,ES,ios,zone_128,20.76,7,9,1,7.67,0
U704549,ES,ios,zone_054,18.36,8,8,1,26.27,0
U704550,FR,android,zone_015,10.78,6,7,0,17.5,1
U704551,FR,android,zone_051,29.11,8,9,0,27.8,0
U704552,FR,android,zone_037,14.86,7,12,1,21.48,0
U704553,CH,ios,zone_154,4.78,5,3,1,20.77,0
U704554,ES,android,zone_064,27.93,10,6,0,16.38,0
U704555,FR,ios,zone_146,22.77,9,7,0,18.22,0
U704556,FR,android,zone_184,20.88,8,13,1,21.08,0
U704557,DE,android,zone_012,7.58,6,8,0,13.05,0
U704558,FR,ios,zone_186,13.01,9,7,0,27.05,0
U704559,FR,ios,zone_031,1.27,14,9,0,12.14,0
U704560,ES,ios,zone_156,27.01,10,7,0,22.77,0
U704561,ES,android,zone_060,4.69,12,11,1,18.27,0
U704562,FR,android,zone_106,18.92,15,10,2,27.75,1
U704563,IT,android,zone_099,4.39,10,10,1,20.08,1
U704564,FR,android,zone_107,10.02,4,11,0,22.87,0
U704565,FR,android,zone_012,4.97,8,7,0,22.15,0
U704566,FR,ios,zone_036,36.23,10,10,0,25.78,0
U704567,FR,android,zone_093,3.51,8,11,0,18.4,0
U704568,BE,android,zone_067,30.28,13,7,0,18.15,0
U704569,FR,ios,zone_184,20.44,10,4,1,27.17,0
U704570,FR,android,zone_196,9.88,5,7,0,12.4,0
U704571,FR,android,zone_193,10.64,6,11,1,16.73,0
U704572,FR,ios,zone_201,9.89,12,10,0,16.55,0
U704573,FR,android,zone_062,21.88,9,6,0,17.52,0
U704574,FR,ios,zone_048,6.16,12,8,1,16.59,0
U704575,ES,ios,zone_168,5.48,9,2,0,18.63,0
U704576,FR,web,zone_216,24.35,11,6,0,23.88,0
U704577,FR,web,zone_161,7.78,11,6,0,18.36,1
U704578,FR,web,zone_024,6.67,14,4,0,9.16,0
U704579,FR,android,zone_154,14.66,3,5,0,12.56,0
U704580,FR,android,zone_103,11.55,12,7,0,18.77,0
U704581,ES,ios,zone_180,9.0,8,8,0,23.35,0
U704582,ES,android,zone_054,6.34,11,12,0,10.58,0
U704583,FR,ios,zone_188,17.04,5,7,1,17.07,1
U704584,FR,android,zone_101,8.49,10,12,1,21.61,0
U704585,BE,web,zone_132,11.28,10,6,2,21.33,0
U704586,DE,ios,zone_084,9.28,3,9,0,21.61,0
U704587,FR,ios,zone_159,7.46,9,7,0,35.23,0
U704588,FR,android,zone_183,7.71,8,8,1,8.3,0
U704589,DE,android,zone_003,8.99,12,11,0,17.45,0
U704590,ES,android,zone_027,11.3,13,11,1,26.83,0
U704591,BE,ios,zone_031,21.7,8,9,0,3.61,0
U704592,BE,ios,zone_127,14.28,6,10,0,24.66,0
U704593,ES,android,zone_015,25.13,8,8,1,34.91,0
U704594,FR,ios,zone_001,19.35,12,3,1,19.86,0
U704595,BE,android,zone_064,7.19,11,11,1,20.99,0
U704596,IT,android,zone_158,8.35,7,9,1,11.81,0
U704597,FR,ios,zone_050,6.79,14,10,0,31.9,0
U704598,BE,web,zone_164,18.06,13,8,0,34.57,0
U704599,ES,ios,zone_200,14.16,11,9,2,19.76,0
U704600,FR,android,zone_109,21.17,11,4,2,13.26,0
U704601,IT,ios,zone_062,10.96,11,7,1,14.94,0
U704602,FR,ios,zone_137,10.23,9,4,0,33.09,0
U704603,ES,ios,zone_022,25.41,7,12,1,16.39,0
U704604,BE,web,zone_114,10.52,11,9,1,35.11,0
U704605,FR,android,zone_085,9.14,7,7,3,19.55,0
U704606,IT,web,zone_003,3.7,6,9,1,13.22,0
U704607,FR,android,zone_101,11.94,6,9,1,22.04,0
U704608,FR,web,zone_130,5.27,12,5,0,17.95,0
U704609,FR,ios,zone_186,16.96,10,7,0,27.15,0
U704610,DE,ios,zone_034,8.39,4,9,0,28.43,0
U704611,IT,ios,zone_113,25.62,12,6,0,4.97,0
U704612,IT,android,zone_046,21.0,12,9,0,28.1,0
U704613,DE,ios,zone_022,15.28,10,9,0,13.07,0
U704614,FR,android,zone_195,5.13,10,5,0,12.46,0
U704615,FR,android,zone_077,31.45,6,8,1,15.82,0
U704616,IT,ios,zone_167,16.03,5,9,0,25.86,1
U704617,FR,web,zone_206,6.55,13,5,0,22.07,0
U704618,FR,android,zone_204,8.75,6,8,0,16.77,0
U704619,FR,android,zone_214,45.88,9,3,0,3.11,0
U704620,BE,android,zone_086,36.57,12,10,0,32.26,0
U704621,CH,web,zone_121,1.73,13,10,0,22.86,0
U704622,FR,android,zone_145,12.49,10,5,3,28.45,0
U704623,DE,ios,zone_113,14.0,4,8,0,21.54,0
U704624,CH,android,zone_181,17.21,12,13,0,15.44,0
U704625,DE,ios,zone_040,18.49,5,9,1,18.62,0
U704626,DE,web,zone_040,11.47,8,17,0,20.73,0
U704627,DE,android,zone_072,26.06,6,3,1,15.17,0
U704628,BE,ios,zone_006,,7,7,2,9.88,0
U704629,FR,web,zone_085,4.73,10,13,1,22.14,0
U704630,FR,android,zone_087,8.65,4,9,1,37.44,0
U704631,FR,ios,zone_080,2.08,15,9,0,18.08,0
U704632,FR,ios,zone_179,12.51,13,11,1,22.89,0
U704633,FR,android,zone_099,15.17,8,5,0,26.65,0
U704634,FR,android,zone_216,18.59,3,7,0,11.36,0
U704635,FR,web,zone_041,23.2,9,10,1,18.7,0
U704636,ES,web,zone_000,4.35,10,6,1,28.07,0
U704637,CH,ios,zone_172,11.34,17,9,2,15.49,0
U704638,DE,ios,zone_153,30.89,20,11,1,14.45,0
U704639,FR,web,zone_139,15.75,10,4,0,23.67,0
U704640,ES,android,zone_189,8.88,8,8,1,16.13,0
U704641,FR,ios,zone_122,14.58,6,8,1,30.76,0
U704642,FR,web,zone_157,8.64,9,6,1,36.32,0
U704643,FR,web,zone_040,15.73,7,9,2,22.66,0
U704644,ES,android,zone_077,27.47,9,11,0,7.73,0
U704645,FR,ios,zone_010,34.96,9,8,0,17.74,1
U704646,BE,ios,zone_171,24.58,15,5,0,22.84,0
U704647,FR,web,zone_104,8.39,7,6,0,15.78,0
U704648,FR,ios,zone_213,14.28,2,3,0,36.28,0
U704649,IT,web,zone_110,7.73,8,5,2,26.64,0
U704650,IT,ios,zone_097,19.63,7,9,1,11.82,0
U704651,FR,ios,zone_123,13.46,8,9,1,12.52,0
U704652,IT,web,zone_092,14.43,4,10,0,28.75,0
U704653,FR,android,zone_024,8.68,6,5,1,27.99,0
U704654,FR,ios,zone_193,21.04,11,5,1,14.44,0
U704655,FR,web,zone_001,5.45,8,6,0,13.11,0
U704656,BE,web,zone_149,9.89,12,3,0,18.37,0
U704657,FR,ios,zone_134,34.18,4,8,0,41.7,1
U704658,FR,ios,zone_158,9.56,9,8,0,19.71,0
U704659,FR,web,zone_200,4.29,2,13,0,32.77,0
U704660,IT,android,zone_185,5.09,7,10,0,34.45,0
U704661,FR,ios,zone_056,17.16,5,6,1,17.63,0
U704662,FR,ios,zone_167,,8,9,0,13.22,0
U704663,FR,ios,zone_130,4.53,10,9,0,12.21,0
U704664,FR,ios,zone_128,29.96,6,10,0,24.64,0
U704665,FR,android,zone_032,13.08,11,7,0,17.02,0
U704666,FR,android,zone_091,21.39,11,4,0,12.14,0
U704667,FR,ios,zone_072,19.11,14,8,1,22.08,0
U704668,FR,ios,zone_084,22.27,11,4,0,12.95,0
U704669,FR,ios,zone_025,14.0,12,3,1,21.51,0
U704670,FR,android,zone_192,5.84,3,3,0,25.75,0
U704671,FR,ios,zone_058,7.87,5,11,0,10.07,0
U704672,CH,ios,zone_112,15.85,11,8,0,9.03,0
U704673,ES,android,zone_145,1.72,11,7,1,4.19,0
U704674,FR,ios,zone_092,20.21,18,11,0,19.73,0
U704675,ES,android,zone_038,6.82,13,7,1,7.89,0
U704676,FR,web,zone_039,11.27,11,12,2,26.46,0
U704677,FR,android,zone_156,26.8,11,9,2,29.78,0
U704678,CH,android,zone_170,8.84,12,10,0,9.35,0
U704679,DE,ios,zone_071,13.75,5,14,0,14.49,0
U704680,BE,ios,zone_151,5.4,9,1,0,11.52,0
U704681,FR,android,zone_182,10.9,6,8,0,10.25,0
U704682,FR,android,zone_006,9.54,13,12,2,24.35,1
U704683,FR,android,zone_087,25.12,11,7,0,18.12,0
U704684,ES,ios,zone_027,22.06,7,8,1,17.99,0
U704685,ES,ios,zone_151,11.74,6,11,2,24.23,0
U704686,ES,ios,zone_196,8.38,4,9,0,13.72,0
U704687,DE,web,zone_108,10.3,20,7,0,15.07,0
U704688,IT,ios,zone_019,21.8,4,6,0,25.62,0
U704689,IT,ios,zone_088,33.13,8,6,2,15.08,0
U704690,ES,android,zone_134,,5,6,1,13.22,0
U704691,FR,web,zone_018,10.77,7,5,0,32.98,0
U704692,ES,ios,zone_111,11.07,10,10,0,17.62,0
U704693,IT,ios,zone_054,13.69,13,12,1,27.67,0
U704694,FR,web,zone_090,27.24,10,9,0,23.0,0
U704695,FR,android,zone_147,23.54,13,7,2,21.14,0
U704696,BE,ios,zone_141,12.18,6,6,1,23.65,0
U704697,FR,android,zone_106,16.89,6,9,2,20.76,1
U704698,FR,ios,zone_004,,10,10,1,29.05,0
U704699,FR,web,zone_197,,9,13,1,18.77,0
U704700,FR,android,zone_092,16.31,11,4,1,9.81,0
U704701,CH,android,zone_164,32.04,14,6,0,25.54,0
U704702,ES,web,zone_001,15.38,12,8,0,20.52,0
U704703,FR,ios,zone_003,12.47,4,7,0,30.51,0
U704704,FR,android,zone_093,15.27,7,6,2,26.01,0
U704705,FR,ios,zone_135,14.88,5,7,0,26.55,0
U704706,FR,ios,zone_156,8.45,9,6,1,24.95,0
U704707,FR,ios,zone_002,8.42,12,9,1,12.72,0
U704708,FR,web,zone_122,9.48,9,8,0,22.63,0
U704709,DE,ios,zone_209,11.76,10,10,1,28.98,0
U704710,FR,android,zone_199,18.63,8,10,0,22.89,0
U704711,CH,android,zone_109,3.5,13,9,1,18.34,0
U704712,BE,android,zone_104,,7,11,0,25.37,0
U704713,FR,android,zone_120,23.65,7,8,0,32.51,1
U704714,FR,android,zone_002,,7,6,1,20.49,0
U704715,FR,android,zone_072,,6,7,1,22.82,0
U704716,BE,ios,zone_134,10.15,5,9,1,17.41,0
U704717,FR,ios,zone_071,6.82,15,9,1,18.73,0
U704718,CH,android,zone_111,8.47,10,7,0,21.04,0
U704719,BE,android,zone_159,24.27,5,7,1,10.62,0
U704720,CH,ios,zone_058,15.27,7,15,0,7.22,0
U704721,CH,android,zone_096,13.01,15,7,1,21.98,0
U704722,FR,ios,zone_177,5.28,5,12,1,20.84,0
U704723,FR,ios,zone_017,,5,5,0,13.24,0
U704724,BE,ios,zone_024,11.46,4,8,0,19.16,0
U704725,IT,android,zone_120,14.95,6,6,0,22.37,0
U704726,BE,android,zone_035,16.07,6,14,0,17.35,0
U704727,DE,ios,zone_015,11.4,10,6,1,17.97,0
U704728,FR,ios,zone_169,6.76,13,11,2,15.04,0
U704729,FR,ios,zone_147,11.21,11,10,0,17.15,0
U704730,BE,ios,zone_063,34.35,4,5,2,22.37,0
U704731,FR,android,zone_082,14.73,6,9,2,16.42,0
U704732,BE,web,zone_188,12.15,6,7,2,6.67,1
U704733,FR,web,zone_000,5.5,10,5,0,27.23,0
U704734,FR,android,zone_138,,7,7,0,27.25,0
U704735,DE,android,zone_077,11.48,8,5,0,9.07,0
U704736,FR,android,zone_126,8.76,13,9,0,14.64,0
U704737,IT,android,zone_206,5.18,9,7,0,21.31,0
U704738,BE,web,zone_101,12.63,11,4,0,24.23,0
U704739,ES,ios,zone_133,4.97,11,8,0,15.46,0
U704740,FR,ios,zone_011,4.99,5,8,0,24.22,0
U704741,FR,android,zone_130,15.23,8,7,0,12.12,0
U704742,FR,ios,zone_026,26.42,8,7,1,15.72,0
U704743,ES,web,zone_180,3.0,13,5,1,19.35,0
U704744,FR,android,zone_028,3.04,6,4,2,15.48,0
U704745,FR,android,zone_135,23.24,9,6,1,28.97,0
U704746,FR,android,zone_138,7.07,11,7,0,11.2,0
U704747,ES,ios,zone_115,7.45,9,7,1,6.78,0
U704748,FR,android,zone_149,6.5,7,13,2,9.33,0
U704749,FR,ios,zone_195,10.6,8,9,0,26.71,0
U704750,FR,web,zone_188,9.81,9,9,0,14.95,0
U704751,FR,ios,zone_007,26.32,14,7,1,30.92,0
U704752,FR,android,zone_097,24.24,14,9,0,19.02,0
U704753,ES,android,zone_169,40.89,12,11,1,26.87,0
U704754,FR,ios,zone_082,13.51,8,13,0,12.24,0
U704755,FR,ios,zone_198,11.17,6,9,0,9.0,0
U704756,IT,android,zone_108,57.05,9,8,1,23.44,0
U704757,FR,ios,zone_006,1.71,9,10,0,24.6,0
U704758,FR,ios,zone_034,13.43,9,9,0,25.08,0
U704759,FR,ios,zone_196,5.38,3,2,0,29.92,0
U704760,CH,ios,zone_054,8.42,6,10,0,25.4,0
U704761,FR,ios,zone_007,13.94,6,7,0,28.38,0
U704762,FR,ios,zone_133,10.16,7,5,0,18.03,0
U704763,FR,web,zone_047,19.28,6,4,0,23.44,0
U704764,FR,ios,zone_068,15.71,6,11,0,19.25,0
U704765,FR,web,zone_200,34.79,7,8,0,18.98,0
U704766,BE,android,zone_070,10.92,5,5,0,15.48,0
U704767,DE,web,zone_021,33.42,8,5,0,28.72,0
U704768,FR,web,zone_146,9.53,7,8,1,11.99,0
U704769,FR,android,zone_021,14.9,10,8,4,10.21,0
U704770,FR,android,zone_135,15.26,11,7,0,9.35,0
U704771,FR,android,zone_173,12.26,3,9,1,14.87,0
U704772,FR,ios,zone_218,12.96,8,6,1,28.01,0
U704773,FR,web,zone_215,43.62,9,6,0,26.37,0
U704774,DE,ios,zone_214,1.89,6,10,0,30.8,0
U704775,FR,android,zone_213,9.26,8,10,0,11.23,0
U704776,FR,ios,zone_161,23.5,18,11,0,13.33,0
U704777,FR,ios,zone_006,17.02,12,6,0,24.77,0
U704778,IT,android,zone_147,9.96,12,13,0,29.18,0
U704779,IT,android,zone_156,37.02,8,7,1,20.38,0
U704780,IT,android,zone_162,11.54,12,9,0,12.04,0
U704781,FR,web,zone_000,43.08,15,4,0,7.57,0
U704782,FR,ios,zone_217,16.27,7,4,0,18.81,0
U704783,FR,web,zone_155,24.12,12,9,1,8.73,0
U704784,DE,ios,zone_039,22.62,8,14,3,23.68,0
U704785,FR,web,zone_199,4.8,9,8,0,15.09,0
U704786,ES,android,zone_131,13.39,11,8,0,21.05,0
U704787,FR,android,zone_052,16.8,16,12,0,39.53,0
U704788,FR,android,zone_084,29.86,5,11,3,34.79,0
U704789,BE,ios,zone_088,22.12,1,8,0,27.3,0
U704790,BE,android,zone_010,8.36,11,6,0,24.52,1
U704791,FR,ios,zone_044,13.54,15,10,0,14.92,0
U704792,FR,android,zone_189,4.68,4,8,0,8.35,0
U704793,FR,android,zone_041,6.52,11,4,0,26.16,0
U704794,IT,web,zone_032,10.76,5,8,0,15.32,0
U704795,BE,android,zone_201,1.23,20,10,1,24.37,0
U704796,FR,web,zone_007,9.08,6,13,0,13.68,0
U704797,FR,ios,zone_034,6.5,13,12,0,20.89,0
U704798,IT,android,zone_138,9.96,13,12,2,20.65,0
U704799,FR,ios,zone_128,15.79,6,7,2,11.82,0
U704800,IT,ios,zone_083,26.85,8,10,0,36.33,0
U704801,FR,android,zone_015,10.93,8,8,0,16.62,0
U704802,FR,android,zone_140,11.43,10,14,0,18.83,0
U704803,BE,web,zone_100,19.0,6,9,2,25.55,0
U704804,BE,android,zone_174,16.98,7,5,1,23.3,0
U704805,FR,android,zone_176,6.36,7,6,1,25.5,0
U704806,FR,android,zone_213,11.63,5,6,0,14.15,0
U704807,DE,ios,zone_018,11.73,13,3,0,14.89,0
U704808,BE,web,zone_081,22.41,6,4,0,21.35,0
U704809,IT,ios,zone_073,6.85,5,9,0,13.99,0
U704810,ES,ios,zone_148,20.41,8,4,1,18.53,0
U704811,IT,android,zone_026,7.79,11,8,0,26.94,0
U704812,BE,android,zone_210,24.86,5,11,0,16.77,0
U704813,FR,android,zone_123,13.75,12,8,2,12.68,0
U704814,CH,android,zone_045,,8,14,0,21.32,0
U704815,FR,ios,zone_215,10.56,13,7,1,29.63,0
U704816,DE,android,zone_170,5.74,11,7,1,14.29,0
U704817,FR,ios,zone_058,8.7,7,6,1,27.46,0
U704818,FR,android,zone_107,9.08,7,6,3,3.05,0
U704819,FR,android,zone_025,12.77,13,10,0,26.75,0
U704820,FR,ios,zone_106,56.74,7,7,1,21.32,0
U704821,FR,ios,zone_042,8.1,12,6,0,7.55,0
U704822,FR,web,zone_043,,13,13,0,26.65,0
U704823,FR,web,zone_011,8.68,11,9,0,13.99,0
U704824,DE,web,zone_088,23.47,7,7,0,18.66,0
U704825,ES,android,zone_046,4.88,8,9,0,13.47,0
U704826,IT,ios,zone_017,13.58,5,6,0,12.71,0
U704827,FR,ios,zone_092,30.16,8,10,0,10.03,0
U704828,FR,android,zone_165,,14,2,1,34.55,0
U704829,BE,android,zone_033,14.84,11,7,0,31.06,0
U704830,FR,web,zone_005,9.69,7,7,2,31.79,0
U704831,FR,ios,zone_001,9.49,9,12,1,13.0,0
U704832,IT,ios,zone_096,18.34,10,10,0,33.41,0
U704833,ES,android,zone_117,29.45,10,3,0,27.47,0
U704834,IT,android,zone_012,4.88,8,9,1,33.13,0
U704835,FR,android,zone_064,6.89,6,6,0,21.52,0
U704836,FR,android,zone_024,17.29,9,7,0,25.59,0
U704837,ES,android,zone_182,9.49,6,8,1,31.5,0
U704838,DE,web,zone_150,3.33,11,6,1,26.8,0
U704839,FR,ios,zone_114,17.48,8,10,1,17.66,0
U704840,FR,android,zone_095,11.33,10,7,3,15.9,0
U704841,FR,android,zone_103,6.3,7,11,1,23.47,0
U704842,CH,ios,zone_199,,8,6,1,22.45,0
U704843,DE,web,zone_194,10.54,10,11,0,17.51,0
U704844,ES,android,zone_126,14.05,13,1,0,5.68,0
U704845,FR,android,zone_064,39.67,4,6,1,17.29,0
U704846,ES,ios,zone_080,15.02,8,11,1,13.8,0
U704847,ES,web,zone_119,22.14,12,11,0,23.39,0
U704848,FR,android,zone_149,25.23,13,4,2,22.03,0
U704849,ES,ios,zone_107,17.94,13,5,0,14.01,0
U704850,IT,ios,zone_162,9.56,12,10,0,8.39,0
U704851,FR,web,zone_015,22.71,12,13,0,19.19,0
U704852,BE,android,zone_080,8.34,11,6,0,32.15,0
U704853,FR,android,zone_076,9.78,10,3,0,18.13,0
U704854,FR,android,zone_109,20.06,11,9,0,16.22,0
U704855,BE,web,zone_150,31.85,8,6,0,20.58,0
U704856,FR,ios,zone_121,14.91,9,7,0,16.87,0
U704857,FR,web,zone_213,17.52,9,8,0,29.17,0
U704858,FR,android,zone_080,16.94,11,6,1,16.25,0
U704859,DE,web,zone_132,5.0,8,8,0,19.27,0
U704860,FR,android,zone_149,11.25,9,8,2,23.31,0
U704861,FR,ios,zone_008,3.67,4,9,1,33.47,0
U704862,DE,android,zone_014,9.46,6,13,0,15.19,0
U704863,IT,android,zone_102,5.74,5,7,0,14.56,0
U704864,BE,android,zone_186,3.99,7,13,2,22.35,0
U704865,FR,web,zone_042,8.86,7,8,0,24.51,0
U704866,FR,web,zone_128,2.38,7,9,0,22.33,0
U704867,FR,web,zone_095,10.37,7,8,1,22.78,0
U704868,FR,android,zone_094,27.26,7,7,0,14.67,0
U704869,IT,android,zone_206,14.93,4,12,1,20.44,0
U704870,FR,android,zone_172,2.84,11,7,0,18.13,0
U704871,FR,ios,zone_198,18.43,9,5,0,18.04,0
U704872,FR,ios,zone_035,13.49,10,2,2,21.41,0
U704873,FR,ios,zone_077,4.53,9,8,1,28.41,0
U704874,FR,android,zone_208,20.78,13,10,1,17.13,0
U704875,BE,android,zone_199,34.0,6,8,1,10.19,0
U704876,ES,web,zone_085,6.77,6,4,1,23.13,0
U704877,FR,android,zone_011,10.71,9,7,0,14.96,0
U704878,ES,android,zone_012,22.57,7,8,0,3.42,0
U704879,BE,ios,zone_196,19.52,20,14,0,16.72,0
U704880,IT,web,zone_160,31.37,10,9,2,10.85,0
U704881,FR,ios,zone_154,13.79,13,5,0,10.9,0
U704882,DE,web,zone_217,16.48,6,8,0,26.89,0
U704883,FR,ios,zone_203,1.88,8,12,1,22.58,0
U704884,ES,android,zone_163,15.18,10,6,0,16.91,0
U704885,FR,android,zone_082,23.7,5,5,2,15.97,0
U704886,FR,ios,zone_154,8.78,11,4,1,8.85,0
U704887,ES,ios,zone_126,19.3,3,7,1,21.52,0
U704888,ES,ios,zone_100,,6,10,2,16.91,0
U704889,FR,web,zone_187,30.79,10,11,0,24.35,0
U704890,DE,android,zone_148,18.52,10,6,2,15.23,0
U704891,ES,ios,zone_129,,11,6,1,23.36,0
U704892,FR,android,zone_032,7.2,11,14,2,7.26,0
U704893,BE,web,zone_050,10.71,6,9,0,18.86,0
U704894,ES,ios,zone_159,19.28,10,9,0,17.25,0
U704895,FR,ios,zone_150,21.62,13,10,1,21.08,0
U704896,FR,android,zone_213,3.38,9,9,1,7.06,0
U704897,FR,android,zone_041,8.79,6,10,1,13.76,0
U704898,CH,ios,zone_000,7.58,6,9,0,24.92,0
U704899,IT,ios,zone_047,3.84,9,7,1,7.19,0
U704900,FR,android,zone_163,5.75,6,6,1,22.35,0
U704901,FR,web,zone_031,12.1,5,7,1,33.56,0
U704902,FR,ios,zone_161,15.98,2,12,0,26.03,0
U704903,FR,android,zone_025,29.73,6,7,0,13.88,0
U704904,ES,ios,zone_215,26.55,9,10,2,21.81,0
U704905,IT,web,zone_074,19.38,9,9,2,18.32,0
U704906,BE,ios,zone_106,7.49,8,6,0,25.85,0
U704907,FR,android,zone_162,1.02,9,10,0,13.28,0
U704908,IT,ios,zone_027,17.94,9,9,0,10.32,0
U704909,DE,android,zone_159,14.19,7,10,1,21.9,0
U704910,FR,web,zone_130,5.51,10,12,0,25.94,1
U704911,FR,android,zone_119,4.68,10,10,1,25.03,0
U704912,FR,ios,zone_126,18.55,8,4,0,11.6,0
U704913,ES,web,zone_199,5.92,6,9,1,11.09,0
U704914,ES,android,zone_098,16.99,6,6,1,15.12,0
U704915,FR,android,zone_061,18.08,12,3,0,24.09,0
U704916,FR,android,zone_154,8.43,11,7,0,11.6,0
U704917,ES,ios,zone_058,10.95,5,15,1,18.34,0
U704918,BE,web,zone_019,26.94,13,9,1,18.36,0
U704919,FR,web,zone_165,37.62,6,5,0,15.17,0
U704920,IT,ios,zone_218,5.79,11,6,0,12.29,0
U704921,FR,ios,zone_157,5.88,12,4,0,17.25,0
U704922,FR,android,zone_176,5.26,9,8,0,25.7,0
U704923,FR,web,zone_072,11.12,11,6,1,19.12,0
U704924,IT,ios,zone_008,32.62,8,11,1,19.41,0
U704925,DE,android,zone_201,6.05,8,6,0,16.92,0
U704926,CH,ios,zone_054,14.16,5,9,0,21.79,0
U704927,FR,web,zone_179,12.99,14,5,1,25.66,0
U704928,FR,android,zone_134,18.68,6,6,0,25.42,0
U704929,DE,android,zone_058,37.24,10,7,0,12.55,0
U704930,FR,android,zone_036,,12,5,0,13.76,0
U704931,FR,android,zone_100,19.65,13,7,2,14.38,0
U704932,FR,ios,zone_126,24.02,13,8,1,5.42,0
U704933,BE,web,zone_057,,14,11,1,13.57,0
U704934,BE,android,zone_099,,11,10,2,16.19,0
U704935,BE,android,zone_053,20.85,9,7,2,20.47,0
U704936,FR,web,zone_186,,6,9,0,22.74,0
U704937,FR,android,zone_200,9.88,8,9,0,9.55,0
U704938,FR,web,zone_107,12.82,7,7,1,14.74,0
U704939,FR,ios,zone_135,,8,8,0,26.15,0
U704940,FR,ios,zone_054,9.21,10,12,0,20.76,0
U704941,FR,ios,zone_031,6.28,11,9,1,15.29,1
U704942,FR,web,zone_111,15.31,7,6,0,29.25,0
U704943,FR,android,zone_024,21.87,11,15,0,24.55,0
U704944,DE,web,zone_206,13.32,7,12,4,18.71,0
U704945,BE,ios,zone_084,7.58,6,9,1,26.53,0
U704946,FR,android,zone_159,18.35,10,6,1,15.86,0
U704947,BE,ios,zone_076,27.59,15,9,0,16.51,0
U704948,DE,web,zone_206,,7,5,0,19.74,0
U704949,DE,web,zone_209,30.41,7,8,1,22.36,0
U704950,ES,android,zone_018,5.82,2,12,2,27.23,0
U704951,FR,ios,zone_179,27.21,8,11,0,15.57,0
U704952,FR,android,zone_056,12.86,11,9,0,16.02,0
U704953,IT,web,zone_216,12.92,6,7,1,24.95,0
U704954,FR,android,zone_055,15.37,6,5,0,22.72,0
U704955,IT,ios,zone_205,19.33,7,6,0,9.85,0
U704956,IT,web,zone_075,13.79,6,6,0,14.07,0
U704957,FR,android,zone_168,16.34,8,10,0,15.87,0
U704958,FR,ios,zone_116,16.99,7,10,1,21.92,0
U704959,FR,android,zone_130,18.53,8,8,1,16.07,0
U704960,IT,ios,zone_066,19.9,4,12,2,22.85,0
U704961,FR,ios,zone_086,12.41,5,9,0,23.25,0
U704962,FR,android,zone_209,14.59,5,7,0,24.53,0
U704963,FR,web,zone_179,12.47,10,7,1,29.29,0
U704964,BE,ios,zone_145,0.81,12,5,2,23.77,0
U704965,FR,android,zone_045,6.44,9,7,0,22.65,0
U704966,FR,android,zone_151,25.96,10,11,1,21.17,0
U704967,FR,web,zone_175,12.46,6,5,0,15.32,0
U704968,FR,android,zone_180,,5,10,0,18.96,0
U704969,IT,android,zone_085,6.06,8,12,0,21.21,0
U704970,FR,android,zone_079,12.87,10,8,1,22.8,0
U704971,FR,android,zone_167,11.25,6,5,0,37.87,0
U704972,DE,android,zone_137,3.3,11,9,1,19.51,0
U704973,FR,web,zone_104,1.89,10,5,1,13.81,0
U704974,FR,android,zone_150,19.24,11,11,1,4.47,0
U704975,FR,ios,zone_099,16.94,7,6,1,27.17,0
U704976,ES,android,zone_087,18.56,12,12,1,5.23,0
U704977,FR,android,zone_199,18.23,4,6,1,8.58,0
U704978,FR,ios,zone_214,16.34,12,5,1,21.65,0
U704979,DE,android,zone_039,14.62,12,7,0,9.06,0
U704980,CH,web,zone_094,27.44,11,9,0,27.98,0
U704981,DE,android,zone_017,4.78,7,9,1,36.5,0
U704982,FR,web,zone_117,22.8,10,5,0,19.0,0
U704983,FR,ios,zone_107,8.22,16,15,1,3.89,0
U704984,FR,android,zone_091,,12,9,0,31.62,0
U704985,FR,ios,zone_027,10.11,4,9,0,29.69,0
U704986,FR,android,zone_192,14.78,9,5,0,17.45,0
U704987,ES,android,zone_094,30.44,8,4,1,29.35,1
U704988,FR,ios,zone_106,3.49,7,7,0,17.15,0
U704989,FR,ios,zone_002,11.09,12,17,0,34.66,0
U704990,FR,web,zone_177,23.79,5,9,0,8.78,0
U704991,ES,web,zone_127,13.46,14,7,0,21.82,0
U704992,FR,ios,zone_074,6.32,9,9,1,32.21,0
U704993,BE,android,zone_121,20.29,9,3,0,18.29,0
U704994,FR,ios,zone_004,14.81,13,5,1,33.52,0
U704995,FR,ios,zone_014,17.01,11,6,0,12.05,0
U704996,IT,ios,zone_195,8.52,7,10,1,17.65,0
U704997,DE,android,zone_103,42.75,14,10,1,0.0,0
U704998,FR,ios,zone_026,28.33,9,11,0,13.87,0
U704999,FR,web,zone_072,15.59,12,6,2,7.76,0
U705000,FR,ios,zone_155,10.65,10,5,0,17.39,0
U705001,FR,android,zone_184,6.01,6,8,1,26.45,0
U705002,FR,ios,zone_025,18.42,10,11,0,20.26,0
U705003,FR,web,zone_090,,6,8,2,20.48,0
U705004,FR,ios,zone_116,2.99,8,8,1,27.73,0
U705005,CH,web,zone_054,10.45,13,8,0,18.26,0
U705006,FR,ios,zone_216,8.06,12,5,2,22.14,0
U705007,FR,web,zone_035,22.89,8,9,0,25.97,0
U705008,BE,android,zone_112,8.3,10,6,0,17.78,0
U705009,DE,ios,zone_183,26.43,10,7,1,22.55,0
U705010,FR,ios,zone_115,8.64,8,9,0,19.33,0
U705011,DE,android,zone_038,13.31,11,8,0,8.78,0
U705012,FR,android,zone_089,17.32,10,6,0,13.68,0
U705013,FR,web,zone_197,8.95,4,10,0,10.61,0
U705014,FR,android,zone_008,30.04,8,8,0,20.33,0
U705015,ES,web,zone_080,4.14,5,7,0,26.97,0
U705016,IT,ios,zone_058,36.53,3,8,1,26.56,0
U705017,BE,ios,zone_081,15.86,13,5,0,1.28,0
U705018,FR,android,zone_180,17.74,10,2,0,5.43,0
U705019,BE,ios,zone_149,27.75,8,4,0,9.98,0
U705020,ES,ios,zone_121,9.07,7,3,1,15.65,0
U705021,FR,ios,zone_004,11.07,7,6,0,19.63,0
U705022,DE,web,zone_050,29.2,10,8,0,18.5,0
U705023,FR,android,zone_066,28.4,14,12,2,16.33,0
U705024,FR,ios,zone_211,11.52,12,2,3,18.3,0
U705025,DE,ios,zone_158,9.57,8,8,1,33.67,0
U705026,ES,web,zone_202,2.03,8,8,0,32.83,0
U705027,FR,android,zone_194,,13,9,0,25.53,0
U705028,FR,ios,zone_134,24.43,7,9,0,10.6,0
U705029,DE,android,zone_131,6.97,13,8,1,1.91,0
U705030,FR,web,zone_172,14.03,8,10,0,19.5,0
U705031,FR,android,zone_017,10.16,5,11,2,25.45,0
U705032,BE,android,zone_186,12.86,9,10,1,19.34,0
U705033,FR,android,zone_194,8.12,9,2,0,21.34,0
U705034,FR,web,zone_107,10.05,10,7,0,12.24,0
U705035,FR,android,zone_193,2.24,9,12,1,9.95,0
U705036,DE,android,zone_080,13.23,6,4,0,11.47,0
U705037,BE,android,zone_175,9.64,10,13,0,31.74,0
U705038,FR,android,zone_207,4.18,7,3,0,20.63,0
U705039,FR,android,zone_090,13.15,18,7,0,22.17,0
U705040,FR,android,zone_044,19.49,10,11,0,15.16,0
U705041,FR,web,zone_110,11.58,11,4,0,18.03,1
U705042,FR,ios,zone_212,35.15,9,5,0,11.12,0
U705043,FR,web,zone_072,,10,8,0,28.34,0
U705044,BE,ios,zone_211,13.74,7,12,0,11.59,0
U705045,FR,web,zone_055,8.21,15,11,0,29.0,0
U705046,DE,android,zone_150,16.27,6,12,0,16.32,0
U705047,FR,android,zone_133,30.22,5,6,3,17.64,0
U705048,FR,ios,zone_126,10.03,8,16,0,13.22,0
U705049,BE,android,zone_076,27.78,6,12,0,30.82,0
U705050,FR,android,zone_036,5.51,11,2,1,15.74,0
U705051,FR,web,zone_023,8.85,8,12,1,26.7,1
U705052,DE,android,zone_107,7.12,8,8,0,20.49,0
U705053,BE,android,zone_003,15.17,10,5,1,21.84,0
U705054,ES,web,zone_012,8.39,13,5,0,3.15,0
U705055,DE,android,zone_132,4.33,5,11,1,8.16,0
U705056,FR,web,zone_091,15.03,6,9,1,8.43,0
U705057,IT,ios,zone_131,27.98,10,7,1,12.78,0
U705058,FR,android,zone_106,3.24,12,10,0,19.03,1
U705059,FR,android,zone_026,21.12,9,10,0,14.51,0
U705060,FR,web,zone_063,14.26,5,7,1,32.52,0
U705061,FR,android,zone_195,6.88,6,8,0,32.11,0
U705062,ES,android,zone_023,24.59,11,13,0,16.52,0
U705063,FR,ios,zone_040,28.03,9,7,0,26.54,0
U705064,FR,android,zone_121,9.27,14,8,0,20.71,0
U705065,FR,android,zone_090,13.68,10,6,0,19.77,0
U705066,ES,web,zone_146,9.77,7,8,1,18.17,0
U705067,DE,android,zone_217,1.64,10,5,1,7.33,0
U705068,FR,ios,zone_035,12.75,12,13,1,22.24,0
U705069,FR,ios,zone_064,13.18,10,11,0,17.19,0
U705070,FR,web,zone_183,8.19,8,9,3,20.0,0
U705071,BE,ios,zone_047,0.33,8,5,0,26.15,0
U705072,FR,android,zone_001,11.2,12,14,0,30.83,0
U705073,ES,android,zone_172,24.41,14,9,2,23.23,0
U705074,DE,ios,zone_015,12.12,7,5,2,32.69,1
U705075,FR,web,zone_175,5.0,7,8,1,10.64,0
U705076,FR,ios,zone_191,7.45,10,9,3,8.9,0
U705077,FR,android,zone_086,5.03,4,1,1,17.7,0
U705078,FR,android,zone_119,1.74,10,3,1,6.75,0
U705079,ES,ios,zone_178,11.13,9,2,0,23.74,0
U705080,FR,android,zone_165,3.32,11,3,0,1.51,0
U705081,CH,android,zone_184,20.72,8,9,0,24.52,0
U705082,FR,ios,zone_006,7.59,6,12,0,30.45,0
U705083,DE,android,zone_009,13.31,18,6,0,28.85,0
U705084,BE,ios,zone_067,3.63,7,9,1,16.16,0
U705085,FR,web,zone_161,6.94,9,9,1,19.34,0
U705086,DE,ios,zone_087,45.79,7,4,3,13.03,0
U705087,CH,android,zone_165,12.11,3,7,0,22.46,0
U705088,FR,ios,zone_134,4.06,10,5,1,29.91,0
U705089,FR,android,zone_186,19.64,12,9,0,19.97,0
U705090,CH,web,zone_042,9.23,10,6,2,16.5,0
U705091,BE,ios,zone_178,11.14,9,12,1,22.38,0
U705092,FR,ios,zone_117,19.33,7,11,0,6.64,0
U705093,FR,android,zone_028,,10,8,1,28.86,0
U705094,BE,ios,zone_075,37.08,8,2,0,11.78,0
U705095,FR,ios,zone_032,15.49,7,5,0,17.51,0
U705096,FR,android,zone_077,20.32,9,10,0,27.03,0
U705097,IT,android,zone_056,18.38,10,2,0,30.5,0
U705098,IT,android,zone_057,12.21,16,7,0,5.17,0
U705099,FR,android,zone_146,14.22,13,8,1,21.18,0
U705100,FR,web,zone_214,4.33,8,10,0,22.36,0
U705101,DE,android,zone_174,11.1,12,4,0,11.14,0
U705102,BE,android,zone_177,2.91,8,4,0,23.51,0
U705103,FR,web,zone_124,25.61,9,9,1,24.98,0
U705104,FR,web,zone_149,26.15,8,13,0,28.72,0
U705105,FR,web,zone_071,11.47,11,7,1,10.24,1
U705106,DE,android,zone_112,16.32,5,7,0,8.11,0
U705107,FR,ios,zone_212,3.18,8,8,2,24.69,0
U705108,FR,android,zone_018,13.74,13,5,0,18.79,0
U705109,FR,android,zone_203,19.81,5,9,1,24.73,0
U705110,DE,android,zone_067,35.19,7,7,1,20.59,0
U705111,FR,android,zone_034,26.5,7,9,0,10.5,0
U705112,FR,android,zone_182,30.86,9,10,1,15.63,0
U705113,IT,ios,zone_084,10.96,16,6,1,17.21,0
U705114,FR,ios,zone_159,10.55,6,8,1,15.13,0
U705115,FR,ios,zone_100,6.45,8,7,1,14.42,1
U705116,BE,web,zone_158,27.0,10,7,0,14.26,0
U705117,FR,ios,zone_050,6.07,7,6,0,12.25,0
U705118,CH,android,zone_122,23.82,7,5,2,25.47,0
U705119,DE,ios,zone_140,27.78,9,5,0,9.4,0
U705120,IT,android,zone_152,11.28,10,4,1,0.0,0
U705121,DE,ios,zone_032,8.72,6,7,0,19.39,0
U705122,IT,android,zone_148,22.05,7,9,0,21.23,0
U705123,IT,android,zone_206,3.72,9,7,1,5.73,0
U705124,FR,android,zone_039,11.57,4,12,0,29.86,1
U705125,BE,ios,zone_168,4.24,11,6,0,21.58,0
U705126,FR,web,zone_127,11.17,13,5,0,11.88,0
U705127,FR,ios,zone_112,11.79,4,8,1,17.05,0
U705128,FR,ios,zone_048,16.93,10,8,0,27.08,0
U705129,BE,android,zone_142,8.95,9,6,0,13.75,0
U705130,FR,web,zone_152,23.16,9,5,0,21.7,1
U705131,FR,android,zone_032,12.93,14,2,1,20.87,0
U705132,FR,android,zone_149,6.15,9,9,0,27.29,0
U705133,ES,ios,zone_211,20.58,6,11,0,29.18,1
U705134,ES,ios,zone_173,,10,5,0,12.56,0
U705135,FR,android,zone_181,10.62,15,8,1,22.01,0
U705136,DE,android,zone_107,4.53,5,7,0,3.68,0
U705137,FR,android,zone_128,15.16,8,8,1,11.23,0
U705138,FR,android,zone_075,4.85,11,8,1,9.04,0
U705139,FR,web,zone_011,12.28,9,10,1,0.67,0
U705140,BE,ios,zone_131,3.39,5,7,0,22.32,0
U705141,DE,ios,zone_202,10.22,7,8,0,36.83,0
U705142,FR,android,zone_169,13.25,7,6,0,13.21,0
U705143,BE,android,zone_161,22.65,8,2,0,21.43,0
U705144,ES,android,zone_006,12.95,7,3,0,15.84,0
U705145,BE,android,zone_018,22.56,13,7,2,25.04,0
U705146,DE,ios,zone_027,7.51,9,7,1,12.18,0
U705147,FR,web,zone_129,23.6,10,6,0,28.86,0
U705148,FR,ios,zone_069,8.76,10,12,2,25.04,0
U705149,FR,ios,zone_031,9.74,11,15,0,18.41,0
U705150,BE,android,zone_115,17.12,9,10,1,19.9,0
U705151,FR,ios,zone_026,22.38,9,9,0,20.8,0
U705152,CH,android,zone_041,17.57,8,5,0,24.79,0
U705153,ES,ios,zone_113,18.55,5,4,0,15.79,0
U705154,FR,ios,zone_187,3.46,6,12,0,25.72,0
U705155,FR,ios,zone_180,17.06,12,7,1,18.69,0
U705156,ES,ios,zone_016,8.14,13,10,0,12.94,0
U705157,FR,android,zone_134,10.14,12,7,1,30.46,0
U705158,FR,ios,zone_216,23.74,10,3,1,22.0,0
U705159,DE,ios,zone_048,16.96,11,8,2,22.31,0
U705160,DE,web,zone_088,6.01,8,3,1,11.69,0
U705161,BE,web,zone_045,27.9,3,7,0,13.71,0
U705162,FR,ios,zone_034,27.46,5,9,0,25.62,0
U705163,FR,ios,zone_080,10.93,12,4,1,10.09,0
U705164,IT,web,zone_190,31.97,9,6,1,23.36,1
U705165,ES,android,zone_095,12.17,6,6,1,20.87,0
U705166,ES,ios,zone_029,23.45,7,7,2,8.44,0
U705167,BE,android,zone_189,55.1,9,9,0,9.74,0
U705168,FR,android,zone_145,17.46,14,8,3,26.89,0
U705169,FR,ios,zone_175,6.27,10,7,1,18.63,0
U705170,FR,ios,zone_066,10.76,4,8,0,19.06,0
U705171,FR,android,zone_086,,6,10,0,28.55,0
U705172,DE,ios,zone_022,10.12,8,8,0,28.99,0
U705173,FR,android,zone_169,3.09,14,9,0,15.71,0
U705174,FR,ios,zone_086,5.09,17,8,0,19.89,0
U705175,CH,ios,zone_189,14.79,10,7,0,28.7,0
U705176,FR,ios,zone_122,13.22,8,15,0,25.44,0
U705177,DE,android,zone_109,26.98,10,10,1,26.1,0
U705178,FR,web,zone_027,11.82,9,7,2,29.0,0
U705179,ES,ios,zone_167,36.12,9,8,2,17.39,0
U705180,FR,ios,zone_210,13.08,7,5,1,13.48,0
U705181,FR,android,zone_067,11.4,9,5,0,8.46,0
U705182,FR,android,zone_200,22.18,9,9,0,9.84,0
U705183,FR,ios,zone_027,8.4,6,13,0,28.73,0
U705184,FR,android,zone_109,2.87,6,6,0,26.32,0
U705185,CH,android,zone_169,15.74,15,6,0,25.21,0
U705186,FR,android,zone_038,15.41,11,6,2,28.18,0
U705187,IT,web,zone_191,6.03,10,7,1,17.47,0
U705188,FR,android,zone_086,27.84,13,5,1,13.01,0
U705189,IT,ios,zone_008,22.58,6,7,1,14.84,0
U705190,IT,ios,zone_006,7.7,7,15,0,23.76,0
U705191,FR,android,zone_142,9.99,6,8,0,19.34,0
U705192,BE,android,zone_003,22.57,11,6,0,20.89,0
U705193,FR,ios,zone_109,7.95,15,10,1,17.18,0
U705194,FR,android,zone_090,17.24,7,11,0,31.48,1
U705195,IT,android,zone_151,9.53,9,8,0,22.53,0
U705196,DE,ios,zone_015,15.44,13,5,1,30.93,1
U705197,FR,android,zone_059,3.31,14,4,1,22.12,0
U705198,FR,android,zone_046,4.86,12,7,2,16.03,0
U705199,CH,android,zone_198,6.39,13,8,0,29.37,0
U705200,FR,web,zone_157,2.92,15,5,0,12.77,0
U705201,BE,android,zone_095,12.43,8,8,0,18.16,0
U705202,FR,web,zone_183,16.69,16,9,0,11.07,0
U705203,FR,android,zone_011,4.65,8,7,1,29.5,0
U705204,FR,android,zone_123,12.1,9,12,1,28.49,0
U705205,FR,android,zone_023,15.35,10,6,0,14.47,1
U705206,FR,ios,zone_047,8.78,12,11,0,27.14,0
U705207,CH,web,zone_218,10.39,6,11,1,22.29,0
U705208,FR,android,zone_121,11.89,10,9,1,42.8,0
U705209,DE,ios,zone_163,24.76,7,12,0,10.23,0
U705210,FR,ios,zone_182,9.21,16,11,1,23.41,0
U705211,FR,ios,zone_001,4.08,14,10,0,15.84,0
U705212,DE,web,zone_194,7.89,15,10,1,16.53,0
U705213,FR,android,zone_092,31.25,13,7,0,26.8,0
U705214,ES,web,zone_137,7.64,12,5,0,16.42,1
U705215,FR,ios,zone_203,14.16,14,15,1,37.68,0
U705216,FR,ios,zone_060,16.42,7,5,0,10.42,0
U705217,DE,web,zone_091,34.2,13,9,0,21.0,0
U705218,FR,android,zone_076,16.87,14,9,1,38.68,0
U705219,FR,web,zone_102,12.83,7,8,0,17.42,0
U705220,FR,android,zone_070,20.32,10,8,0,16.87,0
U705221,FR,android,zone_002,14.57,7,10,0,11.56,0
U705222,BE,android,zone_122,27.06,6,7,1,24.47,0
U705223,FR,web,zone_184,9.09,9,6,1,26.11,0
U705224,DE,web,zone_167,5.33,10,9,0,29.9,0
U705225,DE,ios,zone_092,19.31,8,5,1,18.39,0
U705226,DE,web,zone_117,19.83,12,9,2,7.51,1
U705227,DE,ios,zone_199,5.79,4,12,1,26.22,0
U705228,ES,android,zone_035,3.46,8,11,0,25.56,0
U705229,FR,android,zone_001,19.59,6,6,0,22.37,0
U705230,DE,ios,zone_066,10.89,12,6,0,13.79,0
U705231,FR,android,zone_002,22.29,4,8,1,32.82,0
U705232,DE,android,zone_042,6.26,6,10,0,24.17,0
U705233,DE,android,zone_111,8.07,6,5,0,19.64,0
U705234,ES,android,zone_203,17.0,9,9,0,25.32,1
U705235,ES,android,zone_027,24.85,7,11,0,12.82,0
U705236,IT,android,zone_177,9.71,9,12,0,20.63,1
U705237,DE,android,zone_154,33.52,8,11,0,26.27,0
U705238,BE,ios,zone_117,15.71,11,9,1,14.76,0
U705239,IT,android,zone_022,38.47,9,11,1,29.38,0
U705240,FR,web,zone_043,6.0,14,9,1,14.79,0
U705241,DE,android,zone_004,18.34,8,10,0,32.77,0
U705242,ES,ios,zone_139,10.82,9,8,1,15.44,0
U705243,IT,android,zone_145,15.86,5,14,0,19.55,0
U705244,FR,android,zone_151,6.91,13,13,0,15.46,0
U705245,FR,web,zone_013,10.13,12,3,1,17.45,0
U705246,FR,web,zone_044,12.19,5,10,0,29.81,0
U705247,ES,ios,zone_056,19.42,5,7,1,32.76,0
U705248,FR,ios,zone_039,10.26,7,5,0,29.38,0
U705249,FR,web,zone_128,17.46,10,7,1,21.86,0
U705250,FR,android,zone_113,21.68,13,9,1,12.9,0
U705251,DE,web,zone_081,12.38,12,3,0,16.62,0
U705252,BE,ios,zone_114,35.29,14,11,2,11.88,0
U705253,CH,android,zone_061,11.73,14,7,1,18.23,0
U705254,FR,web,zone_114,6.1,7,12,0,18.31,0
U705255,FR,android,zone_178,,11,7,0,33.04,0
U705256,DE,android,zone_077,16.0,7,7,0,32.88,0
U705257,DE,ios,zone_111,26.99,6,4,1,22.2,0
U705258,IT,web,zone_085,,8,9,2,4.44,0
U705259,DE,ios,zone_134,8.99,5,12,0,16.08,0
U705260,FR,android,zone_179,10.0,14,10,0,27.58,0
U705261,FR,ios,zone_041,18.98,12,4,0,24.15,0
U705262,CH,web,zone_032,24.59,3,8,1,24.16,0
U705263,FR,android,zone_114,15.41,11,9,2,13.19,0
U705264,ES,web,zone_068,27.24,7,12,0,24.05,0
U705265,CH,android,zone_216,13.39,10,8,0,8.79,0
U705266,BE,android,zone_028,16.84,10,9,0,21.49,0
U705267,IT,web,zone_217,3.69,8,13,0,14.84,0
U705268,ES,ios,zone_055,22.91,10,8,0,36.29,0
U705269,FR,web,zone_051,2.53,11,7,1,12.51,0
U705270,FR,ios,zone_181,12.93,11,13,2,12.81,0
U705271,DE,android,zone_036,21.96,10,11,4,20.47,0
U705272,FR,web,zone_130,11.11,11,13,0,33.18,0
U705273,FR,android,zone_169,11.93,5,9,0,11.39,0
U705274,BE,web,zone_174,11.32,11,3,4,5.71,0
U705275,CH,android,zone_147,18.53,15,3,0,16.56,0
U705276,BE,android,zone_000,10.35,9,6,1,27.13,0
U705277,ES,web,zone_036,8.65,10,9,2,18.66,0
U705278,FR,android,zone_003,14.55,7,15,1,26.67,0
U705279,DE,android,zone_202,36.33,8,11,1,10.36,0
U705280,CH,ios,zone_073,10.08,4,8,0,21.2,0
U705281,FR,ios,zone_193,15.42,13,10,1,24.35,0
U705282,ES,web,zone_072,51.65,12,5,2,25.84,0
U705283,FR,android,zone_114,20.97,8,13,0,13.04,0
U705284,IT,android,zone_173,19.72,9,5,0,0.0,0
U705285,FR,ios,zone_174,4.5,10,4,1,24.76,0
U705286,FR,ios,zone_175,10.83,8,10,0,20.99,0
U705287,FR,android,zone_052,22.18,10,7,0,23.51,0
U705288,ES,ios,zone_077,9.78,5,11,3,4.39,1
U705289,FR,android,zone_129,7.75,6,9,0,13.27,0
U705290,FR,android,zone_082,8.28,11,4,1,27.21,0
U705291,FR,android,zone_102,16.93,11,12,1,14.86,0
U705292,FR,android,zone_001,17.0,8,5,1,18.21,0
U705293,FR,android,zone_182,14.75,12,9,0,19.86,0
U705294,FR,android,zone_077,27.45,9,6,0,16.68,0
U705295,FR,ios,zone_198,16.41,12,3,0,20.88,0
U705296,DE,ios,zone_074,12.44,7,10,0,10.5,0
U705297,FR,web,zone_169,22.66,9,7,0,15.36,0
U705298,FR,web,zone_082,33.35,5,9,0,25.2,0
U705299,FR,ios,zone_060,11.97,11,7,2,11.63,0
U705300,BE,web,zone_198,15.1,7,7,5,26.84,0
U705301,ES,web,zone_004,8.22,8,5,1,19.5,0
U705302,FR,web,zone_146,4.39,10,10,2,8.99,0
U705303,FR,ios,zone_209,15.22,8,11,0,26.47,0
U705304,FR,ios,zone_144,11.95,9,6,0,17.38,0
U705305,DE,android,zone_101,6.97,10,12,0,25.54,0
U705306,FR,ios,zone_067,28.12,11,10,0,19.15,0
U705307,ES,android,zone_036,16.38,10,5,0,23.36,0
U705308,DE,android,zone_046,30.72,13,7,0,14.65,0
U705309,CH,android,zone_172,11.79,17,7,2,12.88,0
U705310,FR,android,zone_128,11.46,5,13,1,10.37,0
U705311,IT,android,zone_179,43.65,9,9,2,18.65,0
U705312,FR,ios,zone_181,11.71,5,4,0,21.66,0
U705313,FR,ios,zone_097,15.49,4,6,2,23.16,0
U705314,FR,android,zone_174,31.44,4,9,0,20.44,0
U705315,FR,ios,zone_187,28.54,6,10,2,19.16,0
U705316,DE,web,zone_142,8.43,9,4,1,20.63,0
U705317,FR,android,zone_166,18.84,13,12,0,20.69,0
U705318,DE,web,zone_187,11.5,9,6,0,15.53,0
U705319,ES,web,zone_091,9.0,12,7,0,30.01,0
U705320,ES,android,zone_198,8.04,14,4,1,27.18,0
U705321,BE,web,zone_021,2.58,12,6,0,11.78,0
U705322,IT,ios,zone_164,30.32,5,6,1,19.05,0
U705323,DE,android,zone_081,12.75,6,5,1,28.17,0
U705324,FR,android,zone_122,9.33,10,12,0,24.75,0
U705325,FR,android,zone_208,11.73,11,9,0,17.41,0
U705326,DE,web,zone_052,12.86,7,5,3,8.63,1
U705327,FR,ios,zone_122,4.7,6,8,0,18.64,0
U705328,BE,android,zone_085,5.11,8,6,2,14.43,0
U705329,DE,android,zone_100,36.9,4,8,0,12.07,0
U705330,FR,ios,zone_018,14.84,15,7,0,11.46,0
U705331,FR,android,zone_044,3.33,7,12,0,14.12,0
U705332,DE,ios,zone_099,5.27,5,9,1,31.74,0
U705333,ES,android,zone_070,17.67,7,4,1,17.35,0
U705334,FR,web,zone_107,12.67,6,8,1,14.64,0
U705335,FR,android,zone_092,8.3,4,5,1,28.99,0
U705336,IT,android,zone_157,5.6,7,7,0,30.46,0
U705337,FR,android,zone_174,5.96,9,13,1,20.43,0
U705338,FR,android,zone_150,15.67,8,8,0,14.5,0
U705339,FR,android,zone_006,7.42,9,9,0,16.22,0
U705340,FR,ios,zone_158,11.95,9,6,1,27.34,0
U705341,FR,ios,zone_194,55.67,12,9,0,19.98,0
U705342,FR,web,zone_144,18.46,9,4,1,14.25,0
U705343,ES,ios,zone_168,17.89,7,10,0,26.75,1
U705344,BE,ios,zone_105,9.36,6,7,1,36.64,0
U705345,BE,ios,zone_032,12.5,7,9,1,30.48,0
U705346,IT,android,zone_127,11.56,11,7,1,3.23,0
U705347,CH,android,zone_131,20.64,8,13,0,18.21,0
U705348,FR,ios,zone_017,36.46,4,8,0,20.76,0
U705349,DE,android,zone_217,,8,6,0,19.01,0
U705350,IT,android,zone_081,11.48,6,6,1,14.85,0
U705351,FR,android,zone_214,20.58,8,6,0,22.07,0
U705352,FR,android,zone_090,13.03,10,8,1,25.24,0
U705353,ES,web,zone_160,20.09,8,8,1,24.72,0
U705354,CH,ios,zone_213,29.6,10,5,2,13.96,0
U705355,FR,ios,zone_214,7.74,9,8,1,20.06,0
U705356,FR,ios,zone_049,17.01,15,10,0,29.66,0
U705357,FR,web,zone_106,23.2,4,5,0,13.58,0
U705358,FR,ios,zone_145,8.07,6,6,1,26.1,0
U705359,FR,ios,zone_139,17.22,2,15,2,23.05,0
U705360,CH,web,zone_015,4.12,7,3,3,29.71,0
U705361,DE,web,zone_108,6.04,9,7,1,13.48,0
U705362,DE,android,zone_010,20.14,6,3,0,18.65,0
U705363,FR,android,zone_187,9.37,9,9,0,31.4,0
U705364,FR,ios,zone_055,12.98,7,10,0,26.98,0
U705365,ES,ios,zone_068,2.12,17,6,0,28.13,0
U705366,BE,android,zone_175,26.13,9,7,0,17.24,0
U705367,DE,android,zone_032,9.87,12,7,0,19.36,0
U705368,IT,android,zone_180,10.79,7,7,0,29.66,0
U705369,FR,web,zone_113,8.13,8,3,1,7.65,0
U705370,FR,android,zone_068,12.72,7,5,0,0.0,0
U705371,BE,android,zone_079,9.94,11,8,0,25.66,0
U705372,FR,ios,zone_161,,7,8,0,23.82,0
U705373,FR,android,zone_180,4.55,5,8,2,19.29,0
U705374,FR,web,zone_171,6.92,8,13,0,14.34,0
U705375,BE,android,zone_112,6.44,6,9,0,20.45,0
U705376,FR,android,zone_018,20.2,15,6,1,13.12,0
U705377,FR,ios,zone_018,12.96,15,7,1,23.66,0
U705378,DE,web,zone_134,15.37,10,14,0,9.5,0
U705379,CH,android,zone_156,5.56,7,7,2,5.91,1
U705380,DE,android,zone_033,6.43,17,9,0,10.41,0
U705381,FR,android,zone_034,6.93,6,11,1,12.92,0
U705382,FR,android,zone_207,14.91,8,13,0,23.76,0
U705383,ES,android,zone_090,28.13,11,6,0,23.54,0
U705384,FR,ios,zone_163,5.27,15,9,0,33.3,0
U705385,IT,android,zone_058,6.88,7,10,0,19.9,0
U705386,DE,android,zone_130,1.8,6,8,1,23.0,0
U705387,FR,ios,zone_097,11.99,15,7,1,27.7,0
U705388,DE,android,zone_062,10.08,6,5,0,14.22,0
U705389,FR,web,zone_207,20.34,11,9,0,22.52,0
U705390,FR,android,zone_174,29.48,10,10,0,6.79,0
U705391,FR,android,zone_110,8.97,9,10,0,13.15,0
U705392,IT,ios,zone_027,18.47,9,9,0,5.97,0
U705393,BE,android,zone_060,2.89,10,5,0,8.49,0
U705394,BE,ios,zone_106,,9,3,1,27.22,0
U705395,FR,android,zone_136,28.26,8,7,1,24.83,0
U705396,FR,web,zone_201,24.63,9,7,1,18.54,0
U705397,FR,android,zone_157,15.4,8,11,0,17.47,0
U705398,CH,ios,zone_171,15.56,10,7,2,13.79,0
U705399,BE,web,zone_216,11.21,11,9,0,17.73,0
U705400,FR,ios,zone_142,15.89,13,10,0,29.43,0
U705401,FR,ios,zone_035,10.46,7,7,0,16.7,0
U705402,DE,ios,zone_030,28.91,4,6,0,19.5,0
U705403,FR,android,zone_079,14.1,12,10,0,20.17,0
U705404,ES,ios,zone_142,18.82,8,6,0,15.9,0
U705405,FR,ios,zone_140,22.54,8,7,1,27.17,0
U705406,DE,android,zone_007,18.12,14,6,2,14.17,0
U705407,FR,android,zone_169,10.22,9,12,1,23.96,0
U705408,ES,web,zone_022,1.97,12,10,1,30.54,0
U705409,FR,web,zone_154,15.44,4,8,0,19.63,0
U705410,IT,android,zone_170,21.17,8,9,1,33.89,0
U705411,DE,ios,zone_130,39.29,11,9,0,14.05,0
U705412,FR,ios,zone_045,35.54,10,12,0,31.48,0
U705413,ES,android,zone_084,19.41,6,14,0,23.57,0
U705414,FR,android,zone_145,18.2,12,13,2,9.87,0
U705415,CH,ios,zone_203,9.28,13,6,0,15.96,0
U705416,IT,ios,zone_190,10.19,13,9,1,32.29,0
U705417,FR,android,zone_177,11.33,11,8,2,21.87,1
U705418,FR,web,zone_116,4.75,8,8,0,39.98,0
U705419,FR,android,zone_128,0.83,7,9,0,19.52,0
U705420,FR,ios,zone_099,5.64,6,9,0,21.74,0
U705421,ES,android,zone_004,18.27,7,6,1,12.0,0
U705422,FR,web,zone_102,2.95,5,6,0,36.01,0
U705423,FR,web,zone_199,3.08,5,6,0,24.42,0
U705424,FR,web,zone_103,15.94,9,6,1,18.22,0
U705425,FR,web,zone_007,7.28,12,4,1,27.76,0
U705426,DE,android,zone_217,12.87,8,8,2,26.56,0
U705427,FR,android,zone_191,15.87,9,2,0,10.02,0
U705428,ES,ios,zone_181,21.94,8,5,0,8.05,0
U705429,FR,web,zone_150,9.76,6,9,1,26.03,0
U705430,FR,android,zone_156,14.53,10,12,0,17.72,0
U705431,DE,android,zone_014,50.75,6,11,1,24.02,0
U705432,FR,android,zone_100,5.02,6,10,0,24.03,1
U705433,FR,ios,zone_027,55.79,6,7,1,17.92,0
U705434,FR,android,zone_132,,6,12,0,25.02,0
U705435,BE,android,zone_217,15.05,11,5,0,34.03,0
U705436,FR,web,zone_089,10.2,10,8,0,17.98,0
U705437,IT,web,zone_109,24.15,5,4,0,29.34,0
U705438,IT,ios,zone_212,11.25,7,5,1,10.68,0
U705439,CH,web,zone_096,10.25,7,11,1,2.2,0
U705440,FR,web,zone_091,38.72,13,8,0,22.09,0
U705441,FR,android,zone_046,15.66,5,4,0,8.45,0
U705442,FR,ios,zone_164,18.1,6,16,0,16.36,0
U705443,FR,web,zone_040,10.3,15,8,0,20.04,0
U705444,DE,android,zone_040,18.53,8,6,3,18.81,0
U705445,FR,ios,zone_002,6.19,6,9,0,24.16,0
U705446,DE,android,zone_037,18.25,9,10,0,10.18,0
U705447,FR,android,zone_062,13.96,7,9,1,16.17,0
U705448,FR,web,zone_083,9.23,7,7,0,18.61,0
U705449,FR,ios,zone_148,13.84,7,3,0,19.15,0
U705450,FR,android,zone_194,21.29,7,11,0,9.36,0
U705451,ES,web,zone_145,9.55,16,9,1,18.3,0
U705452,IT,android,zone_002,8.09,11,6,2,18.23,0
U705453,BE,android,zone_159,9.19,8,9,1,13.44,0
U705454,FR,ios,zone_201,16.65,14,7,1,24.88,0
U705455,DE,android,zone_154,13.22,13,11,0,14.74,0
U705456,FR,android,zone_006,13.56,10,9,0,14.31,0
U705457,FR,android,zone_102,21.68,7,8,1,17.35,0
U705458,FR,android,zone_053,1.39,6,7,0,14.9,0
U705459,IT,android,zone_206,16.62,8,7,1,15.09,0
U705460,FR,ios,zone_045,26.26,15,9,1,24.98,0
U705461,FR,web,zone_011,13.31,7,5,0,33.41,0
U705462,FR,android,zone_044,27.01,5,9,1,11.72,0
U705463,CH,web,zone_121,4.12,11,8,0,25.73,0
U705464,FR,android,zone_006,12.57,15,10,0,22.99,0
U705465,FR,android,zone_186,24.01,11,9,0,4.09,0
U705466,IT,ios,zone_090,15.14,7,15,0,16.42,0
U705467,BE,ios,zone_078,13.62,14,7,1,13.74,0
U705468,FR,ios,zone_047,9.92,14,5,0,24.55,0
U705469,CH,ios,zone_112,36.53,9,5,0,24.39,0
U705470,DE,ios,zone_055,10.61,12,9,0,23.74,0
U705471,BE,android,zone_154,12.99,8,8,1,15.91,0
U705472,FR,ios,zone_085,18.03,6,7,1,22.94,0
U705473,FR,android,zone_182,9.87,5,6,1,17.12,0
U705474,FR,web,zone_049,51.63,8,7,2,30.29,0
U705475,FR,ios,zone_050,5.25,10,7,0,27.55,0
U705476,BE,ios,zone_156,6.94,9,6,0,28.5,0
U705477,FR,android,zone_067,4.58,7,9,0,17.25,0
U705478,DE,ios,zone_049,12.83,7,9,0,18.83,0
U705479,IT,ios,zone_002,11.32,4,7,0,15.11,0
U705480,FR,ios,zone_062,6.01,11,9,0,28.54,0
U705481,FR,web,zone_172,2.8,7,7,0,25.45,0
U705482,FR,android,zone_122,4.24,9,7,1,21.76,0
U705483,BE,web,zone_053,30.74,11,7,0,15.59,0
U705484,FR,ios,zone_074,6.94,10,8,0,14.8,0
U705485,FR,ios,zone_071,3.3,12,6,0,21.98,0
U705486,ES,android,zone_063,17.35,9,2,0,22.64,0
U705487,FR,web,zone_009,12.54,4,6,0,16.79,0
U705488,FR,android,zone_144,7.97,13,9,1,29.07,0
U705489,IT,ios,zone_101,36.02,8,7,0,25.82,0
U705490,CH,web,zone_080,8.7,8,5,0,21.39,0
U705491,ES,web,zone_197,9.08,5,16,0,22.11,0
U705492,BE,android,zone_028,16.17,5,12,0,20.59,0
U705493,BE,web,zone_039,11.57,10,6,0,24.59,0
U705494,FR,web,zone_188,7.04,11,18,0,19.65,0
U705495,FR,android,zone_180,15.1,15,9,3,10.97,0
U705496,IT,ios,zone_040,2.73,9,3,0,28.07,0
U705497,DE,android,zone_072,27.86,10,8,2,16.07,0
U705498,FR,web,zone_060,14.8,6,10,0,20.4,1
U705499,ES,ios,zone_022,37.69,4,4,0,12.61,0
U705500,FR,ios,zone_017,11.92,6,7,1,16.27,0
U705501,ES,android,zone_201,12.99,8,10,1,32.52,0
U705502,ES,android,zone_214,11.6,8,3,0,15.54,0
U705503,BE,android,zone_186,25.65,5,6,1,13.94,0
U705504,ES,web,zone_018,17.48,4,7,0,18.95,0
U705505,DE,web,zone_104,0.2,6,6,2,9.38,0
U705506,FR,web,zone_002,13.52,9,3,1,37.48,0
U705507,FR,ios,zone_168,4.45,13,10,0,6.97,0
U705508,FR,ios,zone_019,9.09,7,12,0,16.88,0
U705509,ES,ios,zone_048,31.55,11,12,3,35.35,0
U705510,FR,android,zone_008,6.63,5,6,1,9.9,0
U705511,IT,android,zone_062,,9,11,0,26.52,0
U705512,FR,android,zone_200,24.78,11,8,0,9.18,0
U705513,FR,android,zone_172,18.94,8,11,2,26.77,0
U705514,IT,android,zone_061,5.6,10,13,0,25.26,0
U705515,FR,ios,zone_004,8.38,8,8,1,28.16,0
U705516,FR,android,zone_155,25.32,10,6,1,23.8,0
U705517,FR,web,zone_004,12.1,10,9,0,19.31,0
U705518,FR,android,zone_132,9.21,7,9,1,20.22,0
U705519,DE,ios,zone_126,16.78,11,10,2,18.21,0
U705520,FR,android,zone_117,,10,1,0,37.27,0
U705521,FR,ios,zone_183,12.65,10,5,2,20.34,1
U705522,FR,ios,zone_183,35.2,6,4,1,25.04,0
U705523,FR,android,zone_048,14.07,19,9,0,17.62,0
U705524,FR,android,zone_216,7.6,13,11,0,34.98,0
U705525,FR,ios,zone_017,9.4,12,12,0,17.3,0
U705526,FR,android,zone_159,19.16,6,4,1,22.05,0
U705527,ES,android,zone_025,6.72,7,12,0,13.26,0
U705528,FR,web,zone_144,17.76,6,7,2,20.77,0
U705529,DE,ios,zone_111,1.31,6,4,0,27.14,0
U705530,FR,android,zone_086,14.85,16,7,1,17.08,0
U705531,IT,web,zone_000,3.2,12,8,0,21.05,0
U705532,IT,android,zone_076,22.2,15,11,1,25.06,0
U705533,IT,android,zone_203,21.71,10,2,0,30.18,0
U705534,FR,ios,zone_087,10.21,9,8,0,22.76,0
U705535,FR,android,zone_051,17.55,12,8,0,13.86,0
U705536,FR,android,zone_072,21.07,9,8,1,15.43,0
U705537,FR,android,zone_202,7.52,9,6,2,12.16,0
U705538,FR,ios,zone_199,9.07,8,7,2,14.43,0
U705539,FR,android,zone_081,13.23,12,11,1,27.9,0
U705540,ES,ios,zone_182,16.85,13,11,1,27.94,0
U705541,BE,android,zone_043,,13,7,1,18.12,0
U705542,DE,web,zone_009,9.6,6,17,1,5.22,0
U705543,IT,android,zone_034,35.29,10,9,2,13.52,0
U705544,ES,ios,zone_152,5.83,4,4,0,30.33,0
U705545,BE,android,zone_207,,10,5,0,12.39,0
U705546,BE,android,zone_210,71.28,9,6,0,16.89,0
U705547,BE,android,zone_152,9.86,16,4,0,4.39,0
U705548,FR,android,zone_045,20.48,14,12,1,16.95,0
U705549,FR,web,zone_156,7.23,12,8,1,6.13,0
U705550,BE,ios,zone_053,14.64,9,11,0,21.32,0
U705551,IT,android,zone_045,23.65,9,12,0,20.28,1
U705552,FR,android,zone_031,16.86,5,8,3,11.3,0
U705553,DE,ios,zone_138,2.31,11,15,0,13.23,0
U705554,FR,ios,zone_112,7.52,9,6,1,11.01,0
U705555,BE,web,zone_018,6.45,11,6,0,25.34,0
U705556,FR,web,zone_103,33.17,10,6,2,21.87,0
U705557,FR,android,zone_029,15.57,7,10,1,25.85,0
U705558,IT,web,zone_083,4.12,10,5,3,14.37,0
U705559,FR,ios,zone_006,13.36,8,6,2,10.88,0
U705560,FR,ios,zone_011,11.67,13,9,1,14.36,0
U705561,FR,web,zone_133,7.35,10,14,0,15.3,1
U705562,CH,ios,zone_091,14.34,8,9,0,6.81,0
U705563,FR,android,zone_196,4.05,8,10,0,23.22,0
U705564,FR,ios,zone_079,20.5,12,8,0,20.84,0
U705565,IT,ios,zone_162,4.31,7,7,0,26.03,0
U705566,BE,web,zone_027,16.34,12,6,1,27.06,0
U705567,IT,android,zone_022,8.56,7,6,0,24.9,1
U705568,CH,ios,zone_120,11.0,13,12,0,24.07,0
U705569,FR,android,zone_015,15.3,7,10,0,19.1,0
U705570,ES,web,zone_197,32.45,7,10,0,7.9,0
U705571,FR,ios,zone_062,42.01,6,7,0,18.85,0
U705572,BE,android,zone_078,33.11,11,7,0,29.44,0
U705573,BE,android,zone_097,20.79,6,4,0,10.47,0
U705574,DE,ios,zone_183,15.65,8,5,0,17.19,0
U705575,FR,web,zone_043,19.78,8,15,0,15.66,0
U705576,BE,ios,zone_064,18.72,7,14,0,16.61,0
U705577,FR,web,zone_007,18.06,9,11,0,22.75,0
U705578,FR,ios,zone_215,38.53,9,4,0,22.2,0
U705579,FR,android,zone_169,21.51,10,10,1,21.78,0
U705580,ES,ios,zone_081,19.1,8,7,1,16.17,0
U705581,FR,web,zone_175,7.77,10,14,1,20.2,0
U705582,FR,android,zone_106,16.97,7,9,1,25.3,0
U705583,FR,ios,zone_090,7.16,10,8,0,29.32,0
U705584,FR,android,zone_041,14.81,3,7,1,16.17,1
U705585,FR,android,zone_138,4.97,5,5,0,29.54,0
U705586,FR,android,zone_043,13.33,6,9,0,12.71,0
U705587,DE,web,zone_013,,8,6,3,18.42,0
U705588,FR,web,zone_131,27.95,13,6,0,21.92,0
U705589,FR,android,zone_062,17.79,8,8,2,12.18,0
U705590,FR,ios,zone_133,11.1,14,4,0,19.12,0
U705591,CH,android,zone_054,11.85,9,5,1,22.08,0
U705592,FR,android,zone_077,14.42,9,9,0,6.75,0
U705593,FR,android,zone_011,13.03,11,9,0,15.49,0
U705594,FR,android,zone_110,9.34,10,6,0,12.12,0
U705595,IT,android,zone_168,16.14,9,8,1,12.03,0
U705596,DE,android,zone_036,3.14,10,8,2,33.65,0
U705597,FR,ios,zone_112,4.07,11,8,0,6.59,0
U705598,CH,ios,zone_041,5.21,7,7,1,18.83,0
U705599,DE,ios,zone_096,12.84,5,2,0,21.74,0
U705600,ES,ios,zone_163,9.04,8,7,0,17.27,0
U705601,ES,ios,zone_016,13.47,13,8,0,19.2,0
U705602,IT,web,zone_012,9.1,9,2,1,13.82,0
U705603,ES,android,zone_131,9.33,8,4,1,18.1,0
U705604,FR,android,zone_023,21.38,13,9,1,20.57,0
U705605,FR,ios,zone_116,18.21,6,7,1,22.76,0
U705606,BE,web,zone_121,15.41,9,6,0,21.72,0
U705607,IT,ios,zone_127,29.68,5,8,1,24.33,0
U705608,FR,web,zone_143,12.7,13,5,0,14.14,0
U705609,IT,android,zone_088,22.89,11,7,1,26.12,0
U705610,FR,ios,zone_029,5.77,5,8,0,20.81,0
U705611,FR,ios,zone_078,35.59,9,6,0,17.96,0
U705612,FR,android,zone_084,11.14,10,6,0,31.82,0
U705613,ES,ios,zone_014,5.03,10,7,1,27.92,0
U705614,ES,ios,zone_189,47.65,11,4,1,11.48,0
U705615,FR,web,zone_168,11.29,11,1,0,14.37,0
U705616,BE,ios,zone_163,,8,12,2,17.57,0
U705617,ES,ios,zone_103,13.71,9,8,0,26.77,0
U705618,IT,android,zone_187,8.31,10,5,0,22.27,0
U705619,FR,ios,zone_049,17.89,10,4,1,21.57,0
U705620,BE,android,zone_078,9.71,13,5,0,33.67,0
U705621,ES,web,zone_038,6.97,10,10,0,15.87,0
U705622,FR,android,zone_105,7.98,12,12,2,31.94,0
U705623,FR,android,zone_068,2.68,9,6,0,10.91,0
U705624,FR,android,zone_050,5.41,5,8,0,14.19,0
U705625,DE,android,zone_209,7.01,9,4,0,13.55,0
U705626,FR,web,zone_005,4.54,5,3,2,22.93,0
U705627,FR,ios,zone_100,8.55,9,13,0,16.01,0
U705628,ES,web,zone_127,14.62,7,5,1,33.37,0
U705629,ES,android,zone_100,11.51,10,6,1,29.28,0
U705630,FR,android,zone_104,19.41,10,8,0,16.29,0
U705631,DE,web,zone_033,7.34,9,11,0,26.27,0
U705632,BE,ios,zone_101,4.67,8,8,1,23.52,0
U705633,FR,ios,zone_191,11.7,3,11,0,28.36,0
U705634,DE,web,zone_000,13.92,12,4,1,29.3,0
U705635,BE,web,zone_088,7.38,15,14,0,14.68,0
U705636,CH,web,zone_103,13.75,7,11,0,20.93,0
U705637,IT,android,zone_019,4.56,7,4,0,27.23,0
U705638,FR,ios,zone_077,16.4,6,8,1,31.96,0
U705639,ES,web,zone_022,3.57,4,7,3,12.93,0
U705640,IT,android,zone_038,6.89,4,8,2,32.41,0
U705641,FR,web,zone_070,6.36,9,7,0,20.68,0
U705642,CH,android,zone_073,13.93,6,7,0,19.6,0
U705643,FR,android,zone_041,20.82,9,7,1,6.87,0
U705644,CH,ios,zone_117,28.08,4,9,1,15.45,0
U705645,BE,android,zone_105,5.67,10,5,1,7.23,0
U705646,FR,ios,zone_138,17.89,5,2,0,13.37,0
U705647,FR,android,zone_121,28.96,9,7,0,19.83,0
U705648,FR,android,zone_174,19.3,10,8,1,12.95,0
U705649,IT,ios,zone_184,22.82,10,8,1,7.9,0
U705650,FR,ios,zone_139,13.28,9,8,0,13.02,0
U705651,FR,ios,zone_069,5.94,5,7,0,34.14,0
U705652,BE,web,zone_059,4.95,8,9,0,9.97,0
U705653,FR,ios,zone_086,15.23,4,10,0,23.99,1
U705654,FR,android,zone_075,16.95,8,8,1,22.17,0
U705655,FR,android,zone_065,40.43,8,6,0,13.7,0
U705656,FR,ios,zone_197,32.45,12,11,1,24.8,0
U705657,ES,android,zone_210,12.99,9,6,1,22.97,0
U705658,FR,ios,zone_031,17.89,9,12,0,28.58,0
U705659,IT,ios,zone_198,23.81,8,7,2,19.29,0
U705660,BE,ios,zone_113,20.51,15,4,1,12.72,0
U705661,DE,android,zone_047,19.14,7,9,2,19.07,0
U705662,ES,web,zone_217,18.56,5,5,1,7.87,0
U705663,FR,ios,zone_144,2.14,11,6,0,15.97,0
U705664,CH,web,zone_071,7.29,10,14,1,15.3,0
U705665,IT,ios,zone_028,3.88,7,9,1,19.61,0
U705666,FR,android,zone_091,9.85,4,6,1,11.51,0
U705667,IT,ios,zone_163,7.95,3,8,0,25.13,0
U705668,IT,android,zone_026,9.01,4,15,1,33.33,0
U705669,FR,android,zone_180,11.91,11,15,1,19.84,0
U705670,FR,ios,zone_118,5.72,12,8,0,27.84,0
U705671,FR,web,zone_053,18.25,6,13,1,16.61,0
U705672,FR,android,zone_001,,9,11,0,37.09,0
U705673,FR,ios,zone_213,10.92,11,9,1,5.94,0
U705674,ES,android,zone_196,34.36,8,8,0,26.29,0
U705675,FR,ios,zone_182,22.18,7,6,0,10.79,0
U705676,FR,ios,zone_163,4.9,9,8,0,29.35,0
U705677,FR,ios,zone_109,5.51,11,7,1,16.29,0
U705678,FR,ios,zone_154,,10,7,0,28.27,0
U705679,ES,ios,zone_021,14.9,6,7,0,26.83,0
U705680,BE,android,zone_156,5.04,7,8,0,15.33,0
U705681,FR,web,zone_087,7.81,15,9,0,23.97,0
U705682,IT,android,zone_075,10.87,7,7,1,18.72,0
U705683,FR,android,zone_104,8.22,7,10,1,25.13,0
U705684,IT,web,zone_172,17.62,11,10,0,24.36,0
U705685,BE,web,zone_184,11.56,7,10,0,29.7,0
U705686,ES,android,zone_059,5.7,7,4,1,22.21,0
U705687,IT,android,zone_095,,9,11,1,20.44,0
U705688,IT,ios,zone_078,16.36,3,7,1,12.93,0
U705689,FR,ios,zone_003,13.16,7,7,0,21.56,0
U705690,FR,android,zone_092,12.45,5,9,0,8.52,0
U705691,IT,web,zone_080,21.78,9,10,1,12.33,0
U705692,FR,web,zone_216,9.82,9,8,0,20.35,0
U705693,FR,android,zone_078,12.57,8,11,0,28.59,0
U705694,CH,ios,zone_105,10.21,14,11,2,24.5,0
U705695,ES,web,zone_146,38.4,11,8,1,16.31,0
U705696,BE,android,zone_207,2.85,7,6,0,20.89,0
U705697,ES,android,zone_053,10.61,6,8,0,16.76,0
U705698,FR,ios,zone_179,49.93,7,6,1,21.17,0
U705699,DE,android,zone_033,21.26,14,8,0,22.3,1
U705700,FR,ios,zone_081,8.34,7,7,0,26.2,0
U705701,FR,android,zone_090,11.13,4,6,0,7.18,0
U705702,FR,android,zone_149,14.68,10,7,0,15.66,0
U705703,BE,ios,zone_133,20.54,12,10,2,24.31,0
U705704,ES,ios,zone_211,2.67,10,12,0,16.63,0
U705705,ES,android,zone_060,29.81,11,6,0,24.72,0
U705706,FR,android,zone_152,5.54,9,8,2,22.37,0
U705707,FR,android,zone_097,26.37,12,4,1,22.5,0
U705708,FR,ios,zone_000,5.01,6,4,0,17.2,0
U705709,FR,android,zone_154,6.36,6,8,0,20.55,0
U705710,FR,web,zone_150,19.78,8,7,1,28.28,0
U705711,FR,android,zone_137,17.83,11,12,1,11.73,0
U705712,BE,ios,zone_008,44.2,3,6,1,17.79,0
U705713,CH,android,zone_000,10.35,12,7,1,29.83,0
U705714,FR,ios,zone_018,8.36,9,9,1,25.0,0
U705715,FR,ios,zone_013,5.53,8,10,1,1.92,0
U705716,BE,ios,zone_003,12.71,4,5,0,25.98,0
U705717,ES,android,zone_104,15.11,9,7,0,17.12,1
U705718,FR,android,zone_171,2.44,7,11,0,12.68,0
U705719,FR,web,zone_018,10.32,6,8,1,6.08,0
U705720,FR,web,zone_102,33.21,8,9,1,13.84,0
U705721,FR,ios,zone_179,16.48,7,11,1,12.01,0
U705722,BE,web,zone_041,44.39,8,5,0,15.58,0
U705723,FR,web,zone_133,5.49,12,6,0,36.16,0
U705724,FR,web,zone_125,19.37,6,7,0,15.99,0
U705725,FR,android,zone_009,10.97,8,9,0,13.17,0
U705726,FR,ios,zone_087,9.61,14,10,1,9.6,0
U705727,DE,ios,zone_118,7.68,9,8,0,21.96,0
U705728,FR,android,zone_035,2.21,12,5,1,24.94,0
U705729,FR,ios,zone_080,12.54,6,9,1,19.08,0
U705730,IT,ios,zone_176,17.21,6,12,0,15.86,0
U705731,FR,ios,zone_008,7.62,3,6,0,32.31,0
U705732,BE,android,zone_143,18.63,9,5,2,12.97,0
U705733,FR,ios,zone_190,18.86,9,5,0,24.62,0
U705734,FR,web,zone_191,20.2,9,15,1,29.21,0
U705735,FR,web,zone_021,9.31,5,5,1,13.2,0
U705736,IT,web,zone_002,7.19,4,12,1,18.91,0
U705737,ES,android,zone_206,8.99,17,10,2,17.16,0
U705738,FR,android,zone_058,15.28,10,13,1,19.1,0
U705739,IT,ios,zone_149,5.59,14,5,0,19.91,0
U705740,IT,ios,zone_031,7.31,9,5,1,35.5,0
U705741,FR,android,zone_131,3.99,8,7,0,15.73,0
U705742,BE,ios,zone_175,12.56,10,10,0,19.13,0
U705743,FR,android,zone_136,7.95,8,11,1,29.11,0
U705744,DE,ios,zone_020,2.34,12,7,2,33.95,0
U705745,FR,android,zone_177,3.46,8,7,1,16.08,0
U705746,FR,web,zone_030,8.74,8,9,0,18.76,0
U705747,IT,ios,zone_089,6.47,10,9,0,23.78,0
U705748,BE,android,zone_157,15.58,8,5,0,22.84,0
U705749,FR,android,zone_005,15.69,11,10,0,14.59,0
U705750,FR,android,zone_006,3.6,10,7,0,20.4,0
U705751,ES,android,zone_170,4.59,14,11,0,32.7,0
U705752,FR,ios,zone_144,8.5,11,8,0,28.88,0
U705753,FR,android,zone_002,5.21,5,10,0,11.14,0
U705754,DE,android,zone_021,,4,8,0,20.1,0
U705755,FR,android,zone_022,11.44,11,7,0,25.43,0
U705756,ES,android,zone_000,25.84,13,6,1,26.6,0
U705757,BE,android,zone_067,7.61,9,8,1,15.63,0
U705758,FR,ios,zone_211,12.67,14,8,3,26.72,0
U705759,IT,ios,zone_197,7.04,9,10,0,35.91,0
U705760,BE,android,zone_108,12.4,8,5,1,18.31,0
U705761,BE,web,zone_000,19.79,16,5,0,9.67,0
U705762,FR,web,zone_118,31.71,5,5,1,30.88,0
U705763,FR,android,zone_021,28.94,6,11,0,14.5,0
U705764,FR,web,zone_134,21.4,14,10,0,23.88,0
U705765,FR,ios,zone_131,7.74,8,8,0,20.77,0
U705766,FR,ios,zone_164,55.95,12,6,0,20.93,0
U705767,BE,android,zone_049,28.09,9,8,0,27.24,0
U705768,DE,web,zone_096,8.17,10,3,0,27.28,0
U705769,IT,web,zone_061,10.89,6,7,2,21.88,0
U705770,DE,ios,zone_124,14.49,9,5,0,23.0,0
U705771,FR,web,zone_131,9.59,12,3,1,17.24,0
U705772,DE,ios,zone_114,6.34,6,8,0,17.26,0
U705773,DE,web,zone_039,16.13,15,9,0,24.42,0
U705774,IT,android,zone_102,19.12,8,11,0,18.49,0
U705775,DE,android,zone_151,8.19,7,11,1,23.85,0
U705776,FR,ios,zone_164,9.23,5,11,0,6.41,0
U705777,DE,web,zone_128,10.83,5,8,3,16.68,0
U705778,FR,ios,zone_018,14.47,7,8,0,4.22,0
U705779,FR,android,zone_107,12.39,11,7,0,9.78,0
U705780,ES,android,zone_161,6.73,16,6,0,25.33,0
U705781,BE,ios,zone_104,12.96,11,8,0,12.16,0
U705782,FR,android,zone_076,21.06,6,9,0,24.34,0
U705783,DE,android,zone_182,6.38,14,8,1,25.02,0
U705784,FR,android,zone_024,14.95,10,3,0,31.22,0
U705785,DE,android,zone_079,34.61,5,6,0,26.99,0
U705786,FR,android,zone_191,30.1,6,7,2,16.73,0
U705787,FR,android,zone_099,36.24,13,7,0,19.7,0
U705788,BE,android,zone_019,13.43,14,8,1,30.43,0
U705789,BE,web,zone_056,21.71,9,9,0,15.25,0
U705790,FR,ios,zone_055,10.88,7,9,0,22.74,0
U705791,DE,web,zone_068,30.49,5,7,0,31.18,0
U705792,FR,web,zone_034,15.35,6,5,0,17.61,0
U705793,FR,ios,zone_180,20.23,4,3,2,20.82,0
U705794,ES,ios,zone_089,5.86,8,2,1,30.27,0
U705795,FR,web,zone_146,20.93,5,5,1,26.12,0
U705796,FR,ios,zone_166,15.87,6,10,0,19.72,0
U705797,IT,ios,zone_207,21.51,6,9,0,16.92,0
U705798,FR,android,zone_061,17.01,11,11,1,10.27,0
U705799,FR,android,zone_006,5.49,11,9,0,12.77,0
U705800,IT,android,zone_153,19.08,8,12,1,15.85,0
U705801,BE,ios,zone_164,6.01,9,12,0,20.87,0
U705802,FR,web,zone_040,17.57,9,8,1,20.45,0
U705803,FR,web,zone_202,17.47,8,7,1,18.35,0
U705804,FR,ios,zone_161,17.06,9,8,0,13.19,0
U705805,IT,web,zone_123,7.96,8,8,0,15.98,0
U705806,FR,ios,zone_113,30.51,12,9,1,29.6,0
U705807,FR,web,zone_068,13.1,3,8,2,12.83,0
U705808,FR,android,zone_056,31.89,8,5,1,21.26,0
U705809,FR,android,zone_139,5.67,15,8,1,4.34,0
U705810,FR,ios,zone_060,10.84,6,8,0,15.13,0
U705811,FR,ios,zone_023,21.79,8,13,0,22.25,0
U705812,DE,ios,zone_139,8.44,9,5,1,27.3,0
U705813,FR,android,zone_019,26.34,12,8,0,26.16,0
U705814,FR,android,zone_057,8.4,7,6,0,17.23,0
U705815,BE,android,zone_213,18.69,6,10,1,11.23,0
U705816,FR,android,zone_067,3.93,3,6,2,22.77,0
U705817,DE,android,zone_174,8.22,11,8,0,17.19,0
U705818,FR,android,zone_173,5.48,7,7,0,15.75,0
U705819,FR,ios,zone_109,14.4,15,6,1,12.48,0
U705820,FR,web,zone_092,4.81,12,6,0,14.51,0
U705821,FR,android,zone_198,11.05,5,6,1,23.99,0
U705822,IT,ios,zone_024,38.64,4,5,0,18.43,0
U705823,FR,ios,zone_071,0.45,10,6,3,10.59,0
U705824,DE,web,zone_050,4.59,8,8,0,22.11,0
U705825,FR,ios,zone_215,6.36,9,4,0,28.27,0
U705826,ES,android,zone_090,9.96,9,5,1,23.78,0
U705827,ES,android,zone_015,2.7,8,14,0,23.28,1
U705828,FR,android,zone_113,5.14,4,11,1,20.26,0
U705829,FR,ios,zone_138,40.46,8,11,0,39.12,0
U705830,BE,web,zone_213,12.72,10,12,0,26.97,0
U705831,CH,ios,zone_004,2.67,9,8,1,14.92,0
U705832,IT,android,zone_081,9.67,8,10,1,2.31,0
U705833,BE,android,zone_140,1.96,9,7,0,17.93,0
U705834,FR,android,zone_044,21.74,14,8,0,15.44,0
U705835,IT,web,zone_185,3.38,8,6,1,15.93,0
U705836,FR,ios,zone_049,9.17,8,7,1,19.41,0
U705837,FR,android,zone_200,4.6,8,6,2,24.74,0
U705838,IT,web,zone_155,27.56,7,3,0,18.75,0
U705839,FR,ios,zone_191,27.1,9,9,1,35.74,0
U705840,FR,web,zone_014,11.07,12,11,0,6.11,0
U705841,DE,ios,zone_187,13.33,10,9,0,12.05,0
U705842,IT,ios,zone_114,22.81,10,8,1,24.52,0
U705843,FR,android,zone_174,13.15,9,8,0,23.22,0
U705844,FR,android,zone_124,,6,5,1,19.52,0
U705845,BE,android,zone_061,0.83,14,3,1,16.19,0
U705846,BE,android,zone_107,9.3,7,7,0,29.75,0
U705847,ES,web,zone_138,27.64,13,9,0,11.64,0
U705848,IT,web,zone_146,16.09,11,13,0,19.02,0
U705849,FR,ios,zone_206,5.17,13,4,1,23.73,0
U705850,FR,ios,zone_016,5.29,9,13,0,24.74,0
U705851,FR,ios,zone_078,13.05,12,6,1,23.25,1
U705852,FR,android,zone_090,13.0,14,10,0,23.46,0
U705853,FR,web,zone_032,30.21,18,6,0,13.27,0
U705854,ES,android,zone_046,,5,17,0,14.13,0
U705855,DE,android,zone_166,9.07,14,6,0,18.34,0
U705856,CH,android,zone_065,9.26,9,7,0,16.72,0
U705857,BE,android,zone_219,8.87,12,5,0,32.86,0
U705858,ES,android,zone_193,11.02,6,5,0,0.83,0
U705859,FR,android,zone_002,3.93,13,5,0,6.31,0
U705860,FR,web,zone_087,18.98,11,4,1,38.58,0
U705861,FR,android,zone_108,24.58,5,7,1,30.38,0
U705862,FR,ios,zone_133,19.71,12,14,1,9.37,1
U705863,FR,web,zone_000,22.33,7,7,1,17.1,0
U705864,ES,web,zone_128,47.05,7,8,0,18.92,0
U705865,BE,web,zone_129,12.63,5,3,1,35.27,0
U705866,BE,ios,zone_109,32.27,3,14,2,27.57,0
U705867,FR,web,zone_014,20.19,14,4,0,21.08,1
U705868,BE,android,zone_062,7.27,13,10,1,19.21,0
U705869,BE,ios,zone_152,37.95,7,5,0,22.81,0
U705870,FR,web,zone_158,11.75,10,7,1,25.88,0
U705871,FR,ios,zone_050,15.34,6,4,0,19.82,0
U705872,FR,android,zone_084,17.13,4,6,0,25.57,0
U705873,ES,web,zone_172,13.08,10,11,1,22.59,0
U705874,BE,web,zone_081,33.15,14,6,1,16.59,0
U705875,CH,web,zone_174,14.21,6,7,1,15.41,0
U705876,FR,ios,zone_095,5.84,7,6,0,10.17,0
U705877,FR,android,zone_207,22.27,7,5,0,21.68,0
U705878,FR,ios,zone_216,19.74,8,13,0,28.99,0
U705879,DE,android,zone_156,12.1,9,11,0,19.42,0
U705880,FR,android,zone_169,32.32,9,11,1,29.16,0
U705881,FR,android,zone_053,19.73,3,6,2,12.31,0
U705882,FR,android,zone_094,3.51,10,8,0,9.49,0
U705883,BE,ios,zone_072,6.2,16,11,1,24.7,0
U705884,IT,ios,zone_147,12.52,2,6,1,18.28,0
U705885,FR,android,zone_171,25.08,11,10,2,27.28,0
U705886,FR,web,zone_156,7.66,6,4,0,16.42,0
U705887,IT,ios,zone_107,14.04,6,6,0,13.23,0
U705888,BE,android,zone_143,20.38,1,7,0,6.96,0
U705889,FR,android,zone_166,28.77,7,8,0,34.99,0
U705890,IT,ios,zone_181,18.97,13,12,0,16.86,0
U705891,FR,ios,zone_198,21.49,11,8,0,29.22,0
U705892,IT,android,zone_084,4.55,12,12,1,25.55,0
U705893,FR,web,zone_151,28.11,6,7,2,25.9,0
U705894,IT,web,zone_007,6.16,7,12,0,28.21,0
U705895,IT,android,zone_018,13.67,15,8,0,6.39,0
U705896,ES,android,zone_169,17.43,8,8,0,23.31,0
U705897,ES,ios,zone_139,,7,10,2,22.37,0
U705898,IT,android,zone_152,6.48,14,7,0,25.22,0
U705899,FR,android,zone_134,12.58,10,8,0,10.76,0
U705900,DE,ios,zone_217,22.0,9,7,0,16.07,0
U705901,CH,ios,zone_031,11.17,14,6,1,31.71,0
U705902,FR,android,zone_004,10.57,11,6,1,31.03,0
U705903,FR,web,zone_101,16.66,7,10,1,20.83,1
U705904,ES,web,zone_038,14.54,7,4,1,18.81,0
U705905,FR,ios,zone_064,17.96,11,3,1,15.75,0
U705906,DE,ios,zone_155,9.71,13,6,1,6.29,0
U705907,FR,android,zone_163,18.5,10,9,0,18.07,0
U705908,FR,android,zone_050,10.22,7,5,1,19.03,0
U705909,BE,android,zone_016,14.06,4,3,0,20.33,1
U705910,BE,ios,zone_104,8.32,7,9,0,21.92,0
U705911,FR,ios,zone_022,3.7,9,6,0,16.37,0
U705912,FR,android,zone_043,15.62,8,3,1,21.54,0
U705913,FR,android,zone_124,10.51,11,8,0,11.07,0
U705914,FR,ios,zone_035,9.0,8,4,0,16.05,0
U705915,CH,android,zone_165,,10,11,0,15.25,0
U705916,FR,ios,zone_105,,9,5,0,8.31,1
U705917,FR,android,zone_149,16.42,7,4,0,19.35,0
U705918,FR,ios,zone_178,6.58,4,5,1,26.74,0
U705919,ES,ios,zone_176,5.74,11,9,2,26.32,0
U705920,DE,ios,zone_206,9.5,7,2,1,22.61,0
U705921,FR,ios,zone_055,18.23,7,11,0,19.96,0
U705922,IT,web,zone_130,10.82,10,14,0,16.23,0
U705923,FR,web,zone_119,7.37,9,11,0,22.48,0
U705924,CH,android,zone_016,,8,7,0,11.38,0
U705925,IT,web,zone_161,27.17,4,4,1,23.99,0
U705926,IT,ios,zone_036,13.49,8,12,1,17.91,1
U705927,FR,web,zone_040,,7,8,0,21.0,0
U705928,BE,android,zone_153,,14,10,0,14.87,0
U705929,FR,ios,zone_087,14.43,9,9,0,26.88,0
U705930,FR,web,zone_169,13.66,8,5,2,23.49,0
U705931,BE,ios,zone_118,16.15,15,9,0,6.39,0
U705932,IT,android,zone_084,18.74,11,8,0,24.57,0
U705933,DE,android,zone_212,20.36,13,14,0,13.05,0
U705934,FR,android,zone_122,36.22,7,10,0,24.41,0
U705935,FR,ios,zone_202,7.42,12,8,0,27.9,0
U705936,BE,ios,zone_038,13.89,14,8,0,34.21,0
U705937,FR,android,zone_006,8.52,12,10,3,19.59,0
U705938,CH,android,zone_053,20.11,7,4,0,22.59,0
U705939,FR,android,zone_080,21.09,4,10,3,20.17,0
U705940,FR,android,zone_093,34.25,11,4,2,13.92,0
U705941,FR,ios,zone_136,13.3,10,8,1,20.3,0
U705942,FR,android,zone_202,22.67,11,7,0,15.27,0
U705943,ES,ios,zone_182,13.74,12,11,2,19.74,0
U705944,ES,web,zone_108,6.93,4,6,0,10.75,0
U705945,FR,web,zone_203,17.09,8,2,0,24.14,0
U705946,FR,ios,zone_191,12.4,11,9,0,21.68,0
U705947,CH,android,zone_010,30.03,8,3,1,19.11,0
U705948,FR,ios,zone_028,21.62,9,6,0,19.75,0
U705949,BE,web,zone_216,8.0,8,13,1,29.08,0
U705950,FR,android,zone_195,17.63,10,9,1,21.46,0
U705951,BE,ios,zone_129,13.98,6,7,1,22.02,0
U705952,IT,android,zone_162,,5,8,1,22.28,0
U705953,BE,ios,zone_051,6.51,11,8,0,15.94,0
U705954,IT,android,zone_182,11.11,10,5,0,2.02,0
U705955,FR,web,zone_176,3.9,11,5,0,30.81,0
U705956,DE,web,zone_096,3.75,5,7,1,22.82,0
U705957,FR,android,zone_016,21.59,6,8,1,25.53,0
U705958,FR,android,zone_098,6.28,15,9,0,25.35,0
U705959,FR,android,zone_156,10.47,10,14,0,17.79,0
U705960,FR,ios,zone_111,14.15,11,9,2,10.64,0
U705961,FR,ios,zone_216,2.65,6,7,1,5.02,0
U705962,CH,android,zone_020,11.02,7,8,1,17.47,0
U705963,FR,android,zone_211,9.92,7,5,1,23.0,0
U705964,IT,ios,zone_102,10.77,5,7,1,0.0,0
U705965,BE,android,zone_004,31.86,9,11,1,15.95,0
U705966,FR,ios,zone_137,17.47,9,1,0,14.81,0
U705967,BE,ios,zone_098,15.33,16,10,1,34.97,0
U705968,ES,android,zone_105,0.48,5,14,0,28.84,0
U705969,FR,android,zone_056,24.39,8,9,0,25.59,0
U705970,ES,android,zone_082,6.06,9,11,0,0.0,0
U705971,FR,ios,zone_180,15.77,4,9,0,24.58,0
U705972,FR,android,zone_124,24.13,3,10,0,24.65,0
U705973,FR,web,zone_204,22.53,11,7,2,10.24,1
U705974,FR,ios,zone_053,12.69,4,3,1,25.97,0
U705975,BE,ios,zone_123,14.58,7,5,1,12.35,0
U705976,FR,android,zone_037,23.21,12,7,1,13.78,0
U705977,FR,android,zone_018,16.89,12,9,0,20.74,0
U705978,FR,android,zone_093,3.9,7,8,0,12.63,0
U705979,DE,ios,zone_174,,11,7,0,10.38,0
U705980,BE,android,zone_138,15.39,6,7,0,22.58,0
U705981,DE,android,zone_069,7.48,13,9,0,17.93,0
U705982,BE,web,zone_006,21.2,8,7,2,11.61,0
U705983,FR,android,zone_173,18.88,8,7,0,27.4,0
U705984,BE,web,zone_132,18.02,7,8,2,11.22,0
U705985,FR,android,zone_014,12.13,5,9,1,12.94,0
U705986,CH,android,zone_159,35.64,10,6,1,23.27,0
U705987,FR,android,zone_072,12.47,8,2,0,19.34,0
U705988,IT,ios,zone_000,34.83,8,15,1,20.36,0
U705989,FR,android,zone_199,16.54,8,12,1,22.52,0
U705990,DE,android,zone_026,11.84,9,8,0,20.76,0
U705991,FR,web,zone_030,12.99,6,14,2,31.98,0
U705992,FR,web,zone_184,13.58,13,7,0,39.54,0
U705993,FR,ios,zone_199,2.3,11,8,2,2.4,0
U705994,DE,ios,zone_049,13.18,9,5,4,29.81,0
U705995,FR,android,zone_193,49.59,2,7,2,22.23,0
U705996,IT,android,zone_090,16.39,5,3,1,20.24,0
U705997,ES,web,zone_046,15.75,7,9,1,5.56,0
U705998,FR,ios,zone_193,13.19,9,7,4,33.26,0
U705999,ES,web,zone_077,9.44,6,5,0,10.2,0
U706000,FR,android,zone_075,6.74,9,8,1,28.66,0
U706001,FR,ios,zone_052,20.93,4,10,0,18.74,0
U706002,DE,ios,zone_121,5.34,10,9,1,21.51,0
U706003,FR,android,zone_199,9.85,4,10,1,6.18,0
U706004,FR,ios,zone_176,6.34,9,10,0,8.98,0
U706005,FR,ios,zone_205,6.06,10,8,1,30.81,0
U706006,CH,web,zone_126,9.26,9,3,0,19.62,0
U706007,FR,android,zone_003,22.09,2,9,1,34.94,0
U706008,ES,ios,zone_149,9.11,11,7,0,23.86,0
U706009,FR,ios,zone_181,24.38,8,5,0,10.12,0
U706010,CH,android,zone_017,1.95,10,8,0,34.97,1
U706011,IT,android,zone_180,15.69,15,8,1,22.94,0
U706012,IT,android,zone_053,4.71,6,7,1,35.15,0
U706013,ES,ios,zone_074,19.42,7,7,0,16.78,0
U706014,FR,ios,zone_120,28.63,9,9,0,22.48,0
U706015,FR,android,zone_201,22.83,6,8,0,14.13,1
U706016,CH,ios,zone_182,6.79,5,10,0,13.38,0
U706017,FR,web,zone_122,26.14,8,8,1,20.06,0
U706018,ES,android,zone_056,5.75,12,11,0,35.81,0
U706019,FR,android,zone_096,6.81,6,8,2,20.57,0
U706020,DE,android,zone_082,19.89,8,7,0,23.56,1
U706021,FR,ios,zone_037,3.76,13,8,0,30.11,0
U706022,BE,web,zone_087,9.88,5,9,1,15.19,0
U706023,FR,android,zone_022,11.12,6,8,2,32.03,0
U706024,DE,web,zone_133,27.63,12,7,1,21.24,0
U706025,DE,android,zone_219,25.53,12,8,1,21.04,0
U706026,BE,android,zone_020,23.96,6,10,1,14.38,0
U706027,FR,ios,zone_065,16.12,11,7,3,21.21,0
U706028,CH,ios,zone_209,30.13,6,5,0,24.6,0
U706029,DE,ios,zone_123,4.78,11,8,0,30.16,0
U706030,DE,android,zone_113,25.28,7,7,2,33.42,0
U706031,BE,android,zone_046,10.01,15,8,0,7.13,0
U706032,FR,web,zone_015,5.3,10,4,2,26.45,0
U706033,IT,web,zone_004,21.26,11,11,0,22.98,0
U706034,FR,android,zone_010,8.32,5,15,1,35.97,0
U706035,FR,ios,zone_052,11.7,11,6,0,16.96,0
U706036,IT,android,zone_046,12.65,8,4,0,24.01,0
U706037,IT,web,zone_172,20.72,13,13,0,23.16,0
U706038,FR,android,zone_069,20.15,10,12,0,20.78,0
U706039,FR,android,zone_117,22.45,11,9,1,12.64,0
U706040,FR,ios,zone_192,4.23,9,8,0,6.97,0
U706041,BE,ios,zone_198,8.51,8,12,0,19.5,0
U706042,FR,web,zone_202,21.39,10,2,0,31.83,0
U706043,IT,android,zone_133,26.38,6,8,0,19.57,0
U706044,FR,ios,zone_021,14.01,8,8,1,14.26,0
U706045,IT,ios,zone_178,7.1,10,7,0,7.34,0
U706046,ES,android,zone_052,23.21,11,7,0,26.42,0
U706047,IT,ios,zone_162,17.87,8,7,0,14.5,0
U706048,FR,android,zone_179,7.28,4,7,0,22.65,0
U706049,FR,ios,zone_017,3.96,5,9,0,14.04,0
U706050,IT,ios,zone_118,,4,8,1,25.31,0
U706051,FR,android,zone_090,17.14,8,6,0,32.64,0
U706052,FR,ios,zone_210,7.98,10,7,0,12.34,0
U706053,FR,ios,zone_110,10.22,5,8,1,14.73,0
U706054,FR,ios,zone_137,8.9,12,4,3,21.82,0
U706055,DE,android,zone_137,16.26,10,8,1,21.28,0
U706056,ES,ios,zone_184,22.35,6,7,2,15.01,0
U706057,FR,ios,zone_177,17.7,10,9,0,24.62,0
U706058,FR,web,zone_132,13.81,10,11,0,13.87,0
U706059,ES,ios,zone_108,21.76,6,10,0,19.29,0
U706060,FR,android,zone_030,18.87,13,8,0,10.22,0
U706061,FR,android,zone_131,,5,5,0,17.58,0
U706062,FR,android,zone_079,8.05,12,8,1,23.05,0
U706063,FR,ios,zone_189,15.47,14,13,1,18.72,0
U706064,IT,web,zone_010,14.52,12,9,0,21.06,0
U706065,IT,android,zone_022,3.0,14,3,1,17.16,0
U706066,DE,ios,zone_172,15.55,15,4,1,22.89,0
U706067,FR,ios,zone_047,3.4,6,11,1,12.79,1
U706068,IT,android,zone_130,40.03,6,7,0,24.54,0
U706069,ES,ios,zone_130,11.77,4,12,1,17.83,0
U706070,IT,android,zone_075,22.85,12,10,0,20.09,0
U706071,IT,ios,zone_095,29.82,7,9,1,36.45,0
U706072,FR,ios,zone_058,20.88,6,7,0,9.31,1
U706073,FR,android,zone_175,,9,3,1,24.26,0
U706074,BE,android,zone_110,18.66,7,6,1,21.14,0
U706075,IT,ios,zone_100,5.62,10,8,2,17.44,0
U706076,FR,android,zone_198,12.31,8,9,0,19.72,0
U706077,BE,ios,zone_217,23.46,14,8,0,23.49,0
U706078,FR,ios,zone_055,18.78,8,11,0,17.4,0
U706079,FR,web,zone_097,19.45,12,8,0,36.53,0
U706080,CH,android,zone_009,14.8,7,8,0,25.47,0
U706081,FR,web,zone_021,7.39,7,11,1,15.27,0
U706082,IT,ios,zone_039,12.83,7,12,0,24.58,0
U706083,FR,android,zone_103,12.38,5,11,0,11.77,0
U706084,FR,android,zone_109,2.96,12,5,1,17.77,0
U706085,FR,android,zone_173,24.13,7,10,0,31.68,0
U706086,FR,android,zone_111,27.92,9,13,2,18.11,0
U706087,FR,ios,zone_011,15.51,11,11,0,3.0,0
U706088,FR,android,zone_038,21.38,14,9,0,10.99,0
U706089,ES,android,zone_087,1.37,8,8,0,20.24,0
U706090,FR,android,zone_136,11.97,9,9,1,28.13,0
U706091,ES,ios,zone_095,7.13,10,5,0,19.85,0
U706092,FR,android,zone_121,14.69,15,10,0,16.93,1
U706093,IT,android,zone_209,10.82,12,6,0,22.21,0
U706094,CH,ios,zone_119,4.96,11,8,0,15.25,0
U706095,FR,android,zone_020,21.13,9,3,2,20.57,0
U706096,BE,ios,zone_171,2.89,7,5,1,24.61,0
U706097,FR,ios,zone_033,3.97,14,8,0,29.5,0
U706098,FR,ios,zone_207,40.1,8,11,2,25.45,0
U706099,FR,android,zone_107,6.4,9,11,1,21.65,0
U706100,BE,android,zone_000,27.97,9,8,1,15.08,0
U706101,FR,android,zone_197,5.53,8,5,2,19.13,0
U706102,FR,web,zone_180,17.69,12,15,0,22.49,0
U706103,BE,web,zone_097,1.37,11,9,0,18.48,0
U706104,DE,web,zone_008,17.66,13,9,0,22.42,0
U706105,FR,ios,zone_182,5.0,10,7,2,9.1,0
U706106,IT,android,zone_085,26.3,9,3,0,13.42,0
U706107,BE,android,zone_056,10.5,8,6,0,26.13,0
U706108,FR,ios,zone_156,20.86,9,9,1,24.97,0
U706109,FR,android,zone_038,13.8,7,7,0,23.41,0
U706110,BE,web,zone_184,12.13,11,10,2,22.17,0
U706111,CH,android,zone_188,1.04,7,5,1,21.79,0
U706112,FR,android,zone_131,29.29,7,13,0,16.63,0
U706113,FR,android,zone_090,9.71,13,6,0,27.47,0
U706114,FR,ios,zone_036,,12,8,1,28.37,0
U706115,DE,android,zone_176,22.96,5,8,1,22.91,0
U706116,FR,ios,zone_013,3.43,10,8,0,15.96,0
U706117,FR,ios,zone_189,9.03,13,9,1,26.24,0
U706118,BE,ios,zone_175,16.47,9,7,0,20.82,0
U706119,FR,web,zone_079,4.91,6,8,0,22.66,0
U706120,CH,ios,zone_036,25.63,5,7,1,34.5,0
U706121,FR,android,zone_004,11.6,6,9,0,20.01,0
U706122,CH,android,zone_104,12.95,8,11,1,6.71,0
U706123,ES,android,zone_175,14.41,7,8,0,31.12,0
U706124,FR,ios,zone_047,21.55,13,8,0,29.01,0
U706125,FR,ios,zone_077,3.09,3,13,2,18.09,0
U706126,FR,ios,zone_194,5.76,6,7,1,25.09,0
U706127,BE,ios,zone_163,10.67,10,11,2,15.3,0
U706128,FR,web,zone_178,4.26,9,6,0,17.7,0
U706129,DE,android,zone_118,12.27,8,10,1,16.78,0
U706130,FR,ios,zone_170,9.48,16,2,1,25.23,0
U706131,FR,android,zone_154,8.79,8,13,0,26.79,0
U706132,BE,android,zone_127,13.19,6,5,1,24.84,0
U706133,BE,web,zone_112,14.59,9,6,2,12.91,0
U706134,ES,android,zone_000,14.27,8,9,1,19.14,0
U706135,FR,android,zone_092,6.36,8,11,1,18.77,0
U706136,FR,web,zone_188,8.93,4,12,0,7.41,0
U706137,IT,android,zone_108,5.94,6,7,0,24.77,0
U706138,FR,android,zone_170,16.42,9,8,1,6.87,0
U706139,FR,android,zone_164,13.75,9,6,0,17.59,0
U706140,FR,web,zone_061,11.77,12,12,2,26.31,0
U706141,FR,android,zone_072,53.89,18,9,0,19.23,0
U706142,IT,android,zone_012,5.58,16,5,0,13.38,0
U706143,FR,android,zone_191,4.5,6,4,0,15.84,0
U706144,DE,ios,zone_096,13.53,10,11,0,30.32,0
U706145,CH,android,zone_082,17.79,18,11,0,14.36,0
U706146,ES,web,zone_013,22.27,8,10,0,3.93,0
U706147,FR,ios,zone_176,1.08,13,9,2,25.2,0
U706148,BE,android,zone_055,10.07,10,7,0,12.2,0
U706149,FR,ios,zone_047,17.61,12,9,0,14.5,0
U706150,BE,android,zone_103,14.33,3,9,1,21.24,0
U706151,FR,ios,zone_012,10.12,8,4,1,11.47,0
U706152,FR,web,zone_137,45.04,12,4,1,16.2,0
U706153,IT,android,zone_011,16.46,14,7,0,5.35,0
U706154,FR,android,zone_215,25.63,10,13,0,12.26,0
U706155,FR,ios,zone_094,2.9,8,4,0,16.49,0
U706156,FR,android,zone_077,14.96,9,7,1,22.78,0
U706157,FR,ios,zone_218,7.11,10,7,2,12.76,0
U706158,FR,web,zone_071,7.89,8,9,1,24.29,0
U706159,ES,android,zone_206,7.51,13,6,1,23.59,0
U706160,FR,ios,zone_112,10.09,11,8,0,11.35,0
U706161,FR,web,zone_161,15.68,6,5,2,20.61,0
U706162,FR,web,zone_132,12.91,14,5,1,24.52,0
U706163,FR,ios,zone_008,22.2,9,7,1,9.24,0
U706164,FR,ios,zone_090,18.23,8,3,0,20.53,0
U706165,FR,android,zone_219,28.8,4,9,0,11.4,0
U706166,CH,android,zone_039,11.64,12,9,1,27.18,0
U706167,IT,android,zone_131,10.87,7,7,0,29.96,0
U706168,FR,android,zone_104,21.25,8,13,1,37.31,0
U706169,FR,ios,zone_090,9.15,9,8,0,14.32,0
U706170,DE,android,zone_088,26.9,9,6,0,16.9,0
U706171,FR,web,zone_134,18.49,14,6,1,12.41,0
U706172,FR,ios,zone_008,6.35,12,10,0,13.53,0
U706173,BE,android,zone_081,16.54,10,5,0,26.71,0
U706174,FR,ios,zone_115,8.82,11,8,2,15.74,0
U706175,FR,android,zone_133,10.72,9,3,2,23.16,0
U706176,FR,ios,zone_196,21.19,8,4,0,28.91,0
U706177,DE,web,zone_018,,14,10,0,22.17,0
U706178,FR,web,zone_199,9.45,5,11,1,13.96,0
U706179,CH,ios,zone_096,21.76,10,9,0,29.82,0
U706180,FR,android,zone_039,22.16,6,5,0,23.94,0
U706181,FR,ios,zone_174,19.99,5,7,0,13.19,0
U706182,FR,ios,zone_130,16.11,8,9,0,5.23,0
U706183,FR,ios,zone_052,10.11,2,3,0,14.41,0
U706184,BE,web,zone_204,21.79,7,5,0,10.3,0
U706185,ES,android,zone_053,4.36,7,6,1,10.34,0
U706186,FR,web,zone_023,12.61,5,5,0,23.94,0
U706187,FR,ios,zone_046,32.24,8,10,1,23.09,0
U706188,FR,android,zone_207,10.83,10,17,0,18.93,0
U706189,ES,android,zone_084,13.9,11,8,1,15.85,0
U706190,FR,android,zone_087,35.48,11,10,0,13.12,0
U706191,FR,web,zone_159,23.87,12,16,1,30.84,0
U706192,BE,ios,zone_207,4.33,16,7,1,7.69,0
U706193,BE,android,zone_060,15.46,11,7,0,3.63,0
U706194,CH,web,zone_024,9.64,12,9,0,23.56,0
U706195,FR,ios,zone_097,4.58,11,6,0,11.9,0
U706196,IT,android,zone_172,15.45,9,10,0,21.68,0
U706197,IT,web,zone_099,32.88,10,9,0,27.25,1
U706198,CH,ios,zone_122,7.74,9,8,1,15.88,0
U706199,FR,ios,zone_104,5.12,10,5,1,19.03,0
U706200,ES,web,zone_162,,9,6,0,15.67,0
U706201,FR,ios,zone_096,9.87,10,9,0,18.69,0
U706202,ES,android,zone_007,16.82,12,7,1,32.79,0
U706203,FR,android,zone_012,51.25,15,10,0,28.01,0
U706204,FR,web,zone_033,14.69,8,8,0,18.14,0
U706205,FR,android,zone_122,17.2,8,15,1,24.59,0
U706206,FR,ios,zone_087,20.26,5,5,0,21.5,0
U706207,FR,ios,zone_068,,9,9,0,29.74,0
U706208,FR,android,zone_120,6.38,5,7,1,21.3,0
U706209,DE,android,zone_181,6.32,5,5,0,21.03,0
U706210,DE,ios,zone_012,,5,6,1,39.39,0
U706211,FR,ios,zone_008,6.19,16,5,1,23.58,0
U706212,FR,android,zone_185,6.12,9,6,1,22.01,0
U706213,FR,web,zone_083,46.59,8,8,0,25.26,0
U706214,DE,web,zone_197,8.7,8,4,1,28.76,0
U706215,FR,web,zone_046,4.62,9,13,0,18.55,0
U706216,FR,ios,zone_116,5.34,8,8,2,10.23,0
U706217,CH,android,zone_106,13.98,5,12,1,17.97,0
U706218,IT,android,zone_010,17.16,9,6,0,16.59,0
U706219,DE,android,zone_060,13.53,14,11,0,19.12,0
U706220,IT,ios,zone_219,6.48,13,5,0,13.26,0
U706221,FR,ios,zone_077,7.39,7,6,0,27.53,0
U706222,IT,ios,zone_052,36.59,14,13,1,27.31,0
U706223,FR,ios,zone_017,36.81,11,10,0,14.29,0
U706224,ES,android,zone_217,12.28,9,13,0,21.24,0
U706225,CH,web,zone_027,11.59,8,9,0,12.77,0
U706226,FR,web,zone_012,33.09,8,4,1,27.58,0
U706227,ES,web,zone_057,24.25,11,11,0,18.35,0
U706228,FR,android,zone_005,12.4,9,8,0,26.13,0
U706229,FR,android,zone_149,10.0,15,9,0,29.8,0
U706230,FR,web,zone_196,8.62,6,9,0,16.21,0
U706231,DE,android,zone_077,6.16,9,5,0,25.28,0
U706232,FR,ios,zone_124,6.53,5,7,0,13.15,0
U706233,FR,android,zone_111,10.67,10,7,0,24.95,0
U706234,FR,ios,zone_060,7.35,10,8,2,22.85,0
U706235,FR,web,zone_009,14.23,7,9,1,25.54,0
U706236,FR,web,zone_160,9.53,10,8,1,28.36,0
U706237,DE,android,zone_159,7.45,7,8,1,26.61,0
U706238,FR,ios,zone_036,7.41,12,6,0,23.68,0
U706239,FR,android,zone_129,21.81,6,9,0,17.42,0
U706240,FR,web,zone_002,13.42,12,6,0,16.54,1
U706241,FR,android,zone_171,7.99,9,11,2,21.73,1
U706242,DE,ios,zone_207,8.42,14,8,0,23.31,0
U706243,FR,ios,zone_003,3.03,8,12,3,33.02,0
U706244,BE,android,zone_091,11.77,9,12,2,24.8,0
U706245,FR,android,zone_149,,14,5,0,16.85,0
U706246,DE,ios,zone_128,9.0,12,6,1,21.74,0
U706247,FR,android,zone_155,20.47,9,4,1,13.87,0
U706248,IT,android,zone_053,10.39,10,5,0,24.93,0
U706249,DE,web,zone_081,12.85,10,8,0,20.02,0
U706250,FR,android,zone_060,11.2,6,6,2,14.63,0
U706251,DE,web,zone_159,13.63,10,10,0,13.42,0
U706252,FR,android,zone_010,13.74,13,7,1,21.76,0
U706253,DE,web,zone_202,32.2,8,7,0,29.2,0
U706254,FR,android,zone_154,19.29,6,8,0,29.77,0
U706255,FR,web,zone_058,20.96,23,7,2,16.44,0
U706256,FR,web,zone_016,9.73,5,6,1,14.75,0
U706257,FR,ios,zone_074,7.07,11,9,0,22.15,1
U706258,FR,web,zone_031,21.58,9,9,1,17.4,0
U706259,FR,ios,zone_014,8.68,10,10,0,19.83,0
U706260,ES,android,zone_088,8.02,6,8,1,22.6,0
U706261,FR,android,zone_172,6.1,15,3,1,19.53,0
U706262,FR,android,zone_218,4.86,10,18,0,2.42,0
U706263,ES,android,zone_159,,9,8,0,21.56,0
U706264,FR,ios,zone_081,16.39,14,10,0,21.46,0
U706265,BE,android,zone_031,17.06,10,11,2,17.57,0
U706266,FR,android,zone_191,9.6,8,5,2,16.42,0
U706267,BE,web,zone_178,27.86,3,8,2,10.42,0
U706268,DE,android,zone_143,5.15,11,6,0,7.22,0
U706269,ES,web,zone_172,6.57,8,10,1,23.71,0
U706270,FR,ios,zone_025,16.71,9,11,2,16.26,0
U706271,ES,web,zone_122,17.3,8,7,0,24.69,1
U706272,FR,ios,zone_037,16.29,10,11,1,21.67,0
U706273,FR,android,zone_204,18.93,14,7,1,28.92,0
U706274,FR,android,zone_059,3.56,10,10,2,21.12,1
U706275,FR,ios,zone_094,20.86,9,7,1,19.09,0
U706276,IT,android,zone_038,25.06,10,5,1,33.04,0
U706277,FR,web,zone_093,10.57,8,11,0,13.85,0
U706278,FR,android,zone_013,6.92,7,6,3,9.58,0
U706279,CH,ios,zone_105,19.62,8,11,0,13.92,0
U706280,CH,web,zone_143,12.68,6,9,1,33.12,0
U706281,DE,web,zone_111,14.0,5,9,0,6.84,0
U706282,DE,android,zone_162,29.64,7,5,1,19.42,0
U706283,ES,android,zone_053,5.06,12,3,1,18.22,0
U706284,FR,android,zone_069,5.28,12,10,1,24.24,0
U706285,BE,ios,zone_174,25.75,9,4,2,23.3,0
U706286,CH,ios,zone_025,13.88,9,10,0,15.12,0
U706287,BE,android,zone_063,5.78,8,9,0,17.68,1
U706288,FR,ios,zone_015,10.5,12,13,2,28.57,0
U706289,FR,web,zone_004,13.18,9,7,0,16.97,0
U706290,FR,ios,zone_137,12.72,5,7,0,21.37,0
U706291,IT,web,zone_142,19.44,7,4,0,29.95,0
U706292,BE,android,zone_197,10.68,13,12,0,17.71,0
U706293,FR,web,zone_197,8.56,9,3,0,27.94,0
U706294,FR,ios,zone_075,7.92,10,10,0,19.35,0
U706295,FR,ios,zone_193,6.74,8,6,0,21.72,0
U706296,FR,ios,zone_209,47.41,10,8,1,24.77,0
U706297,DE,web,zone_017,18.22,6,6,0,21.89,0
U706298,CH,web,zone_176,13.53,6,6,1,0.0,0
U706299,FR,android,zone_176,5.88,10,12,0,20.25,0
U706300,ES,android,zone_007,6.71,18,3,0,24.81,0
U706301,BE,ios,zone_066,21.75,10,8,2,31.35,0
U706302,FR,android,zone_058,6.6,7,8,0,12.07,0
U706303,FR,android,zone_037,19.32,15,12,2,28.28,0
U706304,IT,web,zone_190,19.27,8,7,1,28.35,0
U706305,FR,ios,zone_179,6.38,10,7,1,21.03,0
U706306,IT,android,zone_123,10.72,7,12,1,22.39,0
U706307,FR,ios,zone_026,18.07,8,6,0,21.7,0
U706308,FR,web,zone_001,15.22,11,10,2,27.49,0
U706309,FR,web,zone_106,10.14,11,8,1,23.9,0
U706310,FR,android,zone_127,18.27,9,10,0,15.55,1
U706311,DE,android,zone_012,26.52,4,6,1,23.66,0
U706312,BE,android,zone_074,27.08,7,6,2,30.33,0
U706313,CH,ios,zone_128,3.6,7,8,0,2.94,0
U706314,BE,ios,zone_065,5.89,15,10,1,20.15,0
U706315,BE,android,zone_021,2.1,6,10,1,16.1,0
U706316,BE,android,zone_002,34.44,13,9,1,32.22,0
U706317,IT,android,zone_009,26.31,6,9,0,26.95,0
U706318,BE,android,zone_045,4.72,11,8,0,19.47,0
U706319,FR,ios,zone_171,6.73,8,11,0,17.65,0
U706320,FR,android,zone_073,9.53,15,3,1,24.25,0
U706321,FR,android,zone_183,24.17,9,5,0,22.94,1
U706322,BE,ios,zone_173,17.98,11,7,1,20.18,0
U706323,FR,ios,zone_138,7.59,15,9,1,31.09,0
U706324,BE,web,zone_158,5.62,9,8,0,22.05,0
U706325,ES,web,zone_084,16.13,11,8,1,16.91,0
U706326,ES,ios,zone_152,30.66,9,16,1,5.84,1
U706327,DE,ios,zone_211,12.59,2,7,0,21.11,0
U706328,BE,android,zone_089,27.59,3,12,2,29.57,0
U706329,FR,web,zone_115,32.96,11,5,2,20.54,0
U706330,BE,ios,zone_000,28.89,8,10,0,7.18,0
U706331,FR,web,zone_087,54.34,11,6,0,28.47,0
U706332,FR,ios,zone_198,39.01,10,9,1,14.4,0
U706333,DE,android,zone_177,6.32,3,8,0,20.65,0
U706334,FR,ios,zone_035,14.18,9,7,0,8.85,0
U706335,ES,ios,zone_144,13.18,9,3,0,0.0,0
U706336,FR,ios,zone_190,21.52,5,10,1,22.82,0
U706337,ES,web,zone_199,11.83,12,3,0,23.51,0
U706338,FR,web,zone_060,15.18,12,10,0,22.35,0
U706339,FR,ios,zone_184,29.18,7,4,2,22.66,0
U706340,ES,web,zone_163,25.04,8,7,2,29.71,0
U706341,BE,ios,zone_173,22.67,6,16,0,25.94,0
U706342,IT,android,zone_140,6.22,8,6,2,25.31,0
U706343,FR,android,zone_148,12.55,6,10,0,3.1,0
U706344,FR,ios,zone_202,7.23,13,6,0,29.95,0
U706345,CH,android,zone_188,33.27,6,9,0,23.13,0
U706346,FR,android,zone_166,6.7,9,5,0,13.85,0
U706347,FR,web,zone_184,14.95,9,5,1,21.85,0
U706348,DE,ios,zone_061,7.32,9,8,1,23.21,0
U706349,FR,web,zone_102,,7,9,0,12.61,0
U706350,IT,android,zone_104,7.15,8,4,1,29.37,0
U706351,FR,web,zone_102,5.59,6,5,2,12.45,0
U706352,FR,android,zone_072,15.57,10,7,1,9.46,0
U706353,FR,android,zone_145,,13,7,1,12.68,0
U706354,IT,ios,zone_059,12.42,15,10,1,37.11,0
U706355,DE,android,zone_061,19.5,9,8,0,16.99,0
U706356,IT,ios,zone_050,8.15,8,10,0,12.57,0
U706357,IT,android,zone_200,7.91,10,3,0,13.33,0
U706358,FR,android,zone_080,6.55,16,13,2,16.86,0
U706359,DE,web,zone_141,2.95,12,7,0,23.03,0
U706360,ES,android,zone_195,11.67,13,10,2,19.78,0
U706361,FR,android,zone_028,4.28,15,10,0,28.22,0
U706362,FR,android,zone_002,8.33,10,14,1,27.8,0
U706363,FR,android,zone_195,8.75,10,3,0,18.1,0
U706364,FR,android,zone_175,8.59,9,5,1,27.43,0
U706365,FR,android,zone_069,21.38,9,12,1,11.14,0
U706366,ES,android,zone_138,15.13,13,9,4,24.31,0
U706367,FR,ios,zone_178,13.98,9,6,0,21.79,0
U706368,FR,web,zone_050,7.7,13,8,0,12.21,0
U706369,IT,ios,zone_041,20.46,9,15,0,15.69,0
U706370,DE,android,zone_137,37.96,6,10,1,26.03,0
U706371,FR,android,zone_197,6.56,11,12,1,25.32,0
U706372,FR,web,zone_170,15.19,9,14,1,25.0,0
U706373,FR,android,zone_012,6.52,4,7,0,7.93,0
U706374,CH,android,zone_139,18.01,9,7,0,27.14,0
U706375,FR,android,zone_048,6.94,5,6,1,13.47,0
U706376,FR,web,zone_160,17.93,7,7,0,18.89,0
U706377,FR,android,zone_076,15.05,7,5,1,25.08,0
U706378,FR,android,zone_085,13.0,12,6,0,1.03,0
U706379,FR,android,zone_201,11.67,8,5,0,14.72,0
U706380,FR,ios,zone_103,12.82,7,2,1,25.38,0
U706381,FR,android,zone_153,17.43,12,13,0,0.0,0
U706382,FR,web,zone_187,20.74,11,7,1,19.14,0
U706383,BE,android,zone_039,10.92,9,6,0,18.15,0
U706384,FR,android,zone_189,4.38,8,5,2,13.29,0
U706385,FR,android,zone_216,11.82,16,4,1,23.72,0
U706386,FR,web,zone_176,8.93,12,7,0,32.73,0
U706387,FR,web,zone_060,21.45,16,8,1,16.13,0
U706388,FR,web,zone_002,12.7,12,6,1,25.12,0
U706389,ES,ios,zone_130,14.11,9,9,1,13.85,0
U706390,IT,android,zone_119,7.29,12,12,1,32.82,0
U706391,BE,android,zone_012,20.19,7,9,0,20.57,0
U706392,FR,android,zone_031,25.66,11,8,3,21.5,0
U706393,FR,android,zone_184,7.31,8,8,0,22.03,0
U706394,DE,web,zone_018,9.89,8,7,0,28.46,0
U706395,DE,android,zone_187,23.53,14,9,0,25.59,0
U706396,DE,ios,zone_051,10.86,6,4,1,7.48,0
U706397,IT,web,zone_106,21.48,11,9,0,23.21,0
U706398,DE,ios,zone_154,12.46,10,16,0,13.43,0
U706399,FR,ios,zone_099,6.01,14,6,1,30.76,0
U706400,BE,android,zone_169,15.64,8,8,1,22.99,0
U706401,FR,web,zone_177,13.61,10,11,0,16.99,0
U706402,FR,android,zone_164,16.7,6,9,0,23.48,0
U706403,BE,ios,zone_032,15.09,9,6,0,25.9,0
U706404,DE,web,zone_194,21.26,14,7,0,5.18,0
U706405,DE,web,zone_169,25.24,5,11,0,14.63,0
U706406,FR,ios,zone_186,12.57,9,11,0,19.44,0
U706407,FR,android,zone_192,22.31,5,4,2,26.42,0
U706408,FR,web,zone_136,11.05,7,8,1,31.12,0
U706409,CH,ios,zone_138,21.01,5,11,1,30.8,0
U706410,FR,web,zone_177,16.25,11,15,0,17.39,0
U706411,ES,ios,zone_056,25.94,5,5,0,13.73,0
U706412,FR,ios,zone_063,28.6,11,6,1,11.14,0
U706413,BE,android,zone_062,9.88,12,12,0,23.48,0
U706414,IT,ios,zone_135,16.86,8,13,0,20.55,0
U706415,FR,android,zone_105,15.21,9,9,0,20.1,0
U706416,FR,ios,zone_149,18.15,5,5,1,21.45,0
U706417,ES,ios,zone_176,48.38,9,9,2,28.0,0
U706418,ES,android,zone_035,26.53,15,10,0,22.75,0
U706419,FR,android,zone_039,22.2,6,9,0,22.27,1
U706420,FR,web,zone_129,35.72,9,9,1,8.44,0
U706421,FR,web,zone_004,17.54,2,4,0,9.82,0
U706422,DE,web,zone_170,17.66,9,6,1,9.03,0
U706423,ES,ios,zone_214,11.16,8,8,0,24.31,0
U706424,FR,web,zone_167,34.64,8,17,1,28.34,0
U706425,FR,android,zone_089,9.07,9,7,0,19.26,0
U706426,FR,web,zone_161,24.31,5,7,1,7.87,0
U706427,FR,ios,zone_160,8.11,9,10,0,31.22,0
U706428,FR,android,zone_203,9.83,7,5,1,18.52,0
U706429,FR,android,zone_131,12.62,15,4,0,19.96,0
U706430,FR,android,zone_046,9.35,7,9,1,5.9,1
U706431,FR,web,zone_167,12.64,10,5,2,16.38,0
U706432,BE,ios,zone_133,3.72,11,8,0,22.03,0
U706433,FR,android,zone_018,12.67,6,11,0,34.27,0
U706434,FR,android,zone_173,5.51,11,6,1,37.1,0
U706435,DE,android,zone_170,8.03,9,11,1,13.12,0
U706436,FR,ios,zone_204,8.63,12,10,1,27.04,0
U706437,DE,android,zone_193,17.64,5,11,1,10.53,0
U706438,FR,ios,zone_040,11.29,8,6,1,25.2,0
U706439,CH,ios,zone_013,4.96,7,7,0,17.61,0
U706440,FR,android,zone_199,21.85,8,5,1,19.12,0
U706441,ES,ios,zone_107,19.88,6,9,2,21.02,0
U706442,FR,ios,zone_215,8.02,5,10,0,17.86,1
U706443,FR,android,zone_186,9.94,8,13,1,18.82,0
U706444,DE,ios,zone_105,13.43,6,4,0,7.99,0
U706445,DE,android,zone_134,9.61,8,4,0,33.65,0
U706446,ES,android,zone_046,15.63,9,7,1,22.18,0
U706447,FR,web,zone_048,,11,9,2,14.43,0
U706448,FR,android,zone_076,29.75,10,9,1,33.91,0
U706449,FR,android,zone_042,23.4,12,11,2,18.11,1
U706450,ES,ios,zone_000,12.71,14,5,0,23.14,0
U706451,FR,android,zone_060,15.2,6,7,1,27.72,0
U706452,BE,web,zone_021,34.7,5,15,1,18.93,0
U706453,DE,ios,zone_128,2.74,10,13,0,6.36,0
U706454,FR,android,zone_106,15.28,5,4,1,19.95,0
U706455,BE,ios,zone_162,1.86,11,12,1,38.06,0
U706456,FR,ios,zone_209,15.11,11,8,0,26.2,0
U706457,FR,ios,zone_129,23.02,12,10,0,18.91,0
U706458,FR,android,zone_008,20.33,6,11,2,25.26,0
U706459,BE,android,zone_112,25.66,5,7,0,14.16,0
U706460,BE,android,zone_099,17.15,4,4,0,14.26,0
U706461,FR,android,zone_082,8.45,7,4,0,38.06,0
U706462,FR,ios,zone_075,26.88,10,4,1,19.22,0
U706463,FR,ios,zone_017,5.93,7,9,0,20.26,0
U706464,FR,ios,zone_069,30.48,10,4,1,18.36,0
U706465,CH,android,zone_191,11.72,6,9,0,26.68,0
U706466,FR,web,zone_070,12.37,7,8,0,12.91,0
U706467,IT,android,zone_036,12.76,6,8,0,37.88,0
U706468,IT,android,zone_001,8.38,15,8,0,15.68,0
U706469,ES,android,zone_118,29.9,12,10,1,32.9,0
U706470,FR,android,zone_120,7.67,9,6,0,29.61,0
U706471,BE,web,zone_199,7.09,11,8,0,29.14,0
U706472,FR,ios,zone_025,11.9,9,6,1,28.4,0
U706473,ES,ios,zone_023,17.95,13,6,0,24.6,0
U706474,FR,ios,zone_009,3.96,6,11,1,21.02,0
U706475,FR,android,zone_088,42.03,10,7,1,26.65,0
U706476,ES,ios,zone_094,26.32,5,13,0,27.26,0
U706477,FR,ios,zone_025,22.12,9,7,0,8.18,0
U706478,ES,web,zone_188,7.06,9,8,1,21.44,0
U706479,CH,ios,zone_159,22.26,17,5,1,26.31,0
U706480,BE,android,zone_067,14.91,7,12,0,5.6,0
U706481,FR,android,zone_142,16.08,8,8,0,8.23,0
U706482,ES,android,zone_117,10.32,6,8,1,24.45,0
U706483,CH,web,zone_085,16.15,7,4,1,27.93,0
U706484,DE,web,zone_194,39.03,4,11,0,17.88,0
U706485,FR,web,zone_173,8.94,7,8,1,11.82,0
U706486,FR,web,zone_074,20.49,7,12,0,16.57,0
U706487,FR,android,zone_213,12.82,9,8,0,11.12,0
U706488,FR,ios,zone_108,5.0,10,4,0,17.76,0
U706489,ES,ios,zone_155,13.05,13,7,2,11.46,0
U706490,BE,web,zone_048,30.33,5,4,0,15.14,0
U706491,CH,android,zone_214,8.0,5,13,0,12.56,0
U706492,FR,ios,zone_085,8.44,7,9,1,26.6,0
U706493,IT,web,zone_096,10.01,9,8,0,29.07,0
U706494,FR,android,zone_017,25.35,6,11,0,16.5,0
U706495,FR,ios,zone_075,8.77,5,3,0,8.8,0
U706496,ES,android,zone_017,18.31,8,5,1,6.33,0
U706497,FR,ios,zone_043,28.23,9,10,1,17.4,0
U706498,FR,android,zone_075,8.74,5,10,0,23.61,0
U706499,FR,android,zone_159,6.48,8,9,1,24.84,0
U706500,FR,android,zone_211,8.9,9,3,0,8.29,0
U706501,BE,web,zone_211,20.48,9,9,1,19.95,1
U706502,FR,ios,zone_145,14.32,14,5,2,20.44,0
U706503,FR,android,zone_080,12.52,12,3,1,41.64,0
U706504,ES,ios,zone_046,6.16,10,6,0,16.71,0
U706505,ES,ios,zone_076,37.68,12,8,3,25.11,0
U706506,CH,web,zone_049,4.94,6,5,1,4.83,1
U706507,IT,android,zone_018,17.0,11,7,0,13.22,0
U706508,FR,ios,zone_000,3.56,9,6,0,19.12,0
U706509,FR,android,zone_186,34.91,9,7,1,26.41,0
U706510,ES,web,zone_043,,13,7,1,27.6,0
U706511,FR,android,zone_061,12.05,12,7,0,14.4,0
U706512,IT,ios,zone_138,9.36,10,5,1,35.3,1
U706513,FR,android,zone_009,11.09,10,5,1,16.13,0
U706514,FR,android,zone_104,22.64,4,7,0,31.92,0
U706515,FR,android,zone_094,9.75,10,6,0,13.61,0
U706516,FR,web,zone_187,10.09,3,5,0,28.06,1
U706517,CH,ios,zone_104,32.28,10,6,2,15.06,0
U706518,ES,android,zone_023,5.3,5,6,0,13.96,0
U706519,FR,android,zone_174,12.09,7,8,1,33.73,0
U706520,FR,ios,zone_074,10.2,13,6,1,23.19,0
U706521,CH,ios,zone_159,14.08,6,4,2,17.43,0
U706522,FR,android,zone_115,20.68,12,9,2,28.91,0
U706523,FR,ios,zone_183,8.13,13,10,1,15.75,0
U706524,FR,android,zone_157,14.09,9,8,1,17.09,0
U706525,DE,android,zone_161,21.83,6,9,0,21.61,0
U706526,FR,web,zone_039,,8,14,3,17.74,0
U706527,BE,android,zone_011,3.82,10,6,2,33.13,0
U706528,FR,web,zone_194,9.64,9,9,2,27.03,0
U706529,FR,ios,zone_175,9.85,8,12,0,21.92,0
U706530,FR,ios,zone_008,33.0,12,8,0,24.44,0
U706531,FR,android,zone_148,5.71,8,4,0,16.45,0
U706532,FR,web,zone_175,15.95,9,5,1,1.55,1
U706533,FR,android,zone_137,20.19,11,3,0,23.25,0
U706534,DE,web,zone_099,13.67,7,13,1,8.56,1
U706535,ES,ios,zone_138,11.06,7,4,1,22.62,0
U706536,FR,ios,zone_046,23.41,10,5,2,28.24,0
U706537,FR,ios,zone_106,16.13,14,9,1,14.61,0
U706538,FR,ios,zone_004,11.46,12,6,2,33.21,0
U706539,FR,android,zone_170,8.37,10,7,1,12.16,0
U706540,FR,android,zone_176,20.64,8,7,1,31.16,0
U706541,FR,web,zone_062,3.75,8,4,0,11.46,0
U706542,IT,android,zone_197,35.76,5,7,0,11.33,0
U706543,IT,android,zone_066,13.29,7,8,0,18.3,0
U706544,FR,web,zone_122,11.63,5,12,0,23.8,0
U706545,FR,ios,zone_008,11.15,12,7,0,29.67,0
U706546,DE,web,zone_075,5.47,7,1,0,23.06,0
U706547,ES,android,zone_196,10.79,11,8,0,28.9,0
U706548,ES,web,zone_216,14.56,11,11,0,8.14,0
U706549,BE,web,zone_054,17.63,8,8,0,17.62,0
U706550,FR,android,zone_064,10.5,10,7,0,7.38,0
U706551,FR,web,zone_219,13.68,7,7,1,13.02,0
U706552,IT,android,zone_084,16.51,10,9,0,20.93,0
U706553,DE,ios,zone_175,12.48,13,8,2,27.05,0
U706554,FR,ios,zone_193,7.02,11,10,1,16.32,0
U706555,FR,android,zone_180,1.9,6,10,0,20.51,0
U706556,FR,android,zone_012,20.01,11,5,1,27.55,0
U706557,IT,web,zone_029,8.97,15,8,0,18.91,0
U706558,FR,web,zone_206,27.72,11,10,1,20.1,0
U706559,DE,android,zone_134,,14,3,2,22.7,0
U706560,BE,ios,zone_014,28.76,8,11,2,24.66,0
U706561,FR,android,zone_022,11.35,11,9,0,30.8,0
U706562,ES,android,zone_104,12.83,9,9,0,19.57,0
U706563,IT,android,zone_043,18.47,11,6,2,22.28,0
U706564,ES,ios,zone_213,9.85,7,6,0,23.29,0
U706565,IT,android,zone_217,6.17,8,3,1,30.04,0
U706566,FR,web,zone_054,9.01,10,6,0,25.85,0
U706567,FR,android,zone_059,5.95,10,10,0,27.39,0
U706568,FR,android,zone_022,26.88,7,7,0,14.06,0
U706569,FR,ios,zone_155,15.14,8,8,0,12.25,0
U706570,ES,android,zone_089,10.45,12,6,0,18.0,0
U706571,FR,android,zone_120,11.83,6,5,1,3.43,0
U706572,FR,ios,zone_033,20.24,12,8,0,14.18,0
U706573,DE,web,zone_075,9.7,13,10,0,12.64,0
U706574,DE,ios,zone_105,14.15,9,7,0,21.16,0
U706575,FR,android,zone_193,14.02,8,3,1,13.21,0
U706576,BE,android,zone_143,14.37,3,6,2,6.76,0
U706577,FR,android,zone_185,27.19,8,9,0,25.11,0
U706578,FR,ios,zone_047,9.76,12,9,0,17.14,0
U706579,FR,android,zone_179,5.12,9,7,0,33.03,0
U706580,BE,android,zone_121,4.86,10,7,0,22.6,0
U706581,DE,web,zone_211,5.87,10,7,1,11.53,1
U706582,BE,android,zone_061,9.97,14,6,1,18.33,0
U706583,DE,ios,zone_091,32.22,9,3,3,29.36,0
U706584,FR,web,zone_105,36.95,9,8,2,11.84,0
U706585,FR,android,zone_078,7.52,10,7,1,19.05,0
U706586,DE,web,zone_024,6.28,9,12,0,25.68,0
U706587,FR,android,zone_180,1.93,9,8,0,18.13,0
U706588,FR,web,zone_020,11.69,10,11,0,23.75,0
U706589,DE,ios,zone_102,16.45,11,8,1,27.16,0
U706590,FR,android,zone_067,5.54,13,10,1,14.87,0
U706591,CH,ios,zone_207,37.65,8,9,0,18.42,0
U706592,FR,ios,zone_167,5.44,6,10,1,17.69,0
U706593,FR,web,zone_003,19.4,12,10,1,14.89,0
U706594,IT,web,zone_150,9.3,11,7,0,26.92,0
U706595,BE,ios,zone_116,15.0,9,3,1,25.24,1
U706596,DE,android,zone_048,22.45,10,3,1,28.12,0
U706597,FR,android,zone_018,3.66,6,5,1,17.04,0
U706598,DE,ios,zone_088,4.69,9,6,0,29.44,0
U706599,FR,android,zone_208,20.68,9,7,0,20.53,0
U706600,FR,android,zone_119,5.5,9,5,0,35.21,0
U706601,FR,ios,zone_089,25.21,8,6,1,12.57,0
U706602,FR,android,zone_111,6.54,9,6,1,26.05,0
U706603,FR,android,zone_192,13.83,5,6,1,27.68,0
U706604,FR,android,zone_194,13.56,11,7,2,31.93,0
U706605,BE,ios,zone_102,19.93,7,6,0,25.83,0
U706606,FR,android,zone_182,14.01,7,9,1,16.7,0
U706607,FR,ios,zone_172,13.07,9,9,0,11.53,0
U706608,BE,web,zone_071,11.9,5,11,1,32.49,0
U706609,IT,ios,zone_067,12.68,9,8,0,16.67,0
U706610,DE,android,zone_155,12.13,9,8,1,22.84,0
U706611,FR,android,zone_067,35.3,14,11,2,27.32,0
U706612,IT,android,zone_042,7.36,11,7,1,15.52,0
U706613,FR,web,zone_176,6.29,9,6,0,7.23,0
U706614,FR,android,zone_053,10.28,15,11,0,18.38,0
U706615,FR,android,zone_008,14.27,14,7,2,21.21,0
U706616,FR,android,zone_200,11.08,13,5,0,22.73,0
U706617,DE,android,zone_045,15.93,5,6,0,16.62,0
U706618,DE,ios,zone_140,8.67,9,7,2,17.04,0
U706619,FR,android,zone_032,11.9,4,10,1,14.24,0
U706620,FR,web,zone_176,5.75,14,8,2,24.86,0
U706621,FR,android,zone_149,17.64,22,9,1,22.32,0
U706622,FR,ios,zone_129,11.02,14,7,0,7.17,0
U706623,FR,android,zone_097,18.57,5,7,0,1.72,0
U706624,FR,ios,zone_033,6.79,11,10,1,20.18,0
U706625,BE,ios,zone_190,11.35,2,4,0,25.08,0
U706626,DE,android,zone_060,25.95,9,7,0,25.55,1
U706627,FR,ios,zone_089,11.6,15,8,0,25.66,1
U706628,BE,android,zone_111,18.45,6,4,0,24.75,0
U706629,FR,android,zone_182,7.97,4,12,0,13.46,0
U706630,FR,ios,zone_196,8.04,13,3,1,5.92,0
U706631,FR,ios,zone_062,25.11,8,12,1,28.6,0
U706632,CH,web,zone_177,,9,8,0,23.81,0
U706633,CH,web,zone_106,10.25,9,7,0,13.71,0
U706634,FR,android,zone_188,13.64,12,10,0,26.49,0
U706635,FR,web,zone_105,16.61,6,5,1,19.9,0
U706636,DE,ios,zone_068,11.82,12,13,1,23.3,0
U706637,FR,android,zone_157,7.42,14,5,0,26.99,0
U706638,IT,android,zone_167,9.73,7,7,2,5.47,0
U706639,IT,ios,zone_159,12.24,9,10,0,13.55,0
U706640,IT,web,zone_118,12.24,7,9,0,29.6,0
U706641,FR,android,zone_077,42.63,12,9,0,18.67,0
U706642,DE,ios,zone_056,34.89,7,6,0,19.17,0
U706643,BE,ios,zone_145,8.88,6,9,0,22.35,0
U706644,FR,android,zone_012,19.56,6,12,0,20.89,0
U706645,BE,android,zone_101,1.42,8,13,0,26.63,0
U706646,ES,android,zone_177,12.54,12,5,1,28.19,0
U706647,FR,android,zone_169,19.36,9,6,0,16.44,0
U706648,ES,android,zone_074,17.78,9,6,0,13.39,0
U706649,DE,ios,zone_209,10.84,9,7,1,8.54,0
U706650,FR,android,zone_109,19.37,10,11,0,6.59,0
U706651,BE,android,zone_047,16.4,10,9,0,19.96,0
U706652,ES,android,zone_062,21.51,7,7,0,14.64,0
U706653,FR,web,zone_129,11.64,9,6,0,15.13,0
U706654,DE,android,zone_106,21.78,9,8,0,17.73,0
U706655,FR,android,zone_198,17.22,7,5,1,7.56,0
U706656,CH,ios,zone_202,24.85,9,6,0,17.06,0
U706657,FR,android,zone_146,9.84,6,6,1,31.12,0
U706658,IT,android,zone_201,15.74,9,8,3,20.1,0
U706659,IT,ios,zone_009,32.99,8,10,0,22.04,0
U706660,FR,ios,zone_129,3.3,14,12,0,30.29,0
U706661,BE,ios,zone_089,10.95,7,4,2,26.32,0
U706662,FR,android,zone_030,14.43,3,7,0,25.12,0
U706663,IT,web,zone_069,11.87,11,3,1,22.43,0
U706664,IT,ios,zone_064,20.72,8,8,0,21.97,0
U706665,FR,ios,zone_199,2.82,9,11,3,18.59,0
U706666,FR,android,zone_021,38.33,15,7,1,37.45,0
U706667,BE,android,zone_119,2.83,7,11,1,21.29,0
U706668,ES,android,zone_207,43.43,6,10,0,31.63,0
U706669,IT,android,zone_041,2.11,10,9,1,25.53,0
U706670,FR,android,zone_108,43.96,10,10,0,25.21,0
U706671,FR,android,zone_108,32.22,5,7,0,25.21,0
U706672,FR,ios,zone_066,48.33,5,5,0,13.99,0
U706673,FR,web,zone_142,11.16,12,7,0,0.46,0
U706674,FR,android,zone_117,8.18,8,14,0,21.74,0
U706675,DE,web,zone_083,11.85,6,4,1,20.42,0
U706676,FR,web,zone_134,2.49,5,4,0,8.23,0
U706677,CH,web,zone_032,32.91,8,11,1,19.28,0
U706678,ES,ios,zone_035,5.61,7,8,0,24.02,0
U706679,FR,web,zone_090,12.26,4,6,0,22.55,0
U706680,FR,android,zone_025,6.33,8,6,0,16.36,0
U706681,IT,web,zone_025,1.58,10,10,0,24.22,0
U706682,DE,web,zone_102,24.24,10,5,1,7.89,0
U706683,ES,android,zone_192,9.49,5,10,1,18.7,0
U706684,FR,android,zone_033,8.72,9,5,1,29.04,0
U706685,FR,ios,zone_129,16.85,9,6,1,21.1,0
U706686,IT,ios,zone_109,20.79,4,6,0,13.44,0
U706687,FR,web,zone_016,21.16,10,9,0,29.98,0
U706688,FR,web,zone_028,8.87,6,8,2,19.94,0
U706689,DE,ios,zone_143,12.11,6,8,1,20.36,0
U706690,FR,ios,zone_032,6.08,7,3,2,24.7,0
U706691,FR,ios,zone_097,5.77,10,9,0,19.25,0
U706692,FR,ios,zone_202,7.52,8,6,0,16.86,0
U706693,FR,web,zone_051,10.12,11,5,1,20.43,0
U706694,ES,android,zone_073,4.53,10,4,0,22.32,0
U706695,FR,android,zone_043,23.98,4,7,0,38.36,0
U706696,FR,ios,zone_047,11.98,13,9,0,15.77,0
U706697,FR,ios,zone_000,11.15,6,5,1,28.12,0
U706698,IT,android,zone_218,39.96,13,7,0,18.1,0
U706699,FR,android,zone_075,4.77,8,8,1,24.49,0
U706700,DE,android,zone_199,20.66,10,4,2,17.52,0
U706701,IT,ios,zone_198,23.63,8,8,1,17.65,0
U706702,FR,android,zone_003,14.56,11,10,2,16.95,0
U706703,FR,ios,zone_079,12.99,7,7,1,28.72,0
U706704,FR,web,zone_158,10.88,16,12,1,19.75,0
U706705,FR,android,zone_159,16.19,11,3,1,21.27,0
U706706,IT,web,zone_132,29.72,12,8,1,26.81,0
U706707,DE,web,zone_006,3.6,9,10,0,18.42,0
U706708,BE,android,zone_065,34.83,13,11,2,17.53,0
U706709,IT,android,zone_122,35.62,15,14,0,19.91,0
U706710,FR,ios,zone_182,29.37,8,4,0,31.66,0
U706711,IT,android,zone_163,27.81,7,10,1,13.01,0
U706712,FR,android,zone_152,25.14,10,8,2,23.34,0
U706713,ES,android,zone_189,4.31,11,7,1,18.08,0
U706714,FR,android,zone_056,25.68,7,10,0,19.02,0
U706715,FR,web,zone_077,,7,9,2,13.3,0
U706716,FR,web,zone_094,4.12,8,6,0,32.0,0
U706717,ES,android,zone_052,19.61,5,9,1,23.4,0
U706718,FR,web,zone_151,28.33,11,7,0,17.97,0
U706719,ES,android,zone_083,27.11,12,11,0,15.25,0
U706720,IT,ios,zone_172,17.69,13,12,1,21.76,0
U706721,FR,web,zone_034,23.94,11,7,1,25.27,0
U706722,FR,android,zone_068,17.28,10,6,0,13.45,0
U706723,DE,android,zone_117,18.66,7,5,0,17.14,0
U706724,FR,ios,zone_121,1.33,8,4,1,24.0,0
U706725,FR,ios,zone_020,3.14,10,12,0,25.88,0
U706726,FR,ios,zone_082,7.66,4,7,0,24.0,0
U706727,BE,ios,zone_118,29.99,5,10,0,27.75,0
U706728,FR,android,zone_108,12.1,12,6,0,29.61,0
U706729,FR,android,zone_085,13.4,8,8,0,19.02,0
U706730,FR,android,zone_065,42.77,9,8,2,19.11,0
U706731,FR,android,zone_198,11.81,9,4,1,19.84,0
U706732,FR,android,zone_044,4.59,9,3,0,10.19,0
U706733,FR,android,zone_168,27.99,6,5,0,19.73,0
U706734,FR,web,zone_004,9.75,8,10,1,15.0,0
U706735,BE,ios,zone_029,11.87,11,14,2,22.12,0
U706736,FR,ios,zone_021,21.63,3,6,0,11.25,1
U706737,BE,ios,zone_206,23.28,15,7,0,18.19,0
U706738,FR,ios,zone_156,25.62,7,8,1,7.98,0
U706739,IT,android,zone_179,19.1,12,4,0,26.23,0
U706740,DE,android,zone_117,42.46,15,6,0,12.08,0
U706741,FR,android,zone_168,14.48,4,10,1,11.78,0
U706742,FR,ios,zone_039,13.43,8,10,1,15.03,0
U706743,FR,ios,zone_066,7.5,9,7,1,18.78,0
U706744,FR,ios,zone_062,4.09,9,4,2,19.96,0
U706745,FR,android,zone_143,46.6,5,10,0,13.6,0
U706746,FR,android,zone_105,8.14,10,13,1,27.44,0
U706747,BE,android,zone_123,5.26,4,3,0,16.25,0
U706748,FR,ios,zone_037,13.48,10,12,0,22.37,0
U706749,FR,ios,zone_011,11.53,7,7,0,16.02,0
U706750,BE,ios,zone_208,9.19,11,10,1,28.42,1
U706751,FR,android,zone_169,5.53,10,8,1,36.04,0
U706752,FR,web,zone_187,2.36,8,4,0,15.82,0
U706753,FR,web,zone_217,2.94,11,13,0,25.2,0
U706754,BE,web,zone_103,21.03,7,11,0,22.36,0
U706755,FR,web,zone_064,10.21,11,11,0,28.04,0
U706756,IT,android,zone_160,23.15,15,9,0,18.43,0
U706757,DE,android,zone_113,8.74,13,6,0,22.95,0
U706758,FR,ios,zone_114,,11,2,0,15.92,0
U706759,IT,android,zone_172,18.39,4,9,0,31.41,0
U706760,FR,android,zone_129,9.69,11,8,0,24.8,0
U706761,DE,android,zone_199,24.74,10,8,0,7.26,0
U706762,FR,web,zone_146,14.83,6,10,1,23.1,0
U706763,FR,ios,zone_000,4.85,5,8,1,19.92,0
U706764,ES,android,zone_064,15.54,14,6,1,11.97,0
U706765,FR,ios,zone_133,16.59,3,15,0,33.8,0
U706766,FR,web,zone_139,4.24,10,7,1,17.85,0
U706767,IT,android,zone_152,16.91,7,16,1,22.44,0
U706768,FR,android,zone_054,10.58,18,17,1,10.26,0
U706769,BE,ios,zone_126,24.47,10,6,0,23.97,0
U706770,DE,android,zone_132,22.89,9,7,0,19.54,0
U706771,FR,android,zone_079,18.71,6,8,0,27.35,0
U706772,FR,android,zone_141,13.81,11,9,2,32.08,0
U706773,IT,android,zone_115,11.51,6,7,0,35.16,0
U706774,FR,ios,zone_217,9.58,11,5,1,9.47,0
U706775,BE,android,zone_078,9.25,6,4,1,36.83,0
U706776,FR,web,zone_027,15.14,11,7,1,7.28,1
U706777,FR,web,zone_203,23.0,10,4,0,12.78,0
U706778,FR,android,zone_083,10.58,7,9,4,27.32,0
U706779,DE,android,zone_174,41.69,9,6,0,25.77,0
U706780,ES,ios,zone_176,4.75,7,10,1,23.42,0
U706781,FR,android,zone_133,8.07,13,13,0,20.21,0
U706782,DE,android,zone_062,26.69,8,12,1,15.03,0
U706783,FR,ios,zone_082,28.8,11,7,0,24.17,0
U706784,IT,android,zone_107,20.26,5,9,1,25.73,0
U706785,FR,web,zone_049,8.19,8,4,0,22.42,0
U706786,IT,android,zone_007,24.31,10,10,1,23.29,1
U706787,IT,ios,zone_060,25.56,7,5,1,18.88,0
U706788,IT,ios,zone_157,28.59,5,11,0,29.37,0
U706789,FR,ios,zone_089,23.02,6,7,2,25.7,0
U706790,FR,android,zone_122,8.87,11,6,0,19.61,0
U706791,ES,web,zone_093,22.17,8,9,0,18.85,0
U706792,FR,android,zone_189,5.34,8,7,1,28.43,0
U706793,DE,android,zone_060,5.68,8,6,0,26.28,0
U706794,FR,android,zone_088,12.05,10,15,2,15.51,0
U706795,FR,web,zone_060,15.13,11,6,0,9.19,0
U706796,FR,android,zone_191,3.55,11,9,1,17.5,0
U706797,DE,android,zone_119,20.91,10,9,1,24.61,0
U706798,FR,ios,zone_192,12.86,8,7,0,12.9,0
U706799,FR,android,zone_168,17.19,10,9,0,10.3,0
U706800,DE,web,zone_134,19.26,13,7,0,22.96,0
U706801,DE,ios,zone_062,12.64,5,16,0,24.35,0
U706802,FR,ios,zone_093,3.9,9,5,0,35.67,0
U706803,FR,web,zone_183,5.71,13,9,1,24.36,0
U706804,FR,android,zone_089,13.65,9,7,0,25.52,0
U706805,DE,android,zone_133,18.12,4,10,0,31.88,0
U706806,FR,android,zone_023,16.15,9,13,0,0.0,0
U706807,FR,android,zone_094,29.99,10,10,1,14.51,0
U706808,FR,web,zone_136,9.52,11,10,0,18.09,0
U706809,ES,ios,zone_160,17.52,11,3,0,27.14,0
U706810,FR,android,zone_199,17.26,9,4,2,22.7,0
U706811,CH,android,zone_047,14.22,10,7,0,18.84,0
U706812,FR,android,zone_018,26.62,11,9,0,9.77,0
U706813,FR,android,zone_133,8.44,9,10,0,22.04,0
U706814,FR,web,zone_006,16.24,9,7,0,7.67,0
U706815,CH,android,zone_153,12.32,8,11,0,24.99,0
U706816,FR,ios,zone_190,15.52,13,11,2,19.32,0
U706817,ES,ios,zone_213,33.78,8,13,0,11.66,0
U706818,FR,web,zone_042,34.58,14,10,1,6.63,0
U706819,FR,android,zone_111,11.26,6,10,0,17.78,0
U706820,FR,android,zone_064,12.59,9,5,2,30.22,0
U706821,FR,android,zone_132,8.76,5,12,0,12.72,0
U706822,IT,ios,zone_125,6.32,10,11,1,12.26,0
U706823,BE,ios,zone_145,13.2,10,11,0,16.01,0
U706824,FR,android,zone_128,29.46,7,3,0,24.41,0
U706825,DE,android,zone_025,3.48,17,5,0,23.68,0
U706826,IT,android,zone_032,28.71,10,8,0,18.52,0
U706827,FR,android,zone_202,27.16,6,9,1,22.22,1
U706828,BE,android,zone_203,8.6,11,5,0,19.12,0
U706829,FR,web,zone_154,18.21,14,5,0,15.45,1
U706830,FR,web,zone_118,10.58,8,11,2,15.74,0
U706831,FR,android,zone_094,28.9,9,11,1,13.62,0
U706832,FR,android,zone_097,30.14,6,12,1,4.45,0
U706833,DE,android,zone_018,5.71,14,9,2,18.31,0
U706834,FR,ios,zone_214,8.65,13,6,1,15.75,0
U706835,DE,android,zone_103,15.43,7,5,2,12.82,0
U706836,FR,web,zone_172,13.67,12,7,0,20.12,0
U706837,DE,ios,zone_151,33.02,9,13,0,7.01,0
U706838,DE,android,zone_096,14.27,17,10,1,21.98,0
U706839,FR,android,zone_072,7.73,9,12,0,10.32,1
U706840,DE,ios,zone_143,16.06,12,9,1,11.17,0
U706841,FR,android,zone_132,17.42,9,9,0,24.29,0
U706842,FR,web,zone_010,7.81,7,10,0,25.31,0
U706843,BE,ios,zone_051,8.06,9,8,0,21.43,1
U706844,IT,web,zone_086,18.52,11,7,0,25.04,0
U706845,FR,android,zone_026,23.97,4,2,0,21.07,0
U706846,FR,web,zone_149,32.32,6,8,1,29.58,0
U706847,IT,web,zone_196,9.14,6,7,0,19.4,0
U706848,FR,android,zone_062,10.8,10,10,0,13.19,0
U706849,DE,android,zone_045,14.87,6,5,0,13.61,0
U706850,IT,android,zone_219,7.57,7,5,1,16.13,0
U706851,DE,android,zone_138,13.18,11,11,1,15.57,0
U706852,FR,ios,zone_174,9.41,9,11,1,22.86,0
U706853,FR,android,zone_142,23.92,10,8,0,16.23,0
U706854,IT,ios,zone_218,11.14,11,9,0,15.23,0
U706855,IT,android,zone_185,25.34,10,9,0,18.52,0
U706856,FR,web,zone_103,13.22,11,9,3,16.32,0
U706857,BE,ios,zone_083,5.88,13,5,2,19.39,0
U706858,FR,android,zone_131,5.14,4,7,1,30.17,0
U706859,BE,ios,zone_059,38.06,11,8,1,29.24,0
U706860,ES,android,zone_013,17.09,11,7,0,20.23,0
U706861,FR,android,zone_020,7.37,9,8,1,19.97,0
U706862,FR,web,zone_197,14.0,12,5,0,24.5,0
U706863,FR,ios,zone_173,21.71,8,11,0,7.74,0
U706864,IT,android,zone_038,8.91,11,6,3,7.79,0
U706865,FR,android,zone_202,7.51,12,10,1,18.5,0
U706866,FR,ios,zone_054,8.99,7,14,0,28.32,0
U706867,FR,android,zone_087,13.42,16,7,0,4.79,0
U706868,FR,ios,zone_095,12.11,9,10,0,33.12,0
U706869,IT,ios,zone_064,7.55,6,5,1,20.76,0
U706870,IT,android,zone_004,40.4,8,8,0,17.82,0
U706871,BE,ios,zone_058,10.37,9,9,0,8.1,0
U706872,FR,android,zone_132,21.02,8,6,1,14.49,0
U706873,FR,ios,zone_200,,8,8,2,25.55,0
U706874,FR,android,zone_094,16.62,11,12,1,22.96,0
U706875,ES,ios,zone_086,13.11,13,3,0,15.07,0
U706876,FR,android,zone_215,6.58,5,8,1,27.94,0
U706877,BE,ios,zone_160,4.11,9,7,0,27.58,0
U706878,DE,android,zone_195,11.76,12,7,1,23.71,0
U706879,FR,web,zone_136,16.96,13,10,0,20.52,0
U706880,FR,ios,zone_100,20.59,11,6,0,17.84,0
U706881,FR,android,zone_107,14.23,17,10,0,20.76,0
U706882,DE,android,zone_021,26.82,12,13,0,29.47,0
U706883,CH,android,zone_062,19.76,12,10,0,33.29,0
U706884,IT,android,zone_086,19.59,6,5,2,22.47,0
U706885,FR,android,zone_160,20.09,6,13,0,38.9,0
U706886,FR,web,zone_152,8.78,11,8,1,22.47,0
U706887,FR,web,zone_096,24.35,9,17,1,38.91,0
U706888,FR,web,zone_146,15.74,11,8,0,17.69,0
U706889,FR,ios,zone_029,7.44,14,8,0,30.34,0
U706890,FR,web,zone_033,5.23,8,13,1,20.63,0
U706891,CH,android,zone_098,27.46,7,8,1,25.16,0
U706892,FR,web,zone_043,19.29,13,6,1,22.34,0
U706893,IT,android,zone_197,6.47,12,11,1,10.48,0
U706894,FR,ios,zone_049,16.76,8,5,1,27.26,0
U706895,IT,android,zone_108,27.78,7,10,3,18.85,0
U706896,FR,ios,zone_144,7.14,8,14,1,27.59,0
U706897,FR,android,zone_185,3.25,7,8,0,8.86,0
U706898,ES,ios,zone_009,5.11,9,8,0,16.4,0
U706899,FR,android,zone_094,36.08,11,8,0,17.65,0
U706900,BE,android,zone_017,3.02,13,9,0,23.02,0
U706901,DE,web,zone_005,5.01,8,4,0,15.98,0
U706902,ES,android,zone_064,18.16,7,12,0,1.07,0
U706903,DE,web,zone_105,8.46,9,6,2,19.41,0
U706904,FR,web,zone_060,19.73,7,10,0,16.26,0
U706905,BE,web,zone_005,15.9,15,10,0,3.94,0
U706906,FR,android,zone_067,20.75,7,7,0,22.11,0
U706907,FR,android,zone_047,16.32,8,4,0,25.55,0
U706908,DE,android,zone_053,15.28,11,4,0,21.83,0
U706909,FR,ios,zone_040,3.75,11,5,3,20.14,0
U706910,FR,android,zone_175,0.79,10,4,2,22.12,0
U706911,IT,ios,zone_052,41.56,7,13,0,25.0,0
U706912,FR,ios,zone_165,9.4,11,8,0,31.69,0
U706913,IT,android,zone_052,,7,10,0,31.05,0
U706914,FR,android,zone_156,11.27,8,10,0,20.67,0
U706915,FR,web,zone_189,32.9,7,10,0,22.48,0
U706916,DE,android,zone_064,19.03,9,5,1,20.59,0
U706917,DE,android,zone_083,24.22,9,7,0,26.39,0
U706918,FR,ios,zone_044,8.19,12,14,0,12.11,1
U706919,FR,android,zone_174,31.59,10,6,1,18.93,0
U706920,FR,android,zone_001,7.71,13,6,0,16.94,0
U706921,CH,ios,zone_011,9.23,16,11,0,12.1,0
U706922,BE,android,zone_079,35.01,8,5,0,12.83,0
U706923,BE,ios,zone_022,10.23,14,9,0,8.36,0
U706924,CH,ios,zone_161,2.01,8,9,0,27.81,0
U706925,FR,android,zone_037,1.8,8,8,0,34.1,0
U706926,BE,ios,zone_202,5.0,9,4,1,33.3,0
U706927,FR,ios,zone_067,16.24,6,3,0,26.27,0
U706928,IT,ios,zone_044,4.18,8,4,0,20.91,0
U706929,CH,ios,zone_005,13.35,6,4,0,14.41,0
U706930,FR,ios,zone_022,9.68,8,6,3,20.56,0
U706931,IT,ios,zone_005,7.55,8,13,0,19.65,1
U706932,FR,web,zone_001,13.6,10,4,0,7.78,0
U706933,BE,android,zone_143,18.73,10,14,0,14.93,0
U706934,ES,ios,zone_197,11.94,13,9,0,21.52,0
U706935,BE,web,zone_217,6.16,6,4,0,5.55,0
U706936,DE,android,zone_196,22.11,4,5,0,20.14,0
U706937,FR,android,zone_130,9.99,9,6,0,2.69,0
U706938,DE,ios,zone_210,16.16,14,7,1,10.72,0
U706939,FR,android,zone_127,40.04,10,9,2,7.59,0
U706940,ES,android,zone_025,10.87,3,14,1,8.97,0
U706941,FR,ios,zone_010,18.39,6,9,0,2.98,0
U706942,FR,web,zone_128,7.38,7,9,0,25.69,0
U706943,BE,web,zone_155,10.39,7,6,1,28.26,0
U706944,BE,android,zone_216,18.32,13,6,2,3.16,0
U706945,FR,ios,zone_158,4.17,7,6,1,15.21,0
U706946,CH,android,zone_096,31.87,6,13,0,27.76,0
U706947,ES,ios,zone_090,15.65,10,5,1,17.52,0
U706948,FR,android,zone_042,22.11,5,12,0,26.62,0
U706949,ES,android,zone_172,6.15,9,12,0,23.7,0
U706950,DE,ios,zone_101,5.75,13,9,0,33.76,0
U706951,DE,android,zone_114,10.98,7,7,0,31.41,0
U706952,FR,ios,zone_138,14.76,7,5,0,18.81,0
U706953,IT,web,zone_007,,12,10,0,31.59,0
U706954,FR,ios,zone_185,22.59,8,9,1,24.26,0
U706955,ES,ios,zone_001,27.52,4,6,0,14.18,0
U706956,FR,ios,zone_148,10.63,7,9,0,19.37,0
U706957,DE,android,zone_016,8.45,9,6,1,12.68,0
U706958,FR,android,zone_171,14.7,5,8,1,32.81,0
U706959,IT,ios,zone_027,3.09,10,13,0,18.46,0
U706960,FR,ios,zone_199,7.43,7,9,1,10.06,0
U706961,FR,ios,zone_173,50.96,14,9,1,25.87,0
U706962,BE,ios,zone_030,23.84,11,10,1,25.01,0
U706963,FR,ios,zone_207,15.75,10,9,0,35.24,0
U706964,DE,web,zone_065,2.67,7,12,0,26.27,0
U706965,FR,ios,zone_015,26.58,6,4,0,14.3,0
U706966,BE,ios,zone_060,13.63,3,9,1,25.61,0
U706967,FR,ios,zone_149,28.18,6,6,1,20.15,0
U706968,FR,android,zone_112,12.76,11,9,0,14.56,0
U706969,BE,web,zone_129,11.27,10,7,0,25.84,0
U706970,FR,ios,zone_195,9.55,11,13,0,23.57,0
U706971,FR,android,zone_021,8.85,5,7,1,19.35,0
U706972,DE,ios,zone_187,10.78,11,3,1,17.49,0
U706973,BE,ios,zone_085,16.09,8,3,3,4.8,0
U706974,ES,android,zone_157,41.88,4,11,0,35.68,0
U706975,FR,web,zone_130,1.74,11,8,0,20.14,0
U706976,ES,web,zone_018,10.35,2,8,1,19.93,0
U706977,IT,android,zone_021,22.88,6,8,0,18.66,0
U706978,FR,android,zone_021,18.06,5,6,0,15.52,0
U706979,FR,android,zone_042,10.01,8,3,0,30.75,0
U706980,FR,android,zone_094,15.98,11,9,0,9.55,0
U706981,BE,android,zone_079,6.6,12,2,3,19.71,0
U706982,FR,android,zone_034,23.48,6,12,1,25.75,0
U706983,FR,ios,zone_003,17.84,11,6,2,30.87,0
U706984,DE,web,zone_059,12.38,9,8,0,23.07,0
U706985,FR,android,zone_144,23.24,10,1,0,16.69,0
U706986,FR,android,zone_053,21.54,10,7,1,26.32,0
U706987,ES,android,zone_063,0.32,11,13,1,20.78,0
U706988,FR,web,zone_088,27.72,5,11,0,15.32,0
U706989,FR,ios,zone_015,17.81,16,10,0,23.94,0
U706990,BE,android,zone_034,29.26,7,10,2,24.81,0
U706991,FR,ios,zone_021,23.09,6,7,0,15.2,0
U706992,FR,ios,zone_190,1.23,6,6,2,10.79,0
U706993,ES,web,zone_049,5.34,7,7,0,12.55,0
U706994,ES,android,zone_103,18.25,8,7,2,12.24,0
U706995,IT,android,zone_082,17.28,9,13,2,4.71,0
U706996,FR,ios,zone_100,31.17,10,11,0,10.54,0
U706997,FR,android,zone_136,17.38,7,8,0,29.01,0
U706998,FR,ios,zone_076,6.52,2,8,0,14.93,0
U706999,FR,android,zone_193,7.13,6,7,0,19.85,0
U707000,FR,android,zone_026,27.02,14,9,0,20.43,0
U707001,BE,ios,zone_208,18.34,5,11,0,14.99,0
U707002,ES,android,zone_118,16.88,11,14,1,25.01,0
U707003,IT,android,zone_151,8.27,7,7,2,22.33,0
U707004,FR,android,zone_068,16.68,9,13,1,15.65,0
U707005,FR,web,zone_131,17.87,4,8,1,30.56,0
U707006,FR,android,zone_069,7.63,7,9,1,18.75,0
U707007,DE,web,zone_006,5.87,11,12,0,11.45,0
U707008,FR,android,zone_081,28.43,10,11,0,36.27,0
U707009,FR,web,zone_003,24.06,13,7,3,27.67,0
U707010,FR,android,zone_149,14.57,9,9,0,17.26,0
U707011,ES,android,zone_031,10.93,8,5,0,31.46,0
U707012,ES,ios,zone_159,24.73,12,5,0,12.03,0
U707013,FR,web,zone_019,25.38,4,10,1,1.09,0
U707014,FR,android,zone_056,31.52,7,7,1,6.03,0
U707015,DE,ios,zone_102,9.43,14,5,1,21.71,0
U707016,ES,android,zone_134,4.14,10,13,1,17.12,0
U707017,FR,android,zone_101,9.28,8,8,0,21.67,0
U707018,FR,android,zone_150,8.03,10,6,0,24.01,0
U707019,FR,ios,zone_218,14.03,3,8,1,25.54,0
U707020,FR,ios,zone_087,15.5,10,7,1,19.76,0
U707021,DE,ios,zone_203,5.66,6,8,0,7.49,0
U707022,ES,android,zone_105,13.66,6,7,1,19.41,0
U707023,FR,android,zone_031,28.78,7,7,0,19.35,0
U707024,BE,web,zone_087,,2,5,1,23.97,0
U707025,FR,web,zone_203,9.36,8,9,0,31.67,0
U707026,FR,ios,zone_095,11.55,11,7,2,17.78,0
U707027,IT,ios,zone_185,19.62,6,10,0,15.45,0
U707028,ES,android,zone_071,18.66,5,6,2,34.82,0
U707029,FR,android,zone_159,5.29,9,8,0,33.0,0
U707030,FR,android,zone_114,2.14,8,8,0,26.88,0
U707031,DE,android,zone_106,,12,8,0,27.86,0
U707032,FR,web,zone_129,22.58,5,16,1,6.01,0
U707033,FR,android,zone_205,49.8,12,2,0,19.94,0
U707034,FR,ios,zone_175,8.7,12,7,0,8.34,0
U707035,IT,web,zone_042,8.93,4,12,1,17.52,0
U707036,FR,web,zone_144,13.5,9,7,0,24.55,0
U707037,FR,ios,zone_013,15.77,6,4,0,19.15,0
U707038,FR,android,zone_165,5.55,7,9,2,27.51,0
U707039,DE,ios,zone_170,8.58,6,6,0,20.53,0
U707040,ES,ios,zone_040,24.38,12,6,1,17.34,0
U707041,FR,android,zone_106,14.54,9,13,1,23.84,0
U707042,FR,ios,zone_071,9.09,10,4,0,27.82,0
U707043,CH,ios,zone_103,11.11,7,5,0,13.12,0
U707044,FR,ios,zone_102,7.03,11,9,1,37.22,0
U707045,FR,ios,zone_084,29.62,12,9,0,4.19,0
U707046,FR,ios,zone_007,11.5,8,7,1,9.59,0
U707047,FR,android,zone_219,2.66,10,11,1,20.69,1
U707048,FR,ios,zone_071,24.81,9,7,1,17.83,0
U707049,FR,android,zone_090,12.62,9,11,0,29.75,0
U707050,FR,ios,zone_057,18.07,15,3,1,17.0,0
U707051,CH,web,zone_049,16.41,10,6,1,24.56,1
U707052,FR,web,zone_140,11.51,12,9,1,20.63,0
U707053,DE,android,zone_096,9.91,7,8,0,12.77,0
U707054,FR,android,zone_075,9.19,13,9,0,26.1,0
U707055,FR,android,zone_130,13.32,12,6,0,15.78,0
U707056,BE,android,zone_089,6.63,6,12,2,14.84,0
U707057,ES,ios,zone_009,16.06,7,9,0,12.42,0
U707058,FR,android,zone_199,8.83,3,6,0,23.95,0
U707059,FR,web,zone_082,21.44,7,14,1,12.85,0
U707060,FR,ios,zone_155,8.88,11,4,1,8.81,0
U707061,BE,android,zone_074,24.04,7,6,0,33.24,0
U707062,FR,web,zone_006,17.69,12,8,0,11.69,0
U707063,FR,android,zone_127,21.54,5,8,1,17.66,0
U707064,IT,android,zone_081,15.61,10,5,0,8.46,0
U707065,FR,android,zone_132,15.28,10,12,0,27.47,0
U707066,FR,android,zone_111,4.91,8,9,0,24.76,0
U707067,BE,android,zone_088,11.45,8,8,0,7.09,0
U707068,FR,android,zone_157,12.22,10,11,0,1.62,0
U707069,FR,ios,zone_173,30.02,11,9,0,18.39,0
U707070,FR,android,zone_140,0.95,10,7,1,22.77,0
U707071,FR,ios,zone_153,18.22,5,12,1,20.47,0
U707072,FR,android,zone_082,16.31,6,6,0,22.07,0
U707073,ES,web,zone_208,14.91,10,9,0,13.96,0
U707074,CH,web,zone_180,4.07,13,7,1,7.74,0
U707075,DE,android,zone_154,9.16,11,21,1,5.71,0
U707076,FR,ios,zone_194,17.96,11,10,0,12.56,0
U707077,FR,android,zone_196,15.27,12,7,0,30.5,0
U707078,ES,android,zone_155,17.75,9,8,0,9.93,1
U707079,FR,web,zone_069,14.78,13,6,0,15.97,0
U707080,FR,ios,zone_013,16.81,10,3,1,24.95,0
U707081,FR,android,zone_204,15.05,3,4,0,35.74,0
U707082,FR,android,zone_189,23.09,6,9,1,25.11,1
U707083,FR,android,zone_160,14.86,11,8,1,16.09,0
U707084,IT,ios,zone_041,3.06,7,7,1,15.9,0
U707085,BE,web,zone_069,9.9,9,11,1,19.36,0
U707086,FR,android,zone_175,15.31,5,11,0,18.59,0
U707087,CH,ios,zone_129,27.27,8,10,0,23.93,0
U707088,FR,ios,zone_039,25.51,7,8,1,26.61,0
U707089,ES,android,zone_205,26.37,9,15,1,24.62,0
U707090,FR,ios,zone_176,7.76,10,7,1,26.09,0
U707091,BE,ios,zone_164,23.34,10,8,1,11.23,0
U707092,IT,web,zone_048,3.06,7,9,1,31.94,0
U707093,ES,ios,zone_146,14.08,10,6,0,15.9,0
U707094,FR,ios,zone_138,6.19,14,15,2,12.77,0
U707095,DE,ios,zone_184,22.46,8,5,0,13.73,0
U707096,FR,web,zone_146,6.52,13,5,1,5.47,0
U707097,FR,android,zone_055,24.8,11,11,0,31.23,0
U707098,FR,web,zone_147,8.87,9,8,1,18.37,0
U707099,IT,web,zone_219,25.75,6,6,0,22.8,0
U707100,FR,android,zone_194,11.45,9,12,1,26.85,0
U707101,BE,android,zone_002,26.41,11,5,0,15.77,0
U707102,CH,android,zone_026,11.24,3,4,1,26.66,0
U707103,FR,ios,zone_205,17.85,12,8,1,1.8,0
U707104,FR,android,zone_146,10.71,11,10,2,16.88,0
U707105,FR,ios,zone_109,12.5,19,14,1,11.62,0
U707106,FR,web,zone_147,,5,8,0,21.97,1
U707107,FR,web,zone_211,14.99,12,5,0,7.0,0
U707108,FR,android,zone_217,20.16,10,7,2,20.24,0
U707109,FR,android,zone_027,16.66,4,6,1,23.26,0
U707110,FR,ios,zone_011,9.58,9,14,1,9.46,0
U707111,FR,android,zone_196,18.04,12,8,1,2.59,0
U707112,FR,android,zone_022,23.7,5,9,0,16.6,0
U707113,BE,ios,zone_140,31.4,12,10,0,28.12,0
U707114,FR,android,zone_082,19.76,10,9,0,29.36,0
U707115,FR,ios,zone_207,16.01,9,8,0,23.29,1
U707116,ES,ios,zone_037,17.39,10,13,1,34.44,0
U707117,FR,android,zone_002,9.29,12,9,1,15.17,1
U707118,DE,web,zone_081,25.74,9,6,0,28.84,0
U707119,FR,web,zone_132,27.85,11,13,0,19.23,0
U707120,IT,android,zone_176,22.45,11,15,1,25.61,0
U707121,FR,android,zone_158,12.32,8,10,0,22.29,0
U707122,BE,ios,zone_190,,9,12,1,27.97,0
U707123,FR,ios,zone_154,11.77,10,11,1,8.15,0
U707124,FR,android,zone_021,5.6,11,10,0,22.63,0
U707125,DE,web,zone_208,7.67,10,9,2,28.87,0
U707126,FR,ios,zone_158,13.66,9,13,1,19.91,0
U707127,BE,web,zone_039,25.07,11,5,0,37.7,0
U707128,ES,android,zone_166,18.14,12,5,2,13.05,0
U707129,FR,ios,zone_113,10.84,8,8,0,2.41,0
U707130,FR,android,zone_010,13.23,8,8,2,9.0,0
U707131,FR,android,zone_151,15.96,7,5,0,16.22,0
U707132,FR,ios,zone_219,22.64,9,12,0,20.37,0
U707133,IT,web,zone_097,21.5,17,15,0,15.94,0
U707134,FR,web,zone_136,13.69,13,6,1,15.64,0
U707135,ES,web,zone_065,21.09,12,8,0,19.75,0
U707136,FR,android,zone_130,11.42,6,6,0,24.53,0
U707137,FR,android,zone_105,6.31,17,8,0,11.46,0
U707138,FR,android,zone_006,39.78,9,4,1,16.5,0
U707139,DE,android,zone_129,21.22,8,12,0,27.08,0
U707140,FR,android,zone_130,8.29,10,5,1,5.91,1
U707141,BE,android,zone_181,16.37,9,9,1,16.49,0
U707142,DE,ios,zone_038,24.12,11,8,0,18.02,0
U707143,IT,ios,zone_071,26.75,4,9,0,15.59,0
U707144,BE,android,zone_193,13.41,7,9,1,10.4,0
U707145,FR,android,zone_099,23.99,8,6,2,0.38,0
U707146,IT,android,zone_170,14.67,10,11,0,17.12,0
U707147,DE,web,zone_043,3.65,5,13,0,20.59,0
U707148,FR,android,zone_170,19.25,11,6,1,22.52,0
U707149,BE,ios,zone_133,19.7,7,6,1,10.0,0
U707150,FR,ios,zone_044,7.64,8,8,1,25.11,0
U707151,FR,android,zone_126,7.17,8,5,0,29.05,0
U707152,BE,android,zone_185,20.35,8,13,1,29.92,0
U707153,FR,ios,zone_128,30.06,7,5,0,23.61,0
U707154,FR,ios,zone_092,4.59,7,11,0,22.43,0
U707155,FR,web,zone_030,16.96,14,11,0,32.4,0
U707156,FR,ios,zone_111,5.59,10,6,0,28.25,0
U707157,CH,web,zone_122,21.69,8,7,1,12.56,0
U707158,ES,ios,zone_102,29.77,12,11,0,15.59,0
U707159,FR,android,zone_169,15.82,12,11,0,17.95,0
U707160,FR,android,zone_180,15.52,6,2,4,10.24,0
U707161,CH,ios,zone_046,15.62,4,5,1,9.52,0
U707162,FR,android,zone_047,5.09,10,7,0,18.84,0
U707163,IT,android,zone_044,3.69,5,4,0,20.72,0
U707164,DE,web,zone_146,4.09,13,9,1,17.61,0
U707165,FR,android,zone_162,17.04,11,3,0,16.83,0
U707166,FR,android,zone_049,2.35,11,6,0,8.66,0
U707167,FR,ios,zone_189,19.94,8,3,1,14.29,0
U707168,FR,ios,zone_219,9.81,8,8,1,17.6,0
U707169,FR,android,zone_173,11.2,6,15,0,17.67,0
U707170,FR,ios,zone_197,3.45,5,10,0,8.75,0
U707171,FR,android,zone_078,19.48,11,7,1,21.32,0
U707172,FR,ios,zone_053,16.02,7,6,1,3.41,1
U707173,FR,ios,zone_094,4.39,7,11,1,8.61,0
U707174,IT,android,zone_116,8.87,10,10,1,27.51,0
U707175,FR,android,zone_114,,5,6,0,10.72,0
U707176,DE,android,zone_058,1.96,4,11,1,6.02,0
U707177,FR,ios,zone_092,13.81,8,4,0,17.7,0
U707178,ES,android,zone_000,8.2,15,10,0,21.41,0
U707179,DE,ios,zone_004,17.89,7,9,0,12.25,1
U707180,FR,android,zone_152,12.87,8,6,0,25.76,0
U707181,FR,android,zone_072,11.73,10,9,0,16.32,0
U707182,IT,android,zone_011,15.07,6,8,0,16.17,1
U707183,FR,ios,zone_176,19.55,9,13,1,30.09,0
U707184,FR,ios,zone_104,7.63,10,5,0,20.39,0
U707185,FR,ios,zone_056,5.61,9,5,1,6.54,0
U707186,FR,android,zone_215,13.02,10,6,0,37.69,0
U707187,FR,ios,zone_172,13.31,8,8,0,22.6,0
U707188,FR,android,zone_191,13.61,11,8,0,13.76,0
U707189,DE,ios,zone_186,5.07,8,7,1,27.9,0
U707190,FR,web,zone_051,25.73,10,8,1,10.28,0
U707191,IT,ios,zone_152,7.72,13,8,0,10.64,0
U707192,FR,ios,zone_198,4.48,12,4,1,24.09,0
U707193,DE,ios,zone_125,12.11,13,12,1,4.88,0
U707194,DE,android,zone_015,5.1,9,8,0,27.89,0
U707195,FR,ios,zone_124,21.59,16,8,0,16.24,0
U707196,DE,web,zone_054,11.93,11,10,0,24.3,0
U707197,FR,android,zone_080,22.7,11,9,1,25.51,0
U707198,DE,android,zone_143,29.83,9,4,1,34.31,0
U707199,DE,ios,zone_116,7.04,16,7,1,18.67,0
U707200,BE,web,zone_072,17.55,5,6,1,33.68,0
U707201,BE,web,zone_064,17.97,5,4,2,21.44,0
U707202,ES,ios,zone_208,14.06,8,8,2,27.91,0
U707203,IT,android,zone_148,6.95,11,12,0,19.27,0
U707204,FR,ios,zone_114,5.12,15,8,0,24.23,0
U707205,FR,android,zone_112,6.96,8,9,0,23.76,0
U707206,FR,ios,zone_016,25.83,5,7,0,21.23,0
U707207,FR,ios,zone_153,19.68,5,7,1,1.76,0
U707208,FR,android,zone_073,13.26,10,2,0,22.52,0
U707209,CH,ios,zone_172,16.15,5,8,1,19.81,0
U707210,FR,android,zone_056,28.96,10,8,0,14.25,0
U707211,ES,android,zone_136,10.97,6,6,0,10.29,0
U707212,IT,android,zone_170,11.3,5,13,1,28.64,0
U707213,FR,web,zone_034,12.61,15,6,0,13.22,0
U707214,FR,ios,zone_145,12.55,9,9,0,16.18,0
U707215,DE,android,zone_116,23.99,8,5,1,10.48,0
U707216,IT,ios,zone_035,2.8,11,11,0,31.13,0
U707217,ES,android,zone_159,4.75,9,5,0,21.04,0
U707218,FR,android,zone_137,12.77,9,7,1,16.35,0
U707219,FR,android,zone_119,18.6,13,11,0,14.64,0
U707220,DE,android,zone_024,22.88,7,10,2,21.28,0
U707221,BE,web,zone_001,6.7,4,7,0,18.6,0
U707222,FR,android,zone_052,31.49,12,10,2,10.87,0
U707223,FR,android,zone_082,12.69,9,10,2,26.89,0
U707224,FR,android,zone_026,9.92,8,11,0,3.84,0
U707225,ES,android,zone_158,7.45,13,10,0,11.12,0
U707226,FR,web,zone_055,18.98,7,5,0,23.72,0
U707227,FR,web,zone_022,,6,11,1,28.82,1
U707228,ES,web,zone_010,9.78,8,9,0,6.47,0
U707229,ES,web,zone_128,28.61,5,6,1,23.05,0
U707230,FR,ios,zone_140,2.49,13,6,0,18.67,0
U707231,CH,ios,zone_031,13.18,7,10,1,26.25,0
U707232,FR,ios,zone_114,16.23,8,7,2,17.24,0
U707233,DE,android,zone_155,11.91,8,1,1,16.83,0
U707234,FR,android,zone_141,36.96,7,10,0,25.29,0
U707235,FR,ios,zone_122,7.15,6,11,0,34.11,0
U707236,FR,android,zone_083,20.81,14,12,0,15.63,0
U707237,FR,ios,zone_208,7.44,7,10,2,19.33,0
U707238,ES,android,zone_012,8.29,9,13,0,21.49,0
U707239,ES,ios,zone_001,29.71,12,5,1,32.81,0
U707240,FR,android,zone_180,15.65,14,9,0,18.88,0
U707241,FR,web,zone_074,13.57,16,7,1,22.49,0
U707242,FR,android,zone_084,8.09,8,7,0,22.01,0
U707243,BE,android,zone_083,1.53,10,7,2,24.37,0
U707244,FR,android,zone_194,14.51,8,6,0,9.3,0
U707245,DE,web,zone_128,4.75,11,7,2,24.17,0
U707246,BE,web,zone_083,22.1,8,7,1,11.79,0
U707247,IT,ios,zone_208,3.71,4,9,0,6.66,0
U707248,FR,ios,zone_138,37.97,11,4,1,21.35,0
U707249,FR,android,zone_168,19.13,14,14,0,21.74,0
U707250,FR,android,zone_208,16.52,13,9,0,24.96,0
U707251,IT,ios,zone_174,13.25,7,5,0,24.61,0
U707252,CH,web,zone_194,21.44,12,9,0,21.95,0
U707253,FR,android,zone_050,8.32,9,7,2,26.84,0
U707254,DE,ios,zone_112,13.98,10,8,2,22.99,0
U707255,BE,android,zone_042,16.5,8,9,0,27.96,0
U707256,FR,android,zone_007,8.59,12,7,0,28.81,0
U707257,FR,ios,zone_089,7.71,10,14,1,28.5,0
U707258,ES,android,zone_051,26.36,11,12,1,21.88,0
U707259,BE,android,zone_066,34.33,12,9,0,17.76,0
U707260,FR,ios,zone_175,22.79,9,5,0,30.22,0
U707261,FR,android,zone_165,6.54,5,10,0,20.5,0
U707262,FR,android,zone_074,31.79,17,6,1,30.55,0
U707263,CH,android,zone_101,16.35,8,2,0,12.66,1
U707264,FR,android,zone_137,6.27,11,13,1,19.78,0
U707265,FR,android,zone_167,,15,4,0,27.89,0
U707266,ES,android,zone_180,,8,12,2,16.13,0
U707267,IT,ios,zone_024,,6,13,0,16.88,0
U707268,FR,android,zone_198,42.17,11,15,1,11.6,1
U707269,DE,android,zone_196,14.15,9,8,0,19.43,0
U707270,FR,android,zone_125,22.38,15,5,1,28.37,0
U707271,FR,web,zone_112,22.93,9,6,0,18.34,0
U707272,FR,android,zone_192,43.43,12,6,0,13.75,0
U707273,IT,ios,zone_218,10.96,5,3,0,26.7,0
U707274,FR,android,zone_049,14.87,8,4,0,5.53,0
U707275,IT,android,zone_106,9.24,9,9,1,25.07,0
U707276,ES,android,zone_065,9.53,7,14,0,19.9,0
U707277,DE,android,zone_052,16.79,12,9,0,14.59,0
U707278,FR,android,zone_038,7.83,14,12,0,21.68,0
U707279,FR,android,zone_036,6.24,5,12,0,13.85,0
U707280,DE,android,zone_123,16.09,8,8,2,22.98,0
U707281,IT,ios,zone_139,7.84,10,8,0,19.24,0
U707282,FR,ios,zone_116,31.28,9,5,2,20.28,0
U707283,FR,android,zone_175,6.37,4,9,2,25.25,0
U707284,FR,web,zone_104,9.82,10,7,0,10.26,0
U707285,ES,web,zone_202,7.49,9,8,2,18.95,0
U707286,ES,android,zone_070,12.56,8,6,0,28.21,1
U707287,ES,android,zone_037,8.25,16,4,0,23.23,0
U707288,FR,android,zone_093,18.19,11,7,3,20.64,0
U707289,FR,android,zone_041,4.78,5,6,0,21.03,0
U707290,ES,web,zone_170,19.52,7,6,0,18.57,0
U707291,FR,android,zone_098,27.2,4,9,0,19.82,0
U707292,FR,ios,zone_031,10.99,8,5,1,14.81,0
U707293,FR,android,zone_052,5.51,11,7,0,13.75,0
U707294,FR,ios,zone_049,3.03,10,6,0,19.5,0
U707295,CH,android,zone_177,2.97,9,7,0,14.07,0
U707296,DE,web,zone_065,14.91,12,9,0,24.45,0
U707297,BE,web,zone_071,5.62,7,7,0,25.51,0
U707298,ES,android,zone_178,16.18,9,6,2,25.97,0
U707299,IT,ios,zone_091,11.03,7,5,0,26.01,0
U707300,FR,web,zone_045,2.68,6,5,0,20.35,0
U707301,CH,android,zone_002,12.7,12,8,0,31.73,0
U707302,BE,web,zone_038,7.72,9,6,0,15.77,0
U707303,FR,ios,zone_010,1.8,11,3,0,11.75,0
U707304,FR,android,zone_158,2.89,8,9,0,23.0,0
U707305,FR,android,zone_127,32.42,10,10,1,30.89,0
U707306,FR,ios,zone_149,18.06,10,6,0,25.47,0
U707307,FR,web,zone_188,11.37,4,11,0,13.24,0
U707308,DE,ios,zone_114,19.35,9,13,1,13.09,0
U707309,FR,ios,zone_098,48.83,8,5,0,23.42,0
U707310,FR,web,zone_193,17.38,13,10,0,15.66,0
U707311,FR,android,zone_195,8.98,11,11,1,16.4,0
U707312,FR,ios,zone_109,11.32,8,8,0,41.65,0
U707313,FR,android,zone_009,24.6,7,10,0,26.33,0
U707314,ES,ios,zone_153,21.61,8,7,1,17.66,0
U707315,FR,ios,zone_196,16.42,13,5,0,21.98,0
U707316,BE,android,zone_065,29.88,8,3,0,22.17,0
U707317,FR,android,zone_128,13.51,7,9,0,23.58,0
U707318,BE,android,zone_094,13.91,10,9,0,35.78,0
U707319,ES,web,zone_074,39.39,7,7,0,29.54,0
U707320,FR,web,zone_025,24.33,4,12,0,41.61,1
U707321,ES,web,zone_022,12.45,5,6,0,23.57,0
U707322,DE,web,zone_059,15.27,8,9,0,11.57,0
U707323,ES,android,zone_052,16.67,7,8,1,3.0,0
U707324,FR,android,zone_194,16.31,8,6,1,14.09,0
U707325,FR,ios,zone_182,24.47,11,9,1,12.94,0
U707326,IT,android,zone_029,35.12,11,7,0,29.01,0
U707327,FR,android,zone_216,5.54,6,11,0,30.67,0
U707328,BE,web,zone_196,7.98,9,7,0,17.59,0
U707329,DE,ios,zone_015,0.78,11,9,0,16.18,0
U707330,FR,android,zone_080,2.62,6,7,0,13.75,0
U707331,FR,web,zone_034,5.31,4,4,3,26.63,0
U707332,FR,android,zone_156,32.07,7,8,0,15.04,0
U707333,IT,web,zone_081,24.74,9,11,0,24.7,0
U707334,CH,web,zone_043,22.68,11,4,0,17.69,0
U707335,DE,android,zone_215,30.23,12,3,1,24.38,0
U707336,BE,android,zone_071,19.14,8,9,1,16.89,0
U707337,ES,ios,zone_028,7.2,11,7,0,2.67,0
U707338,ES,ios,zone_067,45.68,11,11,0,26.03,0
U707339,FR,ios,zone_206,13.28,17,7,0,16.19,0
U707340,FR,ios,zone_035,8.92,6,6,0,19.76,0
U707341,FR,android,zone_066,18.98,14,6,0,21.76,0
U707342,FR,web,zone_046,36.22,7,12,1,32.7,0
U707343,FR,android,zone_103,1.58,8,7,0,29.87,1
U707344,DE,android,zone_047,14.46,9,1,0,13.53,0
U707345,FR,web,zone_065,10.45,12,10,0,17.57,0
U707346,FR,web,zone_172,3.19,9,11,0,18.31,0
U707347,IT,web,zone_156,2.65,8,7,3,9.16,0
U707348,FR,ios,zone_187,22.53,13,11,1,18.0,0
U707349,IT,android,zone_016,2.92,9,9,1,14.55,0
U707350,FR,android,zone_165,0.65,13,8,0,10.2,1
U707351,FR,ios,zone_185,,11,13,1,16.04,0
U707352,DE,android,zone_151,16.02,7,5,0,10.8,0
U707353,FR,ios,zone_108,8.28,10,4,0,23.88,0
U707354,FR,android,zone_191,5.93,11,8,1,17.12,0
U707355,FR,android,zone_026,7.42,7,6,0,23.01,0
U707356,IT,ios,zone_119,6.02,10,6,0,21.54,0
U707357,FR,android,zone_057,33.36,7,8,0,34.69,0
U707358,FR,android,zone_098,15.16,8,5,0,6.07,0
U707359,FR,ios,zone_023,7.55,8,14,1,16.24,0
U707360,IT,android,zone_050,26.27,11,6,0,31.27,0
U707361,FR,android,zone_124,8.15,10,7,0,4.66,0
U707362,FR,android,zone_098,19.18,9,9,0,20.41,0
U707363,ES,web,zone_204,17.57,9,6,1,13.08,0
U707364,FR,android,zone_181,0.94,12,10,1,22.17,0
U707365,FR,ios,zone_054,21.3,10,7,0,26.12,0
U707366,DE,ios,zone_213,9.5,11,5,0,28.86,0
U707367,FR,android,zone_204,13.19,7,10,0,21.84,0
U707368,CH,ios,zone_014,8.41,9,6,2,15.57,0
U707369,FR,android,zone_055,15.58,6,11,3,0.0,1
U707370,ES,android,zone_165,10.43,11,11,1,20.67,0
U707371,BE,ios,zone_035,1.41,6,4,0,20.02,0
U707372,BE,ios,zone_158,11.88,6,7,0,30.34,0
U707373,ES,ios,zone_189,16.51,9,4,0,22.18,0
U707374,FR,android,zone_119,9.09,9,9,2,21.84,0
U707375,FR,android,zone_119,30.97,11,7,1,21.76,1
U707376,FR,android,zone_135,8.63,10,5,1,22.17,0
U707377,FR,web,zone_076,16.79,4,11,0,24.68,0
U707378,DE,web,zone_143,5.55,6,5,2,13.16,0
U707379,DE,android,zone_153,9.31,9,8,0,7.65,0
U707380,FR,android,zone_050,13.38,15,12,0,21.3,0
U707381,BE,android,zone_100,24.76,13,4,1,17.23,0
U707382,FR,ios,zone_088,19.06,12,13,1,18.62,0
U707383,FR,android,zone_014,6.31,6,6,0,37.13,0
U707384,FR,web,zone_105,7.41,5,7,0,32.68,0
U707385,FR,ios,zone_146,8.69,17,4,2,9.91,0
U707386,DE,ios,zone_115,20.74,6,11,1,22.85,0
U707387,BE,ios,zone_149,5.52,6,6,1,11.64,0
U707388,IT,android,zone_080,19.89,9,9,0,16.95,0
U707389,FR,android,zone_109,40.09,9,9,1,27.36,0
U707390,ES,ios,zone_009,13.81,11,10,1,19.99,0
U707391,FR,android,zone_122,8.43,8,12,1,24.22,0
U707392,FR,android,zone_121,36.08,11,10,1,9.02,0
U707393,BE,android,zone_005,5.23,12,10,1,21.6,0
U707394,BE,android,zone_075,12.61,6,15,1,12.48,0
U707395,FR,android,zone_060,14.88,9,7,0,16.08,0
U707396,IT,android,zone_211,11.04,13,11,0,18.64,1
U707397,FR,web,zone_042,5.92,10,4,2,29.5,1
U707398,IT,android,zone_186,8.5,7,10,0,25.89,0
U707399,FR,android,zone_179,34.84,4,10,1,12.4,0
U707400,DE,ios,zone_041,12.17,11,9,0,24.91,0
U707401,FR,web,zone_041,,13,6,0,30.92,0
U707402,BE,android,zone_172,13.39,9,13,0,13.21,0
U707403,CH,android,zone_167,6.47,9,8,1,33.22,0
U707404,IT,ios,zone_131,6.03,13,10,0,23.01,1
U707405,FR,android,zone_126,8.63,11,14,0,25.05,0
U707406,FR,ios,zone_127,8.72,6,4,1,17.03,0
U707407,DE,android,zone_085,23.64,12,6,1,4.72,0
U707408,FR,ios,zone_124,17.63,10,12,0,30.24,0
U707409,ES,android,zone_163,12.94,7,7,2,28.16,0
U707410,FR,android,zone_214,19.7,6,8,0,9.08,0
U707411,FR,android,zone_098,3.25,5,2,0,12.2,0
U707412,ES,ios,zone_092,26.49,7,13,2,22.71,0
U707413,FR,android,zone_161,2.85,8,10,0,17.23,0
U707414,FR,web,zone_195,9.57,12,9,0,24.47,0
U707415,FR,android,zone_181,4.14,11,7,1,15.85,0
U707416,BE,android,zone_178,11.76,5,10,1,20.94,0
U707417,FR,android,zone_060,1.54,13,5,0,22.27,0
U707418,FR,android,zone_010,5.63,9,4,0,11.23,0
U707419,DE,web,zone_181,17.78,13,8,1,22.9,0
U707420,FR,android,zone_095,10.82,9,5,2,10.59,0
U707421,FR,ios,zone_107,5.32,8,7,0,22.82,0
U707422,BE,ios,zone_148,0.8,4,11,1,9.21,0
U707423,FR,ios,zone_158,18.39,12,10,1,16.63,0
U707424,ES,ios,zone_214,,9,7,0,24.12,0
U707425,DE,android,zone_211,13.57,11,6,0,16.46,0
U707426,IT,android,zone_187,,11,10,2,33.01,0
U707427,DE,ios,zone_043,,7,7,0,30.59,0
U707428,ES,android,zone_151,6.56,10,4,0,22.43,0
U707429,FR,web,zone_151,39.79,9,8,0,41.16,0
U707430,FR,ios,zone_108,5.95,10,10,0,13.94,0
U707431,FR,ios,zone_212,8.89,9,8,1,17.74,0
U707432,ES,ios,zone_182,10.91,12,10,1,31.8,0
U707433,FR,ios,zone_021,41.54,9,8,0,13.38,0
U707434,IT,ios,zone_085,15.8,8,4,1,14.58,0
U707435,BE,ios,zone_088,6.06,7,11,0,16.21,0
U707436,FR,android,zone_045,13.59,14,8,0,19.37,0
U707437,ES,ios,zone_046,7.64,4,11,0,17.05,0
U707438,FR,web,zone_189,3.86,15,5,1,25.08,0
U707439,FR,ios,zone_151,,6,9,1,21.84,0
U707440,FR,android,zone_119,13.77,4,10,0,12.84,0
U707441,BE,android,zone_007,2.66,8,9,1,26.42,0
U707442,ES,ios,zone_199,11.88,9,12,1,24.31,0
U707443,FR,ios,zone_210,10.88,10,6,0,23.62,0
U707444,FR,android,zone_130,17.05,7,11,1,15.94,0
U707445,BE,android,zone_042,,10,6,1,24.93,0
U707446,FR,web,zone_183,7.92,6,7,2,21.92,0
U707447,FR,ios,zone_166,10.26,10,8,1,14.84,0
U707448,BE,android,zone_032,4.14,7,5,0,24.67,0
U707449,FR,android,zone_214,6.62,14,13,1,24.09,0
U707450,IT,web,zone_199,21.34,10,8,0,23.07,0
U707451,DE,android,zone_088,5.67,10,8,1,29.69,0
U707452,BE,android,zone_098,8.45,9,6,1,15.09,0
U707453,FR,web,zone_131,2.9,12,7,1,36.84,0
U707454,FR,ios,zone_176,14.57,9,9,0,14.42,0
U707455,FR,android,zone_188,11.59,8,5,1,20.52,0
U707456,ES,ios,zone_191,23.39,14,6,1,11.18,0
U707457,FR,web,zone_048,6.83,11,8,0,15.0,0
U707458,IT,web,zone_080,7.27,6,8,1,0.0,0
U707459,FR,android,zone_149,14.05,5,4,0,21.85,0
U707460,FR,web,zone_206,,12,6,0,20.42,0
U707461,BE,web,zone_199,16.91,8,4,1,20.91,0
U707462,FR,ios,zone_021,13.59,12,9,0,20.94,0
U707463,FR,android,zone_032,12.76,8,10,0,26.71,0
U707464,DE,ios,zone_159,13.14,6,12,0,22.36,0
U707465,FR,ios,zone_128,4.13,9,4,1,14.45,0
U707466,BE,android,zone_003,1.43,7,15,2,4.89,0
U707467,DE,ios,zone_199,,7,8,0,17.53,1
U707468,FR,android,zone_051,11.62,13,13,0,22.07,0
U707469,ES,ios,zone_219,21.41,6,8,0,12.01,0
U707470,FR,android,zone_065,14.11,12,1,1,28.48,0
U707471,FR,ios,zone_122,6.33,6,5,1,11.9,0
U707472,FR,android,zone_101,18.25,5,6,0,35.29,0
U707473,FR,ios,zone_108,7.7,6,7,1,10.7,0
U707474,ES,android,zone_115,,10,8,0,24.07,0
U707475,BE,ios,zone_049,,7,9,0,18.99,0
U707476,FR,ios,zone_129,,7,7,0,30.02,0
U707477,BE,ios,zone_084,36.51,4,12,0,24.69,0
U707478,CH,ios,zone_084,7.78,9,7,0,28.32,0
U707479,BE,android,zone_163,10.41,6,12,0,20.19,0
U707480,FR,android,zone_109,9.34,17,7,0,11.76,1
U707481,FR,android,zone_128,9.59,9,8,1,23.24,0
U707482,FR,ios,zone_101,11.48,15,9,1,23.75,0
U707483,FR,web,zone_184,4.92,10,14,0,24.7,0
U707484,FR,ios,zone_047,14.03,6,12,2,25.2,0
U707485,BE,ios,zone_083,13.68,8,3,1,16.45,0
U707486,FR,ios,zone_099,7.71,13,4,1,36.41,0
U707487,FR,android,zone_143,33.2,10,10,0,24.03,0
U707488,ES,web,zone_097,25.15,10,12,1,22.37,0
U707489,ES,android,zone_043,8.96,7,8,1,22.08,0
U707490,DE,ios,zone_219,4.98,11,13,2,6.76,0
U707491,DE,android,zone_018,9.23,7,13,0,6.62,0
U707492,FR,ios,zone_144,13.71,9,4,1,12.4,0
U707493,FR,android,zone_027,17.37,10,1,0,15.72,0
U707494,FR,android,zone_093,2.59,8,3,1,20.63,0
U707495,DE,android,zone_173,21.61,6,9,0,20.3,0
U707496,FR,ios,zone_037,32.17,10,4,1,16.72,0
U707497,ES,ios,zone_217,5.94,8,9,1,14.2,0
U707498,DE,ios,zone_171,16.46,8,9,0,5.74,0
U707499,BE,android,zone_218,17.61,10,11,0,33.79,0
U707500,FR,ios,zone_059,15.23,7,8,0,28.7,0
U707501,BE,web,zone_182,13.27,7,8,0,17.54,0
U707502,FR,ios,zone_090,11.5,15,9,2,26.42,0
U707503,FR,ios,zone_198,11.26,5,4,0,18.77,0
U707504,FR,android,zone_060,20.3,6,7,0,14.12,0
U707505,FR,android,zone_149,38.86,15,1,0,14.63,0
U707506,FR,android,zone_025,10.05,10,11,0,19.37,0
U707507,FR,android,zone_099,12.38,4,13,0,24.12,0
U707508,FR,android,zone_081,19.44,6,7,0,11.88,0
U707509,DE,ios,zone_188,5.42,9,13,1,30.76,0
U707510,DE,ios,zone_137,8.69,7,5,2,23.46,0
U707511,FR,web,zone_025,17.35,6,5,0,0.0,0
U707512,DE,android,zone_213,10.72,7,9,2,6.99,0
U707513,IT,android,zone_037,11.54,9,5,1,8.22,0
U707514,FR,android,zone_016,25.94,8,8,1,25.01,0
U707515,FR,android,zone_094,7.71,8,5,0,18.29,0
U707516,BE,android,zone_195,11.19,6,12,3,12.82,0
U707517,FR,android,zone_149,5.19,15,8,2,17.97,0
U707518,IT,ios,zone_203,11.52,8,10,2,30.95,0
U707519,ES,android,zone_162,,10,12,0,23.1,0
U707520,FR,android,zone_210,7.13,12,9,1,8.18,0
U707521,FR,android,zone_131,16.32,11,9,0,16.21,0
U707522,FR,android,zone_186,8.3,9,7,2,33.71,0
U707523,BE,ios,zone_126,19.73,13,6,2,15.46,0
U707524,ES,web,zone_021,10.35,12,6,2,22.47,0
U707525,FR,ios,zone_094,5.97,8,18,1,10.86,0
U707526,FR,android,zone_048,30.68,6,11,0,16.26,0
U707527,FR,android,zone_099,9.7,5,4,2,10.12,0
U707528,FR,android,zone_109,14.71,6,7,1,10.76,0
U707529,FR,ios,zone_058,3.27,12,9,0,19.66,0
U707530,FR,ios,zone_083,16.52,3,10,1,16.81,0
U707531,FR,ios,zone_161,15.24,12,5,0,15.43,1
U707532,IT,ios,zone_018,13.58,10,9,1,25.68,0
U707533,BE,android,zone_012,33.96,8,7,0,18.76,0
U707534,FR,web,zone_073,2.97,8,11,0,8.37,0
U707535,ES,android,zone_219,15.0,8,9,1,22.02,0
U707536,FR,android,zone_173,14.54,6,12,1,15.46,0
U707537,BE,android,zone_072,35.06,13,7,0,27.79,0
U707538,DE,ios,zone_189,11.24,11,4,1,13.13,0
U707539,BE,web,zone_104,11.99,6,7,0,3.04,0
U707540,FR,android,zone_128,17.86,9,10,1,2.86,0
U707541,IT,ios,zone_114,10.23,7,7,3,20.17,0
U707542,BE,web,zone_001,12.73,4,6,0,17.55,0
U707543,DE,web,zone_060,,13,5,0,32.57,0
U707544,FR,android,zone_023,5.47,13,7,0,14.98,0
U707545,FR,android,zone_128,7.71,10,10,1,17.23,0
U707546,FR,android,zone_089,14.29,8,8,1,23.07,0
U707547,FR,android,zone_207,12.98,10,6,0,10.84,0
U707548,BE,ios,zone_063,4.26,4,7,1,25.1,0
U707549,CH,ios,zone_049,4.81,10,7,0,31.04,0
U707550,FR,ios,zone_023,15.75,7,7,1,25.66,0
U707551,FR,ios,zone_218,18.26,5,9,2,17.16,1
U707552,ES,android,zone_003,2.43,12,5,0,13.53,0
U707553,IT,android,zone_107,7.16,11,8,2,32.88,0
U707554,FR,web,zone_131,7.12,7,12,0,20.95,0
U707555,IT,android,zone_000,27.64,13,10,1,31.82,0
U707556,FR,android,zone_059,21.97,12,3,1,20.59,1
U707557,FR,ios,zone_045,31.14,10,8,1,16.82,0
U707558,BE,ios,zone_097,8.41,7,9,1,13.81,0
U707559,FR,ios,zone_117,24.09,6,7,1,15.87,0
U707560,IT,ios,zone_099,5.46,11,6,0,14.55,0
U707561,DE,ios,zone_063,13.44,5,10,0,16.3,0
U707562,IT,android,zone_069,3.89,8,14,0,10.15,0
U707563,FR,android,zone_139,18.89,7,5,0,1.02,0
U707564,FR,android,zone_014,,12,7,0,22.11,0
U707565,DE,web,zone_183,6.15,10,11,1,22.95,0
U707566,DE,android,zone_002,27.89,6,5,1,10.25,0
U707567,ES,ios,zone_041,14.17,9,8,0,16.59,0
U707568,FR,ios,zone_211,3.51,7,11,2,12.94,0
U707569,FR,android,zone_213,12.27,4,9,0,24.17,0
U707570,FR,web,zone_090,0.47,8,9,0,22.79,0
U707571,FR,ios,zone_065,23.48,10,8,0,9.73,0
U707572,FR,android,zone_136,16.08,10,2,0,23.42,0
U707573,IT,ios,zone_192,26.8,7,6,0,18.46,0
U707574,FR,android,zone_219,14.66,12,16,1,18.11,0
U707575,FR,ios,zone_106,20.5,11,9,1,26.26,0
U707576,CH,ios,zone_017,11.35,6,10,1,28.15,0
U707577,IT,ios,zone_049,5.86,9,10,0,18.81,0
U707578,FR,android,zone_094,13.13,8,7,0,3.81,0
U707579,CH,web,zone_050,11.35,9,9,0,35.15,0
U707580,FR,android,zone_091,17.0,10,6,0,13.39,0
U707581,FR,web,zone_025,17.74,8,4,0,22.94,0
U707582,FR,android,zone_024,15.5,7,10,0,18.15,0
U707583,DE,android,zone_192,12.06,17,6,0,19.61,0
U707584,DE,ios,zone_164,14.19,8,7,1,13.19,0
U707585,CH,android,zone_062,4.01,0,3,1,24.75,0
U707586,DE,android,zone_101,39.81,4,3,0,8.62,0
U707587,FR,ios,zone_090,8.26,9,12,0,26.52,0
U707588,FR,ios,zone_119,16.75,11,9,1,20.45,0
U707589,DE,android,zone_021,8.68,7,6,1,12.05,0
U707590,DE,ios,zone_011,10.28,2,6,1,12.14,0
U707591,FR,web,zone_032,2.9,16,6,0,12.77,0
U707592,FR,web,zone_124,5.27,7,8,0,23.05,0
U707593,FR,android,zone_071,14.2,12,10,2,15.97,0
U707594,FR,android,zone_202,26.27,7,7,0,13.07,0
U707595,DE,ios,zone_139,36.43,2,11,0,22.21,0
U707596,FR,android,zone_112,12.84,13,12,0,28.49,0
U707597,IT,ios,zone_160,23.12,3,9,0,34.42,0
U707598,DE,android,zone_130,26.94,14,6,0,21.63,1
U707599,ES,android,zone_043,6.92,9,7,1,27.1,0
U707600,DE,android,zone_095,3.83,15,12,1,26.56,0
U707601,FR,ios,zone_195,16.86,12,11,1,31.07,0
U707602,CH,android,zone_150,2.34,10,7,0,24.08,0
U707603,FR,web,zone_078,12.97,10,16,3,9.56,0
U707604,FR,ios,zone_034,15.6,7,6,0,29.55,0
U707605,BE,ios,zone_162,31.94,4,6,0,23.22,0
U707606,FR,web,zone_182,5.12,9,9,0,26.92,0
U707607,IT,ios,zone_026,4.21,6,7,1,15.73,0
U707608,FR,ios,zone_200,20.64,15,11,2,13.63,1
U707609,FR,web,zone_118,19.93,11,11,0,15.91,0
U707610,ES,android,zone_130,19.88,4,11,0,24.27,0
U707611,FR,android,zone_192,18.19,7,4,0,21.91,0
U707612,FR,android,zone_164,8.44,10,6,2,21.86,0
U707613,ES,ios,zone_114,8.03,7,11,2,14.99,0
U707614,FR,ios,zone_213,17.32,13,12,0,8.66,0
U707615,FR,android,zone_100,27.29,8,5,0,27.82,0
U707616,FR,web,zone_213,20.89,10,15,0,18.23,0
U707617,BE,ios,zone_113,16.91,9,8,1,5.59,0
U707618,DE,web,zone_012,6.94,11,7,0,17.91,0
U707619,FR,android,zone_069,5.79,11,3,1,14.91,0
U707620,ES,android,zone_163,9.45,12,6,1,33.02,0
U707621,IT,ios,zone_034,,13,4,0,8.79,0
U707622,FR,ios,zone_101,52.0,4,4,0,30.98,0
U707623,FR,ios,zone_130,8.72,13,6,1,20.44,0
U707624,ES,android,zone_080,18.09,10,8,2,20.45,0
U707625,CH,web,zone_136,9.61,15,9,0,24.44,0
U707626,DE,android,zone_120,15.61,14,7,0,12.91,0
U707627,DE,android,zone_018,26.47,8,6,1,29.49,0
U707628,IT,android,zone_189,,8,11,0,27.49,0
U707629,FR,ios,zone_104,22.7,8,8,1,27.79,0
U707630,IT,android,zone_029,13.73,7,3,1,26.51,0
U707631,FR,android,zone_028,1.87,4,8,0,25.93,0
U707632,FR,ios,zone_087,12.25,9,6,0,20.28,0
U707633,FR,ios,zone_167,13.78,13,7,1,18.46,0
U707634,FR,ios,zone_146,9.46,8,9,0,26.19,0
U707635,DE,android,zone_141,14.75,13,12,0,5.98,1
U707636,FR,android,zone_219,,14,7,2,7.56,0
U707637,ES,android,zone_194,3.91,11,9,1,24.62,0
U707638,FR,android,zone_026,10.13,8,11,0,29.55,0
U707639,IT,web,zone_163,7.69,5,6,2,15.37,0
U707640,DE,android,zone_113,23.55,9,2,2,12.57,0
U707641,IT,android,zone_145,16.97,7,8,1,15.89,0
U707642,ES,android,zone_187,8.87,5,6,0,30.19,1
U707643,FR,android,zone_137,1.4,6,5,0,21.97,0
U707644,FR,ios,zone_144,14.91,16,3,0,19.61,0
U707645,FR,web,zone_111,8.74,7,8,0,15.89,0
U707646,FR,android,zone_069,25.01,9,9,0,30.84,0
U707647,FR,ios,zone_186,11.19,10,14,0,23.88,0
U707648,IT,ios,zone_007,14.2,7,8,1,30.28,0
U707649,ES,android,zone_096,33.48,11,9,2,25.31,0
U707650,FR,ios,zone_148,9.87,9,7,0,19.83,0
U707651,FR,ios,zone_123,6.69,12,7,0,9.91,0
U707652,FR,android,zone_141,37.75,8,10,0,14.73,0
U707653,IT,android,zone_175,17.26,8,10,1,14.16,0
U707654,FR,android,zone_094,6.66,13,14,0,9.33,0
U707655,FR,android,zone_182,22.41,12,5,0,40.92,0
U707656,DE,web,zone_128,18.75,8,2,0,18.16,1
U707657,FR,ios,zone_105,22.76,3,5,2,14.43,0
U707658,BE,ios,zone_057,23.36,6,5,2,33.45,0
U707659,FR,web,zone_188,36.16,8,10,1,22.59,0
U707660,FR,ios,zone_155,38.21,11,9,1,22.39,0
U707661,FR,ios,zone_122,5.36,8,8,1,18.82,0
U707662,BE,android,zone_183,4.03,7,5,1,22.94,0
U707663,FR,android,zone_089,28.97,6,8,0,14.83,0
U707664,FR,web,zone_123,5.78,13,10,1,17.8,0
U707665,DE,android,zone_211,12.74,9,9,0,13.35,0
U707666,CH,android,zone_210,14.08,10,7,2,21.96,0
U707667,DE,android,zone_153,40.03,11,9,0,29.21,0
U707668,BE,web,zone_201,24.99,7,3,1,16.24,0
U707669,ES,ios,zone_074,18.34,14,5,1,17.4,0
U707670,BE,ios,zone_186,5.83,10,7,1,21.27,0
U707671,FR,ios,zone_075,9.82,12,9,0,16.11,0
U707672,FR,ios,zone_087,14.89,5,7,1,19.3,0
U707673,FR,ios,zone_203,31.4,9,11,0,18.14,0
U707674,BE,ios,zone_194,0.81,7,8,0,33.39,0
U707675,FR,ios,zone_072,33.71,5,8,1,20.77,0
U707676,FR,web,zone_151,12.74,6,7,0,15.17,0
U707677,FR,ios,zone_124,38.09,11,9,0,27.99,0
U707678,FR,web,zone_197,5.05,8,11,1,19.54,1
U707679,IT,ios,zone_060,22.02,6,5,1,12.14,0
U707680,DE,web,zone_148,22.02,18,11,0,13.61,1
U707681,IT,web,zone_151,16.39,9,6,0,13.37,0
U707682,IT,web,zone_165,10.56,8,6,0,25.88,0
U707683,ES,android,zone_117,47.4,12,7,0,16.09,0
U707684,FR,ios,zone_190,20.96,14,7,3,30.99,0
U707685,DE,android,zone_092,23.07,6,8,1,2.51,0
U707686,BE,ios,zone_194,43.17,7,11,0,15.63,0
U707687,FR,ios,zone_165,10.98,3,8,0,20.42,0
U707688,ES,web,zone_136,18.51,7,12,0,28.97,0
U707689,BE,ios,zone_046,13.85,10,13,0,7.81,0
U707690,BE,ios,zone_104,2.53,8,7,0,14.45,0
U707691,BE,web,zone_187,10.75,10,11,0,16.0,0
U707692,ES,web,zone_117,17.82,9,6,0,20.76,0
U707693,BE,android,zone_015,13.22,11,14,1,31.36,0
U707694,ES,android,zone_155,21.69,6,8,2,15.21,0
U707695,CH,ios,zone_031,23.42,12,10,0,26.87,0
U707696,FR,web,zone_036,9.64,10,8,1,17.51,0
U707697,CH,ios,zone_121,13.33,9,8,1,19.08,0
U707698,IT,android,zone_008,5.8,6,9,0,19.61,0
U707699,FR,web,zone_104,6.82,12,3,0,20.43,0
U707700,FR,android,zone_074,7.75,10,9,0,31.21,0
U707701,FR,ios,zone_096,11.3,11,11,1,18.46,0
U707702,FR,ios,zone_026,20.36,13,13,1,14.38,1
U707703,ES,android,zone_216,25.28,14,7,1,13.98,0
U707704,FR,android,zone_016,15.19,8,9,2,16.49,0
U707705,IT,ios,zone_058,3.55,8,6,0,10.55,0
U707706,FR,android,zone_179,11.0,10,7,1,10.89,0
U707707,ES,ios,zone_139,4.47,6,10,0,24.4,0
U707708,FR,android,zone_079,10.26,7,9,0,21.28,0
U707709,DE,android,zone_127,17.94,12,13,0,25.1,0
U707710,FR,ios,zone_111,7.93,9,9,0,19.86,0
U707711,FR,web,zone_051,9.02,17,13,0,33.03,0
U707712,FR,web,zone_095,5.23,12,8,0,11.69,0
U707713,DE,android,zone_124,36.07,8,12,1,21.17,0
U707714,DE,ios,zone_072,26.23,5,9,0,20.5,0
U707715,CH,android,zone_218,8.56,15,3,0,20.82,0
U707716,CH,android,zone_045,3.59,5,11,0,22.53,0
U707717,BE,android,zone_037,11.45,14,8,2,18.34,0
U707718,FR,web,zone_078,13.33,12,12,0,10.99,0
U707719,ES,android,zone_039,6.96,3,10,1,21.94,0
U707720,FR,android,zone_049,1.2,8,4,1,31.2,0
U707721,FR,android,zone_061,44.53,10,11,0,19.12,0
U707722,DE,android,zone_045,30.4,6,7,2,23.83,0
U707723,FR,android,zone_118,20.89,9,9,0,9.08,0
U707724,IT,web,zone_198,4.25,14,12,1,22.12,0
U707725,ES,android,zone_103,15.0,3,5,1,27.91,0
U707726,FR,android,zone_093,25.12,10,12,0,24.61,0
U707727,FR,ios,zone_167,28.15,12,6,1,28.08,0
U707728,FR,ios,zone_136,12.69,10,12,0,22.68,0
U707729,FR,web,zone_202,9.44,10,10,1,18.93,0
U707730,ES,ios,zone_131,14.13,8,6,2,16.66,0
U707731,ES,android,zone_155,28.59,11,9,0,27.08,0
U707732,ES,web,zone_159,15.51,8,7,1,23.62,0
U707733,BE,android,zone_122,20.84,12,6,0,24.58,0
U707734,DE,android,zone_067,5.42,12,6,0,24.5,0
U707735,FR,ios,zone_025,2.3,10,9,1,26.33,0
U707736,ES,ios,zone_006,9.72,9,11,0,17.28,0
U707737,ES,web,zone_046,6.43,11,7,0,26.0,0
U707738,FR,android,zone_033,9.2,10,6,1,30.43,0
U707739,CH,ios,zone_165,13.79,14,8,0,24.2,0
U707740,FR,android,zone_187,2.48,9,4,2,10.02,0
U707741,FR,android,zone_133,19.16,7,7,0,26.41,1
U707742,BE,android,zone_028,11.37,11,1,0,17.44,0
U707743,FR,ios,zone_003,11.43,6,8,0,19.43,0
U707744,BE,ios,zone_205,24.33,5,15,0,15.58,0
U707745,ES,android,zone_138,1.86,7,10,0,13.77,0
U707746,CH,android,zone_138,10.18,11,10,1,24.53,0
U707747,FR,ios,zone_094,16.3,11,6,0,14.7,0
U707748,FR,android,zone_158,23.91,6,10,0,26.5,0
U707749,BE,android,zone_183,,10,6,0,16.52,0
U707750,IT,ios,zone_083,5.08,13,9,2,28.61,0
U707751,FR,ios,zone_087,6.01,9,7,0,39.64,0
U707752,FR,web,zone_137,20.53,9,8,1,7.82,0
U707753,FR,android,zone_110,10.0,6,9,0,26.4,0
U707754,FR,android,zone_071,4.84,8,3,1,22.06,0
U707755,CH,web,zone_136,8.77,11,8,1,11.03,0
U707756,FR,ios,zone_198,14.72,10,8,0,28.98,0
U707757,BE,android,zone_137,5.42,7,10,1,29.87,0
U707758,FR,ios,zone_154,17.91,8,4,0,29.42,0
U707759,FR,web,zone_209,24.72,7,13,0,17.74,0
U707760,FR,ios,zone_198,9.81,7,6,3,13.11,0
U707761,ES,web,zone_103,4.51,9,6,0,18.92,0
U707762,FR,ios,zone_057,8.4,13,6,0,18.25,0
U707763,FR,web,zone_181,20.18,9,6,1,26.56,0
U707764,FR,ios,zone_122,9.17,7,8,0,29.93,0
U707765,BE,ios,zone_177,5.01,5,8,1,15.64,0
U707766,DE,ios,zone_152,11.99,19,9,1,20.06,0
U707767,FR,ios,zone_175,31.88,11,8,0,15.09,0
U707768,ES,android,zone_180,16.14,6,4,1,15.75,0
U707769,FR,android,zone_009,11.29,8,6,0,19.12,0
U707770,IT,ios,zone_074,8.49,4,5,1,21.85,0
U707771,FR,web,zone_100,11.05,11,8,1,24.86,0
U707772,FR,android,zone_037,18.4,10,10,0,32.67,0
U707773,DE,ios,zone_163,12.53,3,11,0,19.36,0
U707774,IT,ios,zone_193,4.19,10,5,0,18.77,0
U707775,FR,web,zone_098,16.32,11,12,1,2.59,0
U707776,FR,ios,zone_097,,12,8,0,20.77,0
U707777,FR,android,zone_123,6.57,7,4,0,21.18,0
U707778,FR,android,zone_052,3.72,9,5,0,31.22,0
U707779,FR,web,zone_207,4.92,11,4,1,0.88,0
U707780,FR,web,zone_077,6.55,11,3,2,18.67,0
U707781,FR,ios,zone_145,26.08,6,10,0,21.73,0
U707782,FR,android,zone_189,14.65,7,7,1,27.38,0
U707783,FR,ios,zone_193,18.0,7,7,1,17.64,1
U707784,FR,web,zone_036,16.66,10,6,2,30.13,0
U707785,DE,android,zone_119,4.26,8,8,0,14.82,0
U707786,FR,web,zone_116,27.1,10,9,0,27.41,1
U707787,CH,ios,zone_020,14.89,11,8,0,29.86,0
U707788,FR,ios,zone_142,4.63,11,7,0,20.89,0
U707789,FR,android,zone_149,5.45,5,7,1,9.44,0
U707790,IT,ios,zone_116,16.99,9,13,2,29.42,0
U707791,ES,web,zone_112,9.2,11,8,1,13.51,0
U707792,DE,android,zone_114,16.86,6,10,0,8.91,0
U707793,BE,android,zone_148,26.32,8,6,0,17.72,0
U707794,FR,ios,zone_078,26.56,7,5,0,14.9,0
U707795,ES,ios,zone_153,31.62,9,9,1,24.5,0
U707796,FR,android,zone_069,17.69,8,4,0,23.37,0
U707797,FR,android,zone_151,16.33,7,9,0,14.92,0
U707798,ES,android,zone_218,16.62,15,10,1,10.72,0
U707799,BE,web,zone_173,15.79,10,8,0,16.49,0
U707800,FR,web,zone_169,27.91,15,7,1,38.44,0
U707801,FR,android,zone_200,,10,4,0,25.48,0
U707802,FR,ios,zone_062,16.77,7,7,0,7.53,0
U707803,FR,ios,zone_148,18.71,11,7,3,31.07,0
U707804,FR,ios,zone_018,9.63,7,5,0,20.72,0
U707805,DE,ios,zone_106,6.93,6,6,2,8.35,0
U707806,ES,android,zone_204,24.1,7,8,3,29.03,0
U707807,FR,ios,zone_133,19.95,14,9,0,19.41,0
U707808,IT,ios,zone_205,31.26,8,8,0,25.99,0
U707809,DE,android,zone_140,21.2,9,11,3,26.66,0
U707810,DE,ios,zone_062,7.9,6,11,0,13.2,0
U707811,FR,android,zone_055,8.18,9,9,0,28.27,0
U707812,FR,ios,zone_165,23.73,14,5,1,14.49,0
U707813,DE,android,zone_121,6.64,10,10,0,22.9,0
U707814,FR,web,zone_135,22.93,8,5,0,11.98,0
U707815,CH,web,zone_183,8.02,12,7,0,20.45,0
U707816,FR,ios,zone_125,13.76,8,19,1,16.01,0
U707817,DE,ios,zone_037,13.0,8,13,0,21.7,1
U707818,ES,android,zone_082,17.74,11,14,0,0.0,0
U707819,BE,android,zone_033,22.81,11,11,0,33.38,1
U707820,DE,web,zone_104,23.62,14,6,0,25.22,0
U707821,DE,android,zone_166,5.08,6,9,1,30.23,0
U707822,IT,android,zone_176,10.29,7,7,0,23.41,0
U707823,FR,android,zone_213,12.88,10,8,0,20.36,0
U707824,FR,android,zone_061,2.61,8,10,0,18.48,0
U707825,ES,ios,zone_127,,13,12,1,30.64,0
U707826,FR,android,zone_135,3.94,10,4,1,20.27,0
U707827,ES,ios,zone_067,9.76,13,9,0,26.46,0
U707828,FR,ios,zone_218,21.75,14,8,1,20.1,0
U707829,FR,android,zone_162,21.28,13,6,2,23.88,0
U707830,FR,android,zone_066,9.19,7,6,1,22.87,0
U707831,FR,web,zone_181,8.94,9,6,1,4.21,0
U707832,DE,web,zone_079,7.72,10,5,1,32.82,1
U707833,FR,web,zone_028,13.64,12,3,1,27.19,0
U707834,IT,ios,zone_134,,11,5,0,8.43,0
U707835,FR,android,zone_095,15.02,11,8,0,26.25,0
U707836,CH,android,zone_184,3.67,9,9,0,24.6,0
U707837,DE,ios,zone_169,53.43,14,7,0,22.66,0
U707838,IT,android,zone_010,22.95,7,7,0,18.73,0
U707839,FR,ios,zone_131,19.01,4,9,0,13.72,0
U707840,FR,web,zone_114,19.37,12,8,2,23.98,0
U707841,BE,web,zone_190,13.45,12,8,2,21.35,0
U707842,FR,ios,zone_053,15.22,8,13,2,27.44,0
U707843,FR,android,zone_047,11.91,6,12,0,10.81,0
U707844,FR,web,zone_024,28.13,3,8,0,23.52,1
U707845,DE,ios,zone_208,17.63,7,3,1,17.63,0
U707846,FR,android,zone_191,19.28,5,8,1,21.22,0
U707847,FR,android,zone_128,11.97,9,9,0,15.5,0
U707848,ES,ios,zone_091,3.8,8,8,1,1.66,0
U707849,BE,android,zone_059,16.61,9,7,1,24.03,0
U707850,FR,android,zone_087,18.99,9,8,0,1.25,0
U707851,BE,ios,zone_157,2.59,9,6,1,23.51,0
U707852,FR,ios,zone_118,4.97,5,6,1,11.84,0
U707853,ES,android,zone_165,2.12,11,14,1,15.19,0
U707854,BE,android,zone_163,8.42,10,10,0,32.46,0
U707855,FR,android,zone_081,14.17,11,9,0,22.86,0
U707856,FR,android,zone_198,19.33,11,10,0,20.09,0
U707857,ES,web,zone_109,12.47,11,4,0,14.99,0
U707858,FR,android,zone_141,5.23,9,3,0,19.49,1
U707859,FR,android,zone_133,7.12,11,6,0,24.66,0
U707860,DE,android,zone_111,39.74,12,6,0,10.98,0
U707861,IT,ios,zone_208,5.35,8,7,1,17.07,0
U707862,FR,ios,zone_159,5.38,13,6,0,15.91,0
U707863,FR,android,zone_131,6.03,4,10,1,13.72,0
U707864,FR,ios,zone_053,17.19,8,7,0,13.51,0
U707865,FR,ios,zone_048,13.38,6,7,1,30.77,0
U707866,FR,ios,zone_076,17.92,7,11,0,22.41,0
U707867,FR,web,zone_218,20.05,7,6,2,26.37,0
U707868,FR,android,zone_052,8.54,5,10,0,19.01,0
U707869,FR,android,zone_191,15.07,7,8,0,27.42,0
U707870,FR,android,zone_106,6.48,15,12,1,34.71,0
U707871,FR,android,zone_069,2.13,8,7,0,5.9,0
U707872,FR,web,zone_045,23.84,9,9,0,10.0,0
U707873,FR,ios,zone_031,8.73,14,9,1,13.87,0
U707874,IT,ios,zone_005,15.76,8,10,0,6.34,0
U707875,FR,web,zone_186,11.58,9,7,1,26.75,0
U707876,FR,android,zone_193,,13,10,0,14.69,0
U707877,FR,web,zone_030,30.41,12,9,1,29.24,1
U707878,DE,android,zone_047,3.4,15,10,0,22.38,0
U707879,FR,android,zone_079,28.22,5,10,0,10.76,0
U707880,FR,android,zone_128,32.55,6,6,0,22.31,0
U707881,FR,web,zone_211,16.91,9,12,1,24.89,0
U707882,FR,ios,zone_060,34.7,12,6,1,14.98,0
U707883,FR,ios,zone_036,17.13,6,5,0,23.73,0
U707884,IT,web,zone_015,5.57,10,3,0,24.13,0
U707885,FR,ios,zone_142,16.06,14,7,0,18.25,0
U707886,FR,web,zone_003,10.56,8,8,1,18.91,0
U707887,BE,ios,zone_078,14.41,6,6,0,25.18,0
U707888,FR,web,zone_108,8.77,8,15,0,17.98,0
U707889,BE,ios,zone_143,9.86,6,8,0,22.94,1
U707890,ES,ios,zone_037,27.79,9,5,0,0.0,0
U707891,ES,ios,zone_091,13.92,7,3,1,23.93,0
U707892,FR,web,zone_103,28.3,9,10,0,8.26,0
U707893,FR,android,zone_200,3.97,14,13,0,17.07,0
U707894,BE,android,zone_085,8.71,13,9,2,12.22,0
U707895,ES,ios,zone_193,9.77,7,12,1,28.69,0
U707896,FR,android,zone_010,19.65,6,8,0,26.93,0
U707897,FR,android,zone_048,9.53,10,9,0,7.03,0
U707898,CH,android,zone_114,15.17,8,6,1,19.23,0
U707899,FR,android,zone_217,15.88,7,7,0,40.62,0
U707900,FR,android,zone_159,8.49,6,6,0,9.0,0
U707901,FR,android,zone_145,3.52,15,5,0,25.05,1
U707902,FR,ios,zone_010,22.55,7,8,1,19.86,0
U707903,BE,web,zone_098,22.97,11,9,1,15.47,0
U707904,FR,ios,zone_193,6.72,10,11,0,18.33,0
U707905,FR,ios,zone_030,9.87,7,10,0,17.37,0
U707906,FR,android,zone_115,8.85,12,2,2,30.47,0
U707907,FR,web,zone_138,30.0,9,11,1,21.95,0
U707908,FR,ios,zone_048,14.0,14,7,0,23.21,0
U707909,ES,ios,zone_104,18.18,8,11,1,25.11,0
U707910,FR,web,zone_077,9.31,14,6,1,14.2,0
U707911,FR,android,zone_188,24.84,8,8,0,16.43,0
U707912,FR,ios,zone_088,8.56,8,6,0,21.87,0
U707913,ES,web,zone_131,13.34,7,11,0,23.9,0
U707914,FR,web,zone_067,54.04,5,11,0,10.97,0
U707915,FR,android,zone_098,5.47,5,10,1,31.89,0
U707916,FR,web,zone_134,1.64,5,6,0,21.22,0
U707917,FR,android,zone_191,7.59,7,12,0,12.15,0
U707918,FR,web,zone_182,11.75,7,10,0,10.12,0
U707919,FR,ios,zone_027,10.17,5,7,2,25.83,0
U707920,BE,web,zone_036,9.37,8,7,0,17.75,0
U707921,ES,android,zone_072,8.15,9,9,1,18.25,0
U707922,ES,android,zone_145,4.51,14,8,0,27.4,0
U707923,FR,web,zone_101,28.57,5,6,0,14.78,0
U707924,FR,android,zone_033,12.65,6,14,1,19.57,1
U707925,IT,ios,zone_080,10.1,10,9,1,3.02,0
U707926,BE,web,zone_121,16.56,10,7,0,10.51,0
U707927,BE,android,zone_104,17.7,12,9,0,24.74,0
U707928,BE,web,zone_080,8.01,7,5,1,11.34,0
U707929,FR,ios,zone_093,23.64,8,7,0,31.8,0
U707930,FR,ios,zone_152,9.86,8,9,0,13.81,0
U707931,FR,ios,zone_091,31.25,12,4,1,13.16,0
U707932,DE,android,zone_134,4.76,5,10,1,30.93,0
U707933,FR,ios,zone_148,3.88,10,9,1,16.94,0
U707934,CH,android,zone_125,,14,11,0,22.39,0
U707935,FR,android,zone_121,6.68,19,8,0,22.21,0
U707936,FR,web,zone_054,6.66,4,7,1,19.8,0
U707937,DE,ios,zone_042,7.07,9,14,0,28.39,0
U707938,IT,android,zone_163,22.71,7,14,3,23.98,0
U707939,FR,web,zone_172,2.77,8,8,0,23.5,0
U707940,FR,web,zone_140,7.08,7,13,1,20.2,0
U707941,FR,ios,zone_194,4.87,10,11,0,29.72,0
U707942,FR,web,zone_127,19.45,14,8,1,9.43,0
U707943,ES,web,zone_017,22.01,11,9,0,17.39,0
U707944,FR,ios,zone_182,19.51,11,8,0,28.34,0
U707945,IT,ios,zone_218,14.28,5,9,0,7.14,0
U707946,DE,android,zone_165,3.42,3,8,0,32.17,0
U707947,FR,web,zone_170,15.97,10,10,1,4.16,0
U707948,FR,web,zone_196,25.57,9,7,0,20.13,0
U707949,FR,android,zone_096,24.03,12,6,1,16.45,0
U707950,BE,android,zone_000,7.17,7,9,1,26.38,0
U707951,BE,android,zone_173,11.99,13,6,0,18.01,0
U707952,FR,android,zone_098,22.33,7,8,0,0.0,0
U707953,ES,web,zone_060,19.91,5,2,0,26.48,0
U707954,IT,android,zone_134,14.77,14,7,0,26.39,0
U707955,FR,ios,zone_045,23.63,9,9,1,21.79,0
U707956,BE,web,zone_210,21.06,9,5,2,18.06,0
U707957,DE,ios,zone_015,23.42,3,13,1,25.73,0
U707958,ES,web,zone_109,30.33,9,6,1,18.26,0
U707959,FR,android,zone_161,13.95,8,11,0,26.21,0
U707960,FR,ios,zone_052,20.87,9,14,1,23.63,0
U707961,BE,android,zone_158,12.58,8,11,0,27.15,0
U707962,FR,android,zone_013,5.6,5,6,0,27.85,0
U707963,FR,android,zone_027,31.59,9,5,0,12.15,0
U707964,FR,android,zone_122,33.39,12,7,0,22.09,0
U707965,IT,android,zone_072,16.75,10,7,0,21.27,0
U707966,FR,android,zone_082,8.92,5,4,0,18.72,0
U707967,DE,web,zone_158,11.02,6,6,0,30.15,0
U707968,ES,android,zone_185,3.32,12,6,0,17.78,0
U707969,BE,android,zone_056,15.83,8,8,1,13.55,0
U707970,ES,android,zone_130,6.15,8,10,1,13.9,0
U707971,BE,android,zone_107,18.37,6,8,0,24.77,0
U707972,FR,web,zone_035,15.85,9,16,1,22.72,0
U707973,FR,ios,zone_014,15.79,9,4,0,17.23,0
U707974,FR,ios,zone_156,9.4,11,4,0,25.98,0
U707975,ES,ios,zone_064,36.46,8,7,0,19.5,0
U707976,CH,android,zone_101,27.59,6,4,0,29.64,0
U707977,CH,ios,zone_043,12.27,9,6,2,11.68,0
U707978,CH,web,zone_042,19.93,14,5,0,23.98,1
U707979,BE,ios,zone_214,20.63,11,7,0,7.46,0
U707980,ES,web,zone_176,15.31,5,8,1,0.0,0
U707981,FR,android,zone_163,21.11,6,17,0,16.36,1
U707982,FR,ios,zone_048,21.08,14,7,0,19.23,0
U707983,FR,ios,zone_125,9.07,14,7,0,16.16,0
U707984,ES,android,zone_206,16.99,10,12,1,19.07,0
U707985,FR,android,zone_029,14.47,7,9,0,19.16,0
U707986,DE,android,zone_054,13.53,11,7,1,13.99,0
U707987,FR,android,zone_124,8.44,8,7,0,19.29,0
U707988,FR,android,zone_187,,9,9,0,19.12,0
U707989,DE,android,zone_152,8.2,15,10,0,27.12,0
U707990,IT,android,zone_054,10.52,9,5,0,19.24,0
U707991,DE,web,zone_024,15.93,12,5,0,45.73,0
U707992,ES,ios,zone_204,13.05,11,9,1,10.78,0
U707993,FR,android,zone_139,29.8,5,10,0,12.31,0
U707994,FR,ios,zone_140,11.56,10,9,1,3.6,0
U707995,FR,web,zone_167,29.73,5,7,1,19.27,0
U707996,FR,web,zone_113,12.65,15,9,0,23.12,1
U707997,DE,ios,zone_118,10.02,7,8,0,22.98,0
U707998,IT,web,zone_176,6.85,7,9,0,25.6,0
U707999,FR,ios,zone_110,13.82,12,3,0,31.02,0
