tx_id,amount,merchant,payment_method,country,hour,is_first_time_merchant,device_trust_score,is_fraud
F900000,49.29,m_086,card_not_present,IT,21,0,0.388,0
F900001,191.1,m_116,card_present,FR,7,0,0.599,0
F900002,489.34,m_137,card_not_present,BE,19,0,0.867,0
F900003,23.42,m_058,card_not_present,FR,11,0,0.638,0
F900004,130.78,m_162,card_not_present,FR,1,0,0.552,0
F900005,23.79,m_139,card_present,FR,23,0,0.777,0
F900006,90.76,m_071,card_not_present,IT,5,1,0.678,0
F900007,38.07,m_128,card_present,IT,0,0,0.617,0
F900008,70.2,m_130,card_present,FR,2,0,0.923,0
F900009,76.84,m_123,card_not_present,FR,20,0,0.836,0
F900010,5.83,m_158,card_present,DE,18,1,0.719,0
F900011,64.11,m_164,card_not_present,FR,16,0,0.638,0
F900012,58.05,m_130,card_not_present,FR,2,0,0.551,0
F900013,171.87,m_056,card_not_present,FR,3,0,0.847,1
F900014,3.26,m_113,bank_transfer,IT,8,0,0.798,0
F900015,20.13,m_104,bank_transfer,BE,7,1,0.851,0
F900016,11.87,m_149,card_present,CH,5,0,0.637,0
F900017,66.91,m_007,card_present,IT,11,0,0.649,0
F900018,274.72,m_171,card_not_present,FR,3,0,1.0,0
F900019,7.65,m_067,wallet,ES,6,0,0.599,0
F900020,31.34,m_170,card_present,IT,8,0,0.616,0
F900021,98.94,m_008,card_not_present,FR,23,0,0.622,0
F900022,34.47,m_023,wallet,CH,14,0,0.728,0
F900023,13.8,m_078,wallet,IT,13,0,0.75,0
F900024,14.24,m_075,card_present,CH,20,0,0.835,0
F900025,25.99,m_158,card_not_present,FR,1,0,0.825,0
F900026,226.47,m_041,card_not_present,FR,16,0,0.63,0
F900027,36.13,m_110,card_not_present,FR,19,0,0.757,0
F900028,213.72,m_136,wallet,ES,16,0,0.627,0
F900029,17.68,m_004,bank_transfer,FR,6,0,0.795,0
F900030,9.29,m_087,card_present,CH,20,0,0.674,0
F900031,16.1,m_052,card_present,FR,9,0,0.415,0
F900032,10.48,m_079,card_present,FR,14,0,0.341,0
F900033,34.06,m_014,card_present,FR,13,0,0.43,0
F900034,25.31,m_124,card_not_present,BE,14,0,0.645,0
F900035,32.0,m_006,wallet,FR,20,0,0.704,0
F900036,21.84,m_076,card_not_present,DE,13,0,0.426,0
F900037,57.75,m_002,wallet,FR,16,0,0.311,0
F900038,12.42,m_116,card_present,FR,11,0,0.642,0
F900039,41.79,m_063,bank_transfer,DE,15,0,0.815,0
F900040,37.61,m_038,bank_transfer,FR,1,0,0.529,0
F900041,26.91,m_141,wallet,CH,8,0,0.57,0
F900042,11.84,m_146,card_not_present,FR,18,1,0.911,0
F900043,13.35,m_107,card_not_present,DE,7,0,0.71,0
F900044,12.95,m_139,card_present,FR,6,0,0.366,0
F900045,33.78,m_176,card_present,CH,22,0,1.0,0
F900046,52.08,m_006,card_not_present,FR,13,0,0.716,0
F900047,22.89,m_097,card_not_present,IT,3,1,0.559,0
F900048,109.9,m_033,card_present,FR,21,0,0.303,0
F900049,27.05,m_026,wallet,FR,3,0,0.794,0
F900050,21.23,m_051,card_not_present,FR,2,0,0.929,0
F900051,145.5,m_046,wallet,BE,9,0,0.915,0
F900052,43.04,m_109,card_not_present,BE,21,0,0.591,0
F900053,34.04,m_033,wallet,IT,12,0,0.379,0
F900054,61.47,m_052,card_present,ES,15,0,0.699,0
F900055,27.5,m_022,card_present,FR,4,0,0.899,0
F900056,8.83,m_174,card_not_present,ES,17,0,0.67,0
F900057,1.7,m_078,card_present,IT,3,0,0.654,0
F900058,8.13,m_153,bank_transfer,FR,19,0,0.857,0
F900059,75.28,m_095,bank_transfer,FR,0,0,0.442,0
F900060,66.37,m_045,card_present,DE,23,0,0.541,0
F900061,76.47,m_112,wallet,FR,13,0,1.0,0
F900062,40.73,m_032,card_not_present,ES,10,0,0.58,0
F900063,26.3,m_030,card_not_present,CH,12,0,0.699,0
F900064,13.51,m_172,bank_transfer,DE,10,0,0.746,0
F900065,89.69,m_069,bank_transfer,FR,16,1,0.654,0
F900066,27.98,m_116,card_not_present,ES,6,1,0.443,1
F900067,93.76,m_047,card_not_present,FR,1,0,0.634,0
F900068,12.51,m_049,card_present,,8,1,0.589,0
F900069,34.5,m_044,wallet,FR,17,0,0.733,0
F900070,150.38,m_078,card_present,,16,0,0.365,0
F900071,9.38,m_021,card_not_present,FR,12,0,0.874,0
F900072,60.11,m_015,wallet,FR,15,0,0.513,0
F900073,23.59,m_157,card_not_present,FR,18,0,0.791,0
F900074,34.68,m_150,card_not_present,FR,2,0,0.86,1
F900075,13.79,m_174,card_not_present,,22,0,0.504,0
F900076,11.2,m_009,card_not_present,CH,10,0,0.836,0
F900077,96.87,m_048,card_not_present,FR,21,0,0.562,0
F900078,,m_061,card_present,FR,17,0,0.59,0
F900079,146.35,m_093,card_not_present,BE,21,0,1.0,0
F900080,52.78,m_076,card_present,IT,12,0,0.675,0
F900081,8.65,m_112,card_present,ES,0,0,0.7,0
F900082,15.86,m_175,bank_transfer,FR,19,1,0.574,0
F900083,84.8,m_139,card_not_present,FR,23,0,0.895,0
F900084,11.74,m_171,card_present,FR,12,1,0.641,0
F900085,14.48,m_133,card_not_present,FR,22,0,0.742,0
F900086,206.04,m_049,card_not_present,FR,21,0,0.537,0
F900087,49.02,m_171,card_not_present,BE,11,0,0.444,0
F900088,185.68,m_047,card_present,BE,18,0,0.565,0
F900089,78.53,m_129,bank_transfer,IT,5,0,0.749,1
F900090,24.46,m_164,wallet,IT,22,0,0.67,0
F900091,42.17,m_104,card_not_present,FR,22,0,1.0,0
F900092,2.79,m_029,card_present,DE,1,0,0.884,0
F900093,44.93,m_049,card_present,BE,0,0,0.461,1
F900094,10.57,m_078,card_present,IT,7,1,0.836,0
F900095,93.63,m_068,card_present,BE,19,0,0.702,0
F900096,47.24,m_136,bank_transfer,FR,8,0,0.781,0
F900097,33.77,m_014,card_not_present,FR,7,0,0.574,0
F900098,24.57,m_157,card_not_present,FR,15,1,0.488,0
F900099,22.79,m_108,wallet,BE,8,1,0.817,1
F900100,82.78,m_030,card_not_present,FR,18,0,0.765,0
F900101,8.2,m_025,card_present,FR,20,0,0.771,0
F900102,15.08,m_155,card_not_present,FR,18,0,1.0,0
F900103,117.07,m_033,card_present,ES,9,0,0.845,0
F900104,8.99,m_122,card_not_present,CH,7,0,0.628,0
F900105,18.85,m_059,card_not_present,FR,6,0,0.977,1
F900106,3.14,m_124,card_not_present,FR,14,1,0.825,1
F900107,67.57,m_097,card_present,ES,18,0,0.673,0
F900108,20.43,m_151,card_not_present,CH,19,0,0.801,0
F900109,28.18,m_036,card_not_present,FR,0,0,0.853,0
F900110,18.54,m_022,card_present,FR,12,0,0.733,0
F900111,22.51,m_070,card_not_present,FR,11,0,0.817,0
F900112,6.67,m_001,card_not_present,FR,17,0,0.871,0
F900113,33.22,m_005,card_present,FR,1,0,0.628,0
F900114,68.73,m_126,card_present,FR,15,0,0.643,0
F900115,99.89,m_050,card_not_present,FR,17,1,0.67,1
F900116,48.45,m_066,card_not_present,DE,17,0,0.689,0
F900117,37.51,m_084,card_not_present,DE,15,0,0.626,1
F900118,80.72,m_172,card_not_present,CH,15,0,1.0,0
F900119,7.21,m_111,card_present,CH,16,0,0.899,0
F900120,40.79,m_173,card_present,FR,21,0,0.66,0
F900121,22.75,m_143,card_not_present,IT,6,0,0.467,0
F900122,39.45,m_049,card_not_present,IT,15,0,0.568,0
F900123,5.99,m_050,card_present,FR,11,1,0.775,0
F900124,25.31,m_089,card_present,FR,22,0,0.563,0
F900125,118.73,m_040,card_not_present,DE,22,0,1.0,0
F900126,59.99,m_074,card_present,FR,5,1,1.0,0
F900127,120.34,m_179,card_present,FR,10,1,0.743,0
F900128,76.0,m_057,wallet,ES,4,0,0.658,0
F900129,6.68,m_139,card_present,FR,6,0,0.353,0
F900130,40.27,m_028,bank_transfer,FR,12,0,0.917,0
F900131,19.92,m_148,bank_transfer,FR,22,0,0.844,0
F900132,39.28,m_140,card_not_present,CH,23,0,1.0,0
F900133,16.64,m_135,card_present,FR,10,1,0.732,0
F900134,96.4,m_150,card_present,IT,9,0,0.642,0
F900135,9.54,m_053,card_not_present,IT,15,1,0.741,0
F900136,23.98,m_138,card_present,FR,0,0,0.573,0
F900137,87.41,m_140,card_present,IT,19,0,0.675,0
F900138,116.22,m_108,card_not_present,FR,2,0,0.431,0
F900139,61.62,m_123,card_not_present,FR,15,0,0.834,0
F900140,2.86,m_013,card_not_present,IT,18,0,0.701,0
F900141,146.07,m_062,card_not_present,FR,23,0,0.864,1
F900142,33.64,m_146,card_present,FR,23,1,0.633,0
F900143,171.82,m_018,card_present,BE,22,0,0.635,0
F900144,71.45,m_173,card_not_present,FR,22,0,0.841,0
F900145,117.64,m_083,card_not_present,FR,22,0,0.769,0
F900146,87.38,m_150,card_not_present,FR,7,0,0.715,0
F900147,11.79,m_077,card_present,FR,23,0,0.917,0
F900148,13.09,m_144,card_present,FR,3,0,0.687,0
F900149,35.04,m_115,card_not_present,CH,17,0,0.643,0
F900150,21.23,m_165,card_not_present,FR,11,1,0.57,0
F900151,,m_068,card_present,FR,7,0,0.714,0
F900152,15.16,m_126,card_present,FR,1,0,0.704,0
F900153,33.5,m_100,card_not_present,IT,8,0,0.78,0
F900154,6.22,m_071,card_present,FR,6,0,0.407,0
F900155,147.59,m_083,card_not_present,ES,13,0,0.703,0
F900156,9.03,m_087,card_present,ES,7,0,1.0,0
F900157,48.57,m_031,card_present,BE,3,0,0.761,0
F900158,58.89,m_088,card_not_present,FR,16,0,0.56,0
F900159,17.74,m_048,card_present,FR,19,0,0.221,0
F900160,14.47,m_116,card_present,CH,13,0,0.865,1
F900161,17.58,m_106,card_not_present,FR,14,0,0.641,0
F900162,41.53,m_112,card_not_present,ES,8,0,0.726,0
F900163,30.41,m_072,card_present,FR,4,0,0.511,0
F900164,49.99,m_122,card_present,IT,10,0,0.879,0
F900165,40.49,m_137,card_present,FR,18,0,0.485,0
F900166,73.73,m_158,bank_transfer,FR,8,0,0.904,0
F900167,85.23,m_012,card_not_present,IT,17,0,0.64,0
F900168,8.33,m_156,wallet,FR,6,1,0.898,0
F900169,70.46,m_035,card_present,FR,14,0,0.968,0
F900170,87.02,m_022,card_present,IT,22,1,0.707,0
F900171,52.91,m_157,card_not_present,IT,4,0,0.542,0
F900172,7.35,m_161,card_not_present,FR,2,0,0.903,0
F900173,52.52,m_038,wallet,CH,15,0,0.811,0
F900174,23.93,m_154,card_present,FR,9,0,0.882,0
F900175,95.1,m_093,card_present,FR,20,1,0.677,0
F900176,26.07,m_038,wallet,FR,23,0,0.397,0
F900177,136.82,m_168,card_not_present,DE,16,1,0.69,0
F900178,56.59,m_120,card_not_present,ES,14,0,0.987,0
F900179,42.82,m_166,card_not_present,FR,22,1,0.81,0
F900180,32.56,m_167,card_not_present,IT,19,0,0.748,0
F900181,186.22,m_057,card_present,FR,6,0,0.698,0
F900182,25.4,m_059,card_not_present,IT,10,0,0.87,0
F900183,108.57,m_054,card_present,FR,13,1,0.718,0
F900184,18.3,m_153,card_present,ES,15,0,0.734,0
F900185,55.76,m_021,card_not_present,ES,11,0,0.845,0
F900186,52.63,m_094,card_not_present,FR,2,0,0.557,1
F900187,65.59,m_054,card_not_present,FR,3,0,0.811,0
F900188,35.59,m_097,card_present,IT,18,0,0.766,0
F900189,23.28,m_086,card_not_present,FR,4,0,0.452,0
F900190,14.28,m_146,card_present,DE,6,0,0.606,0
F900191,26.86,m_131,card_present,IT,21,0,0.94,0
F900192,53.56,m_015,card_not_present,FR,1,0,1.0,0
F900193,,m_068,wallet,DE,20,0,0.173,0
F900194,75.05,m_147,wallet,FR,2,0,0.736,0
F900195,13.43,m_022,card_not_present,DE,23,1,0.939,0
F900196,17.92,m_105,card_not_present,ES,0,0,0.657,0
F900197,50.3,m_056,card_not_present,FR,0,0,0.616,0
F900198,6.68,m_090,card_present,IT,4,1,0.755,0
F900199,81.57,m_041,bank_transfer,FR,22,0,0.698,0
F900200,73.88,m_019,wallet,FR,20,0,0.776,0
F900201,15.63,m_054,card_not_present,FR,7,1,0.752,0
F900202,75.09,m_094,wallet,FR,9,0,1.0,0
F900203,230.65,m_085,card_present,FR,20,0,0.285,0
F900204,9.41,m_165,card_present,DE,19,1,0.996,0
F900205,9.41,m_098,card_present,ES,15,0,1.0,0
F900206,106.97,m_062,card_not_present,DE,9,0,0.762,0
F900207,23.48,m_131,card_present,BE,3,0,0.301,0
F900208,49.85,m_159,card_not_present,FR,19,0,0.64,0
F900209,50.15,m_001,bank_transfer,BE,2,1,0.548,0
F900210,58.53,m_019,card_present,FR,15,0,0.517,0
F900211,18.17,m_084,wallet,FR,8,1,0.689,0
F900212,14.01,m_104,card_present,BE,8,0,0.676,0
F900213,25.18,m_049,card_present,ES,3,0,0.645,0
F900214,13.61,m_143,card_not_present,IT,20,0,0.567,0
F900215,9.48,m_131,card_present,ES,4,0,0.823,1
F900216,,m_171,card_not_present,FR,17,0,0.465,0
F900217,48.33,m_070,wallet,IT,11,0,0.529,0
F900218,24.99,m_039,wallet,IT,10,1,1.0,0
F900219,5.08,m_164,card_not_present,FR,14,0,0.835,0
F900220,31.53,m_113,card_not_present,FR,15,0,0.78,0
F900221,8.73,m_106,card_not_present,CH,1,0,0.779,0
F900222,58.86,m_095,wallet,CH,6,1,0.586,1
F900223,6.98,m_021,card_not_present,ES,8,1,0.769,0
F900224,51.37,m_062,card_present,FR,2,0,0.909,0
F900225,96.89,m_169,card_not_present,ES,23,0,0.4,0
F900226,9.56,m_128,card_not_present,FR,17,0,0.602,0
F900227,112.44,m_145,card_not_present,ES,21,0,1.0,1
F900228,118.57,m_166,bank_transfer,ES,15,0,0.717,0
F900229,77.36,m_009,card_not_present,DE,6,0,0.681,0
F900230,8.28,m_026,card_present,FR,3,0,0.933,0
F900231,,m_066,card_not_present,BE,17,1,0.534,0
F900232,48.02,m_155,wallet,,9,0,0.548,0
F900233,27.99,m_089,card_not_present,FR,8,0,0.466,0
F900234,64.25,m_015,card_present,FR,17,0,0.839,0
F900235,144.66,m_176,card_not_present,FR,9,0,0.648,0
F900236,35.21,m_148,card_not_present,,14,0,0.744,0
F900237,63.83,m_094,bank_transfer,FR,12,0,0.425,0
F900238,124.9,m_115,card_present,DE,21,0,0.857,0
F900239,99.56,m_130,card_not_present,FR,13,1,0.64,0
F900240,80.19,m_097,card_not_present,FR,11,0,0.381,0
F900241,18.13,m_160,card_not_present,FR,2,0,0.873,1
F900242,24.11,m_108,card_not_present,DE,23,0,0.826,0
F900243,285.48,m_145,card_present,FR,5,0,0.905,0
F900244,56.99,m_018,card_not_present,FR,12,0,1.0,0
F900245,2.95,m_155,card_present,FR,16,0,0.602,0
F900246,57.01,m_160,card_not_present,FR,18,0,0.629,0
F900247,25.37,m_107,card_not_present,IT,0,1,0.859,0
F900248,49.05,m_041,card_not_present,ES,7,1,0.869,0
F900249,50.31,m_163,card_not_present,FR,21,1,0.707,0
F900250,49.63,m_120,card_not_present,CH,9,0,0.672,0
F900251,24.19,m_159,card_present,FR,23,0,0.577,0
F900252,93.92,m_066,card_present,DE,18,0,0.812,0
F900253,41.84,m_023,card_present,FR,1,0,0.94,0
F900254,19.44,m_101,card_not_present,FR,1,0,0.821,0
F900255,54.2,m_170,card_not_present,FR,9,0,0.914,0
F900256,9.33,m_125,card_not_present,FR,4,1,0.66,0
F900257,9.5,m_071,card_not_present,FR,8,0,0.596,0
F900258,,m_149,card_present,FR,19,1,0.677,0
F900259,23.79,m_012,card_not_present,BE,0,0,0.601,0
F900260,59.1,m_109,card_not_present,FR,17,0,0.861,0
F900261,98.97,m_139,card_present,FR,10,0,0.709,0
F900262,34.39,m_133,wallet,FR,19,1,0.862,0
F900263,9.64,m_116,card_not_present,FR,22,0,1.0,0
F900264,42.12,m_058,card_not_present,FR,11,0,0.731,0
F900265,117.43,m_166,card_present,FR,5,0,0.494,0
F900266,,m_148,card_not_present,FR,14,0,1.0,0
F900267,53.06,m_162,card_present,FR,19,0,0.516,0
F900268,4.59,m_058,card_not_present,IT,17,0,0.781,0
F900269,38.96,m_068,card_not_present,IT,17,0,0.917,0
F900270,17.89,m_129,card_present,FR,1,0,0.694,0
F900271,15.99,m_167,card_present,DE,8,0,0.553,0
F900272,41.15,m_150,card_present,ES,17,0,0.634,0
F900273,41.78,m_106,card_not_present,FR,22,0,0.814,1
F900274,68.24,m_151,card_not_present,FR,14,0,0.801,0
F900275,119.68,m_076,card_not_present,FR,23,0,0.719,0
F900276,24.94,m_154,card_not_present,FR,18,0,0.749,0
F900277,56.16,m_059,card_present,ES,3,0,1.0,0
F900278,14.35,m_124,bank_transfer,ES,4,0,0.648,0
F900279,19.76,m_078,card_not_present,FR,22,0,0.666,0
F900280,64.34,m_148,card_not_present,CH,20,0,0.601,0
F900281,42.97,m_041,card_present,FR,3,0,0.677,0
F900282,38.21,m_117,card_not_present,DE,13,0,0.811,0
F900283,210.73,m_019,card_present,,9,0,0.897,0
F900284,6.57,m_087,card_not_present,BE,20,0,0.686,0
F900285,140.34,m_016,card_present,DE,17,0,0.754,0
F900286,41.75,m_026,card_present,FR,9,1,0.77,0
F900287,455.46,m_004,card_present,FR,10,1,0.298,0
F900288,107.04,m_047,card_present,DE,10,0,0.456,0
F900289,11.02,m_034,card_not_present,DE,1,0,1.0,0
F900290,127.42,m_056,card_present,ES,2,0,0.38,0
F900291,67.61,m_148,card_present,CH,12,0,0.574,0
F900292,162.77,m_152,card_present,FR,3,0,0.716,0
F900293,104.57,m_132,card_present,,3,0,0.629,0
F900294,54.13,m_178,card_not_present,FR,20,1,0.581,1
F900295,26.93,m_086,card_not_present,FR,3,0,0.926,0
F900296,13.99,m_027,card_present,DE,12,0,0.571,0
F900297,200.16,m_004,wallet,FR,6,1,0.776,0
F900298,27.89,m_067,card_present,FR,19,0,0.675,0
F900299,41.2,m_160,card_not_present,DE,14,0,0.85,0
F900300,10.14,m_054,card_present,ES,10,1,0.733,0
F900301,104.79,m_092,card_not_present,FR,5,0,0.867,0
F900302,28.54,m_047,card_not_present,DE,20,0,0.809,0
F900303,,m_065,card_present,FR,9,1,0.806,0
F900304,34.34,m_040,card_not_present,CH,6,0,0.708,0
F900305,19.64,m_038,card_present,IT,15,0,0.568,0
F900306,136.56,m_072,card_present,ES,6,1,1.0,0
F900307,70.99,m_003,card_present,FR,5,0,0.751,0
F900308,95.87,m_069,card_present,FR,9,0,0.513,1
F900309,60.9,m_103,card_not_present,DE,14,0,0.83,0
F900310,28.59,m_129,card_present,FR,6,1,0.42,1
F900311,13.22,m_010,card_not_present,FR,14,0,0.722,0
F900312,8.63,m_133,card_not_present,DE,17,0,0.648,1
F900313,18.59,m_165,card_present,BE,1,0,0.878,0
F900314,33.75,m_143,card_not_present,FR,22,1,0.645,0
F900315,99.95,m_140,card_not_present,FR,21,0,0.704,0
F900316,32.75,m_115,card_present,FR,8,0,0.893,0
F900317,50.29,m_111,card_not_present,,7,0,0.812,0
F900318,55.03,m_023,wallet,ES,22,1,0.557,0
F900319,16.26,m_101,card_not_present,FR,12,1,0.603,0
F900320,70.62,m_143,card_present,ES,2,1,0.796,0
F900321,5.83,m_011,card_not_present,BE,10,0,0.733,0
F900322,34.68,m_151,card_not_present,FR,18,0,0.504,1
F900323,13.73,m_154,card_present,FR,21,1,0.671,0
F900324,473.48,m_030,card_present,FR,4,0,0.777,0
F900325,62.38,m_114,bank_transfer,FR,19,0,0.774,0
F900326,75.86,m_020,card_not_present,FR,10,0,0.606,0
F900327,118.16,m_051,card_not_present,FR,21,0,0.695,0
F900328,24.61,m_092,card_present,FR,11,1,0.847,0
F900329,103.55,m_097,card_present,DE,8,0,0.835,0
F900330,112.05,m_062,card_present,FR,2,0,0.887,0
F900331,115.16,m_030,bank_transfer,BE,8,0,0.743,0
F900332,25.89,m_078,card_present,BE,4,1,0.626,0
F900333,67.33,m_075,card_not_present,ES,11,0,0.673,0
F900334,51.62,m_092,card_present,FR,0,0,0.795,1
F900335,14.47,m_177,card_present,FR,10,0,0.549,0
F900336,35.1,m_080,card_present,CH,6,0,0.963,0
F900337,41.5,m_086,card_not_present,DE,22,0,0.55,0
F900338,134.8,m_011,card_not_present,FR,22,1,0.609,0
F900339,,m_013,wallet,FR,14,0,0.66,0
F900340,37.43,m_063,card_present,ES,1,0,0.134,0
F900341,59.2,m_006,card_present,IT,1,1,0.569,0
F900342,23.73,m_060,card_present,FR,11,0,0.71,0
F900343,40.3,m_001,card_present,FR,8,1,0.618,0
F900344,33.47,m_088,card_present,IT,5,0,0.599,0
F900345,40.36,m_147,card_not_present,BE,17,0,0.851,0
F900346,107.58,m_032,card_not_present,FR,10,1,0.633,0
F900347,15.48,m_063,card_present,IT,6,0,0.711,1
F900348,131.58,m_156,card_not_present,FR,3,0,0.499,0
F900349,46.19,m_007,card_not_present,BE,9,1,0.899,0
F900350,36.13,m_150,wallet,BE,12,0,0.892,0
F900351,30.89,m_006,wallet,FR,18,0,0.858,0
F900352,8.97,m_095,wallet,CH,13,0,0.382,0
F900353,12.11,m_123,card_not_present,DE,12,0,0.677,0
F900354,7.99,m_178,card_not_present,BE,1,1,0.837,0
F900355,65.57,m_060,wallet,IT,14,0,0.772,0
F900356,54.28,m_110,card_present,IT,11,1,0.606,0
F900357,55.67,m_033,card_present,,14,0,0.714,0
F900358,41.8,m_123,card_not_present,FR,13,0,0.91,0
F900359,81.68,m_107,card_not_present,IT,0,0,0.738,0
F900360,27.7,m_091,card_present,FR,22,0,0.953,0
F900361,98.02,m_081,wallet,FR,9,0,0.497,0
F900362,26.09,m_057,card_not_present,DE,15,0,0.629,0
F900363,49.02,m_018,bank_transfer,FR,5,0,0.83,0
F900364,1.56,m_018,card_present,FR,9,0,0.813,0
F900365,63.26,m_106,wallet,FR,0,0,0.821,0
F900366,18.57,m_024,card_present,IT,13,0,0.882,0
F900367,39.49,m_146,wallet,BE,23,0,0.765,0
F900368,67.0,m_098,card_present,ES,13,0,0.541,0
F900369,191.55,m_026,card_present,FR,1,0,0.731,0
F900370,2.84,m_173,wallet,ES,17,0,0.713,0
F900371,119.08,m_143,card_present,FR,21,0,0.575,0
F900372,104.0,m_129,wallet,FR,7,0,0.706,0
F900373,,m_139,card_present,IT,6,0,0.394,0
F900374,27.44,m_069,card_present,FR,17,0,0.427,1
F900375,25.03,m_029,card_not_present,CH,7,0,0.606,0
F900376,44.02,m_138,wallet,CH,0,0,0.924,0
F900377,25.76,m_175,card_not_present,FR,20,0,0.7,0
F900378,26.19,m_006,card_present,FR,0,0,0.924,1
F900379,17.86,m_015,card_not_present,BE,23,0,0.328,0
F900380,107.63,m_062,card_present,FR,11,0,0.772,0
F900381,156.93,m_006,card_not_present,DE,14,0,1.0,0
F900382,29.67,m_001,wallet,BE,0,0,0.81,0
F900383,10.78,m_027,card_not_present,FR,14,0,0.561,0
F900384,12.54,m_091,card_not_present,FR,0,0,0.887,0
F900385,38.9,m_006,card_present,FR,5,0,0.794,0
F900386,106.9,m_136,card_not_present,FR,0,0,0.546,0
F900387,8.9,m_149,card_not_present,FR,7,0,0.88,0
F900388,12.51,m_176,bank_transfer,FR,0,0,0.874,0
F900389,84.7,m_078,bank_transfer,DE,17,1,0.846,0
F900390,11.56,m_058,wallet,FR,0,0,0.96,0
F900391,45.14,m_044,card_not_present,FR,13,0,0.758,0
F900392,187.32,m_059,card_not_present,FR,9,1,0.828,0
F900393,63.56,m_135,card_present,FR,23,0,0.653,0
F900394,22.93,m_127,wallet,FR,18,0,0.944,0
F900395,24.88,m_123,card_not_present,FR,13,1,0.556,0
F900396,171.88,m_049,wallet,ES,1,0,0.929,0
F900397,5.05,m_117,card_not_present,FR,0,0,1.0,0
F900398,3.84,m_061,bank_transfer,FR,17,0,0.991,0
F900399,78.79,m_165,card_present,DE,19,0,0.591,0
F900400,59.59,m_103,card_not_present,FR,21,0,0.556,0
F900401,82.08,m_179,bank_transfer,FR,10,0,0.35,0
F900402,136.95,m_090,card_not_present,ES,17,0,0.628,0
F900403,6.97,m_072,bank_transfer,FR,12,1,0.79,0
F900404,327.52,m_141,card_present,FR,20,0,0.68,0
F900405,169.05,m_156,card_present,FR,23,0,0.777,0
F900406,38.15,m_174,card_present,FR,0,0,0.804,0
F900407,125.09,m_101,card_present,FR,8,0,0.647,0
F900408,69.83,m_081,card_not_present,FR,12,0,0.797,0
F900409,17.09,m_151,card_present,BE,10,0,1.0,0
F900410,53.3,m_150,bank_transfer,IT,0,0,1.0,0
F900411,7.65,m_114,card_not_present,BE,6,0,1.0,0
F900412,49.67,m_117,card_not_present,FR,18,0,0.838,0
F900413,35.01,m_108,card_present,FR,9,1,0.799,0
F900414,69.72,m_031,bank_transfer,FR,10,0,0.839,0
F900415,42.99,m_145,card_not_present,CH,0,0,0.809,0
F900416,57.43,m_051,wallet,BE,21,0,0.705,0
F900417,17.81,m_023,wallet,FR,21,0,0.645,0
F900418,25.25,m_179,card_not_present,,9,0,0.618,0
F900419,211.25,m_135,card_present,FR,19,0,1.0,0
F900420,24.95,m_171,card_present,ES,22,0,0.459,0
F900421,106.38,m_123,card_not_present,FR,7,0,0.804,0
F900422,12.07,m_005,card_present,CH,22,0,0.72,0
F900423,41.54,m_166,card_not_present,CH,19,0,0.522,0
F900424,65.23,m_127,card_not_present,ES,19,1,0.63,0
F900425,7.88,m_039,card_present,FR,15,0,0.771,0
F900426,110.43,m_042,card_present,FR,23,0,0.788,0
F900427,44.68,m_068,wallet,FR,3,0,0.83,0
F900428,93.36,m_109,card_not_present,FR,4,1,0.728,0
F900429,32.71,m_151,bank_transfer,FR,11,0,0.842,0
F900430,125.32,m_060,card_not_present,FR,9,0,0.755,0
F900431,11.53,m_059,card_not_present,FR,22,0,0.721,0
F900432,29.02,m_177,card_not_present,BE,22,1,0.632,0
F900433,81.58,m_080,wallet,CH,12,0,0.98,0
F900434,70.43,m_065,card_present,DE,19,0,0.602,0
F900435,439.06,m_098,card_not_present,FR,0,0,0.662,0
F900436,30.41,m_153,card_not_present,BE,17,0,0.916,0
F900437,243.69,m_067,card_not_present,FR,19,0,0.752,0
F900438,47.17,m_080,card_present,FR,10,0,0.492,0
F900439,32.22,m_170,card_not_present,DE,19,1,0.622,0
F900440,45.37,m_075,card_not_present,CH,7,0,0.828,0
F900441,17.34,m_049,card_present,FR,14,0,0.681,0
F900442,56.83,m_105,card_not_present,IT,5,0,0.781,1
F900443,50.13,m_030,bank_transfer,FR,17,0,0.936,0
F900444,83.12,m_067,card_not_present,FR,12,0,0.85,0
F900445,33.05,m_179,card_present,FR,22,0,0.768,0
F900446,84.83,m_007,card_present,BE,1,0,0.975,0
F900447,4.69,m_179,bank_transfer,CH,16,1,0.819,0
F900448,166.14,m_116,card_not_present,DE,8,0,0.415,0
F900449,15.57,m_021,card_not_present,FR,6,1,1.0,0
F900450,40.81,m_023,card_not_present,FR,12,0,0.743,0
F900451,34.8,m_043,card_present,DE,22,1,0.677,1
F900452,55.73,m_138,card_not_present,CH,9,0,0.87,0
F900453,58.78,m_145,card_present,FR,20,0,0.774,0
F900454,7.63,m_135,card_not_present,FR,20,0,0.528,1
F900455,23.87,m_151,card_present,FR,9,1,0.763,0
F900456,82.94,m_178,card_present,ES,11,0,0.491,0
F900457,31.5,m_104,bank_transfer,IT,9,0,0.568,0
F900458,111.18,m_174,card_not_present,FR,22,0,0.764,0
F900459,29.15,m_047,card_not_present,FR,11,0,0.569,0
F900460,40.32,m_029,card_not_present,CH,11,0,0.686,0
F900461,24.24,m_164,card_not_present,FR,19,0,0.557,0
F900462,18.18,m_121,card_present,FR,3,0,0.346,0
F900463,271.76,m_085,card_present,FR,15,0,0.396,1
F900464,69.43,m_133,bank_transfer,FR,16,0,0.582,0
F900465,37.94,m_176,wallet,FR,6,0,0.964,0
F900466,537.91,m_168,card_not_present,FR,8,0,0.707,0
F900467,111.64,m_083,card_present,FR,10,0,0.431,0
F900468,227.43,m_016,card_present,FR,5,0,0.7,0
F900469,31.68,m_063,card_present,FR,13,0,0.679,0
F900470,2.93,m_147,card_present,DE,21,0,0.454,0
F900471,32.56,m_167,card_not_present,FR,4,0,0.862,0
F900472,14.57,m_154,card_present,CH,4,0,0.78,0
F900473,30.73,m_102,card_present,FR,20,1,0.719,0
F900474,27.9,m_019,card_not_present,DE,13,0,0.58,0
F900475,21.83,m_013,card_not_present,FR,12,1,0.721,0
F900476,115.64,m_009,card_present,DE,0,0,0.779,1
F900477,24.08,m_043,card_present,ES,21,1,0.901,0
F900478,51.48,m_105,wallet,CH,1,1,0.911,0
F900479,4.0,m_077,card_present,FR,11,0,0.539,0
F900480,29.87,m_165,card_present,IT,3,0,0.674,0
F900481,,m_096,card_not_present,IT,11,0,0.728,0
F900482,99.3,m_000,card_not_present,FR,22,0,0.565,0
F900483,63.73,m_158,wallet,,21,0,0.925,0
F900484,64.72,m_045,card_not_present,FR,18,1,0.549,0
F900485,58.42,m_139,card_present,FR,23,1,0.81,0
F900486,22.75,m_110,card_not_present,IT,12,0,0.679,0
F900487,107.26,m_044,card_present,FR,5,0,0.572,1
F900488,24.92,m_085,card_not_present,IT,16,0,0.703,0
F900489,15.71,m_167,wallet,CH,12,1,1.0,0
F900490,10.17,m_049,card_not_present,DE,18,0,0.768,0
F900491,46.68,m_140,bank_transfer,CH,13,0,0.401,0
F900492,5.33,m_084,card_present,FR,10,0,0.523,0
F900493,19.24,m_000,card_present,DE,22,0,0.604,0
F900494,19.73,m_047,card_present,BE,6,0,0.56,0
F900495,17.37,m_033,wallet,BE,3,1,0.962,1
F900496,16.48,m_132,card_not_present,FR,21,0,0.558,0
F900497,31.49,m_038,card_not_present,FR,11,0,0.799,0
F900498,116.55,m_005,card_not_present,ES,0,0,0.463,0
F900499,5.41,m_100,bank_transfer,FR,5,0,0.89,0
F900500,25.6,m_140,card_not_present,FR,13,1,0.824,0
F900501,19.75,m_048,card_not_present,FR,20,0,0.934,0
F900502,46.48,m_027,card_not_present,ES,0,1,0.603,0
F900503,401.24,m_109,card_present,FR,12,1,0.594,0
F900504,29.98,m_051,card_present,ES,1,1,0.861,0
F900505,9.62,m_058,card_not_present,FR,11,0,0.735,0
F900506,71.83,m_044,card_present,FR,7,0,0.67,0
F900507,14.7,m_040,card_not_present,FR,1,0,1.0,0
F900508,29.17,m_040,card_present,FR,0,0,0.637,0
F900509,71.64,m_156,card_present,FR,23,0,0.482,0
F900510,30.11,m_015,card_not_present,ES,10,1,0.98,1
F900511,75.6,m_070,wallet,FR,8,0,0.745,0
F900512,18.29,m_142,card_not_present,FR,12,0,0.821,0
F900513,13.84,m_095,card_not_present,DE,0,0,0.605,0
F900514,9.8,m_032,bank_transfer,FR,16,0,0.643,0
F900515,13.86,m_000,wallet,FR,1,0,0.485,1
F900516,5.04,m_050,card_not_present,FR,2,0,1.0,0
F900517,14.74,m_077,wallet,DE,13,1,0.862,0
F900518,56.14,m_162,card_present,FR,10,0,0.58,0
F900519,22.39,m_077,card_not_present,FR,17,0,0.576,0
F900520,214.38,m_123,bank_transfer,FR,20,0,0.865,0
F900521,120.2,m_016,wallet,FR,12,0,0.506,0
F900522,23.57,m_083,card_present,FR,5,0,1.0,0
F900523,4.01,m_132,card_present,ES,23,0,0.947,0
F900524,323.94,m_097,card_not_present,FR,0,0,0.409,1
F900525,3.91,m_054,card_present,FR,10,0,0.901,0
F900526,15.12,m_044,card_present,FR,9,0,0.399,0
F900527,30.22,m_051,card_not_present,FR,20,0,0.481,0
F900528,24.2,m_077,card_not_present,DE,11,0,0.632,0
F900529,36.45,m_135,card_not_present,FR,18,1,0.92,0
F900530,23.59,m_139,card_not_present,FR,10,0,0.578,0
F900531,181.45,m_015,bank_transfer,IT,11,1,0.695,0
F900532,115.55,m_153,wallet,FR,16,1,0.655,0
F900533,130.84,m_056,card_present,FR,6,0,1.0,0
F900534,16.71,m_045,card_present,FR,0,0,1.0,0
F900535,,m_028,card_present,FR,19,0,0.743,0
F900536,50.22,m_154,card_not_present,FR,14,0,0.929,0
F900537,102.5,m_159,wallet,FR,19,0,0.779,1
F900538,8.01,m_041,card_present,BE,17,0,0.599,0
F900539,69.56,m_036,card_not_present,CH,19,0,0.675,0
F900540,23.53,m_112,card_not_present,ES,11,1,0.77,0
F900541,5.79,m_155,card_present,FR,12,0,0.443,1
F900542,46.45,m_068,card_not_present,FR,19,1,0.732,1
F900543,,m_091,card_present,DE,1,0,0.681,0
F900544,15.76,m_058,wallet,FR,8,0,0.542,0
F900545,17.76,m_104,card_present,IT,13,0,0.706,0
F900546,47.69,m_085,bank_transfer,FR,17,0,0.442,0
F900547,62.27,m_086,wallet,FR,2,0,0.646,0
F900548,16.5,m_139,card_present,FR,4,0,0.761,0
F900549,12.32,m_052,card_present,IT,6,1,0.923,0
F900550,8.69,m_172,bank_transfer,IT,7,0,0.878,0
F900551,11.73,m_053,card_not_present,FR,19,1,0.731,0
F900552,115.2,m_012,card_not_present,FR,5,0,0.561,0
F900553,17.63,m_139,card_present,FR,4,1,0.536,0
F900554,26.35,m_031,card_not_present,CH,12,0,0.841,0
F900555,8.78,m_076,card_present,FR,19,0,0.851,0
F900556,13.65,m_122,bank_transfer,FR,8,0,0.834,0
F900557,33.42,m_147,card_present,IT,15,0,0.337,0
F900558,46.14,m_119,card_not_present,CH,21,1,0.612,0
F900559,15.21,m_127,card_not_present,FR,23,0,0.515,0
F900560,18.88,m_085,card_present,FR,11,0,0.771,0
F900561,18.95,m_052,card_present,BE,10,1,0.457,1
F900562,39.8,m_164,bank_transfer,BE,7,0,0.624,0
F900563,80.08,m_170,card_not_present,FR,5,0,0.941,0
F900564,48.95,m_104,card_not_present,CH,21,0,0.79,0
F900565,46.18,m_011,card_not_present,FR,12,0,0.983,1
F900566,22.21,m_032,card_present,FR,9,0,0.481,0
F900567,51.47,m_132,card_present,FR,7,0,0.659,0
F900568,19.53,m_111,card_not_present,FR,6,0,0.625,0
F900569,7.42,m_127,card_present,FR,2,0,1.0,0
F900570,71.18,m_049,card_present,ES,0,0,0.554,0
F900571,10.53,m_015,card_present,FR,11,0,0.727,0
F900572,56.21,m_046,card_not_present,CH,0,0,0.874,0
F900573,7.4,m_147,card_present,DE,1,0,0.834,1
F900574,28.55,m_069,card_present,BE,20,0,0.431,0
F900575,92.99,m_080,wallet,FR,4,0,0.647,0
F900576,84.04,m_147,card_not_present,FR,4,0,0.976,0
F900577,8.76,m_024,card_present,FR,9,1,0.844,0
F900578,69.89,m_096,card_not_present,FR,20,0,0.566,0
F900579,39.51,m_101,card_present,IT,22,0,0.205,0
F900580,87.14,m_076,card_not_present,FR,23,1,0.581,1
F900581,89.54,m_127,card_not_present,FR,1,0,0.645,0
F900582,7.34,m_061,card_not_present,,15,1,0.54,0
F900583,48.12,m_044,wallet,FR,3,0,0.753,0
F900584,97.7,m_076,wallet,FR,13,0,0.616,0
F900585,207.08,m_159,card_not_present,DE,14,0,0.863,0
F900586,50.81,m_151,card_not_present,FR,11,1,0.764,0
F900587,59.67,m_052,card_not_present,FR,19,0,0.441,0
F900588,104.86,m_164,card_not_present,FR,20,0,0.683,0
F900589,60.22,m_177,card_not_present,FR,19,0,0.786,0
F900590,34.91,m_140,card_not_present,FR,13,0,0.662,0
F900591,37.53,m_138,card_not_present,CH,21,0,0.502,0
F900592,12.8,m_053,card_not_present,DE,7,0,0.977,0
F900593,66.57,m_176,card_not_present,DE,22,0,0.891,0
F900594,54.18,m_036,card_not_present,FR,11,0,0.907,0
F900595,45.95,m_177,card_present,FR,14,0,0.996,0
F900596,111.11,m_166,card_present,BE,16,0,0.506,0
F900597,3.55,m_146,card_present,ES,3,0,0.623,0
F900598,18.17,m_119,card_not_present,CH,4,0,0.561,0
F900599,46.33,m_051,bank_transfer,ES,22,0,0.738,0
F900600,17.67,m_094,card_present,ES,16,0,0.933,0
F900601,38.5,m_176,card_present,DE,18,0,1.0,0
F900602,52.21,m_098,card_not_present,IT,20,0,0.714,0
F900603,84.29,m_032,card_not_present,IT,17,0,0.73,0
F900604,,m_126,card_not_present,IT,7,0,0.479,0
F900605,34.36,m_005,card_present,ES,10,0,0.899,0
F900606,27.34,m_097,card_not_present,CH,21,0,0.635,0
F900607,58.11,m_074,card_not_present,FR,17,0,0.57,0
F900608,,m_053,card_not_present,FR,15,0,0.722,0
F900609,9.74,m_168,card_present,IT,15,0,1.0,0
F900610,10.83,m_091,card_not_present,FR,14,0,0.926,1
F900611,103.0,m_029,card_not_present,DE,9,0,0.809,0
F900612,65.72,m_035,card_not_present,ES,8,0,0.763,0
F900613,45.3,m_040,wallet,CH,20,0,0.535,0
F900614,12.46,m_171,card_present,IT,15,0,0.785,0
F900615,18.43,m_051,card_present,FR,16,0,0.549,0
F900616,102.63,m_121,wallet,FR,3,0,0.53,0
F900617,23.91,m_013,card_present,FR,2,0,0.674,0
F900618,38.89,m_099,card_not_present,FR,0,0,1.0,0
F900619,17.88,m_165,card_present,ES,21,0,0.727,0
F900620,39.91,m_034,card_not_present,FR,7,0,0.517,0
F900621,7.77,m_098,card_present,,14,0,0.787,0
F900622,26.24,m_060,card_not_present,FR,5,0,0.698,0
F900623,10.64,m_125,card_present,DE,10,0,0.844,0
F900624,154.78,m_050,card_not_present,DE,3,0,0.975,0
F900625,35.51,m_033,bank_transfer,ES,20,0,0.904,0
F900626,12.66,m_137,card_not_present,FR,14,0,1.0,0
F900627,19.12,m_170,card_not_present,FR,6,0,0.648,1
F900628,11.67,m_039,card_present,FR,18,0,0.6,0
F900629,16.32,m_030,card_present,IT,1,0,0.835,0
F900630,4.49,m_041,card_not_present,FR,8,1,0.844,0
F900631,25.12,m_088,card_not_present,FR,19,0,0.931,0
F900632,70.69,m_061,card_present,FR,2,0,0.944,0
F900633,69.4,m_128,wallet,IT,18,0,1.0,0
F900634,46.11,m_004,card_not_present,FR,19,0,0.903,0
F900635,12.03,m_147,card_present,FR,15,1,0.943,0
F900636,10.12,m_117,card_present,DE,3,0,0.807,0
F900637,26.89,m_143,card_present,DE,8,0,1.0,0
F900638,5.72,m_165,card_not_present,BE,0,0,0.739,1
F900639,,m_090,card_not_present,FR,5,1,0.802,0
F900640,42.82,m_124,card_present,FR,16,0,0.713,0
F900641,6.94,m_031,card_present,DE,0,0,0.279,0
F900642,26.54,m_130,card_present,FR,23,1,0.617,0
F900643,15.99,m_075,card_present,FR,14,0,0.562,0
F900644,4.76,m_031,card_present,DE,17,0,0.699,0
F900645,10.37,m_138,card_not_present,FR,15,0,0.632,0
F900646,103.75,m_077,wallet,BE,18,0,0.687,0
F900647,38.29,m_046,bank_transfer,FR,22,0,0.707,0
F900648,9.82,m_005,bank_transfer,IT,9,0,0.84,0
F900649,39.59,m_136,wallet,DE,3,1,0.826,0
F900650,58.16,m_003,wallet,FR,0,1,0.567,0
F900651,227.11,m_123,card_not_present,FR,19,0,0.791,1
F900652,34.04,m_103,card_not_present,FR,14,1,0.534,0
F900653,15.07,m_052,card_present,FR,19,0,0.922,0
F900654,12.74,m_047,card_not_present,DE,16,0,0.869,0
F900655,16.62,m_057,card_not_present,FR,19,0,0.656,0
F900656,28.12,m_156,card_present,ES,14,1,0.703,0
F900657,38.2,m_063,card_not_present,FR,5,0,0.551,0
F900658,26.28,m_054,card_not_present,FR,14,0,0.174,0
F900659,19.77,m_146,card_present,FR,16,0,0.53,0
F900660,55.82,m_162,card_not_present,FR,6,0,0.616,0
F900661,158.6,m_133,card_present,CH,21,0,0.871,0
F900662,34.53,m_007,bank_transfer,IT,11,0,0.692,0
F900663,16.55,m_069,card_present,FR,11,0,0.492,0
F900664,13.98,m_159,card_not_present,FR,8,0,0.764,0
F900665,24.26,m_010,wallet,FR,22,1,0.663,0
F900666,8.63,m_096,card_not_present,DE,1,0,0.597,0
F900667,26.42,m_081,card_present,IT,20,1,0.635,0
F900668,50.78,m_102,card_not_present,BE,17,0,0.672,0
F900669,263.16,m_055,card_present,BE,3,0,0.741,0
F900670,168.28,m_160,bank_transfer,FR,19,1,0.854,0
F900671,5.47,m_050,card_not_present,FR,20,0,0.949,0
F900672,51.82,m_047,card_not_present,FR,7,0,0.793,0
F900673,282.17,m_084,card_not_present,FR,13,0,0.724,0
F900674,208.73,m_007,card_not_present,IT,2,0,0.181,1
F900675,63.71,m_082,card_present,BE,13,0,0.683,0
F900676,17.03,m_048,card_present,FR,23,0,0.542,0
F900677,18.93,m_011,card_present,IT,2,0,0.706,0
F900678,48.15,m_093,card_not_present,DE,2,1,0.766,1
F900679,83.28,m_157,card_not_present,FR,16,1,0.795,0
F900680,27.92,m_019,card_not_present,FR,2,0,0.749,0
F900681,26.73,m_124,bank_transfer,FR,11,0,0.79,0
F900682,20.96,m_087,card_present,ES,21,0,0.544,0
F900683,23.06,m_106,card_present,ES,12,0,0.594,0
F900684,40.24,m_038,card_not_present,FR,12,0,0.57,0
F900685,,m_107,card_not_present,CH,14,0,0.94,0
F900686,83.51,m_069,card_not_present,ES,17,0,0.45,0
F900687,69.52,m_178,card_not_present,FR,13,0,0.716,0
F900688,15.51,m_107,card_present,FR,5,0,0.666,0
F900689,17.31,m_131,card_not_present,FR,11,0,0.736,0
F900690,15.01,m_033,card_not_present,DE,23,0,0.385,0
F900691,28.23,m_079,card_not_present,IT,3,0,0.575,0
F900692,146.73,m_081,card_not_present,FR,20,0,0.538,0
F900693,20.63,m_148,card_not_present,FR,17,1,0.465,0
F900694,19.92,m_168,card_not_present,FR,13,0,0.601,1
F900695,50.27,m_176,bank_transfer,FR,17,0,0.672,0
F900696,29.73,m_108,card_not_present,CH,1,0,0.952,0
F900697,188.44,m_069,card_present,CH,15,0,0.83,0
F900698,10.52,m_031,bank_transfer,BE,14,0,0.793,0
F900699,58.3,m_071,card_not_present,CH,7,0,0.407,0
F900700,20.94,m_024,card_not_present,IT,1,0,0.495,0
F900701,36.66,m_024,card_present,BE,18,0,0.546,0
F900702,33.77,m_035,wallet,FR,16,0,0.779,0
F900703,25.43,m_123,card_not_present,FR,8,0,0.551,0
F900704,64.83,m_090,card_not_present,CH,11,0,0.626,0
F900705,15.49,m_095,card_present,ES,9,0,0.616,0
F900706,15.4,m_126,card_not_present,FR,11,0,0.702,1
F900707,79.08,m_141,bank_transfer,ES,14,0,0.707,0
F900708,56.48,m_166,wallet,FR,4,0,0.865,0
F900709,81.53,m_126,card_present,FR,21,0,0.648,0
F900710,25.37,m_133,card_present,IT,12,0,0.778,0
F900711,88.57,m_029,card_not_present,CH,2,1,0.611,0
F900712,63.6,m_101,card_not_present,ES,18,0,0.725,0
F900713,74.88,m_059,card_present,FR,3,0,0.786,0
F900714,21.97,m_166,card_not_present,FR,14,0,0.303,0
F900715,35.97,m_140,bank_transfer,IT,14,0,0.668,0
F900716,13.24,m_038,card_not_present,FR,7,1,0.507,0
F900717,3.96,m_172,card_not_present,FR,2,0,0.751,0
F900718,22.08,m_140,card_present,FR,13,0,0.904,1
F900719,98.27,m_065,card_present,FR,13,0,0.572,0
F900720,84.92,m_164,card_not_present,BE,22,0,0.696,0
F900721,17.55,m_131,card_not_present,IT,16,1,1.0,0
F900722,46.44,m_005,card_not_present,ES,6,0,0.265,0
F900723,53.01,m_069,card_present,FR,13,0,0.747,0
F900724,33.87,m_039,wallet,IT,6,0,0.599,0
F900725,56.39,m_108,card_present,ES,12,0,0.878,0
F900726,15.45,m_065,card_present,CH,20,0,0.678,0
F900727,41.77,m_053,card_present,FR,9,1,0.789,0
F900728,30.65,m_075,card_not_present,BE,19,0,0.533,0
F900729,67.41,m_039,card_not_present,CH,0,0,0.662,0
F900730,133.92,m_155,card_present,FR,15,0,0.485,0
F900731,2.79,m_077,card_present,FR,4,1,0.659,1
F900732,89.59,m_048,card_present,ES,5,0,0.57,1
F900733,5.3,m_060,card_not_present,FR,13,1,0.888,1
F900734,50.62,m_017,card_present,DE,1,0,0.985,0
F900735,149.86,m_175,card_not_present,IT,14,0,0.984,0
F900736,11.81,m_073,card_not_present,FR,0,0,0.686,0
F900737,11.46,m_169,bank_transfer,FR,21,0,0.359,0
F900738,42.39,m_044,card_present,IT,6,0,0.508,0
F900739,32.03,m_156,card_not_present,DE,8,1,0.642,0
F900740,5.41,m_140,card_not_present,DE,7,0,0.564,0
F900741,252.48,m_143,card_present,CH,19,1,0.634,0
F900742,15.76,m_105,card_not_present,ES,22,0,1.0,0
F900743,7.72,m_000,wallet,FR,15,0,1.0,0
F900744,32.56,m_173,card_not_present,FR,21,0,0.912,1
F900745,11.22,m_069,card_not_present,FR,20,0,0.739,0
F900746,199.62,m_029,card_present,FR,17,0,0.868,0
F900747,57.52,m_166,card_present,CH,6,0,0.869,0
F900748,33.4,m_029,card_present,IT,15,0,0.867,0
F900749,17.97,m_048,card_not_present,CH,23,1,0.723,0
F900750,40.81,m_169,card_present,DE,5,0,1.0,0
F900751,74.84,m_083,card_present,DE,3,0,0.775,0
F900752,44.78,m_137,card_not_present,ES,4,1,0.503,0
F900753,102.8,m_117,bank_transfer,FR,18,0,0.532,0
F900754,54.62,m_159,card_not_present,CH,4,0,0.491,0
F900755,44.28,m_067,card_present,ES,16,0,0.922,0
F900756,54.07,m_045,card_present,BE,13,0,0.643,0
F900757,12.36,m_068,wallet,FR,15,1,0.792,0
F900758,31.2,m_104,card_not_present,FR,2,0,0.665,0
F900759,5.83,m_176,card_present,FR,11,0,0.802,0
F900760,69.39,m_016,wallet,FR,1,0,0.637,0
F900761,41.29,m_114,card_not_present,IT,5,1,0.767,0
F900762,68.41,m_020,card_not_present,IT,11,1,0.711,1
F900763,67.17,m_144,card_not_present,IT,1,0,0.71,0
F900764,545.21,m_104,wallet,FR,22,0,0.769,0
F900765,17.02,m_091,card_present,FR,1,0,0.684,0
F900766,91.93,m_006,card_not_present,ES,9,0,0.712,1
F900767,25.64,m_063,card_present,FR,15,0,0.585,0
F900768,18.91,m_002,card_not_present,FR,9,1,0.776,0
F900769,4.79,m_068,card_present,ES,8,0,0.971,0
F900770,113.9,m_036,card_not_present,FR,23,0,0.946,0
F900771,25.82,m_170,card_present,FR,15,0,1.0,0
F900772,26.67,m_144,card_not_present,ES,21,0,0.679,0
F900773,146.66,m_144,wallet,FR,2,0,0.634,0
F900774,13.84,m_042,card_not_present,FR,4,0,0.887,0
F900775,43.16,m_024,card_present,FR,15,0,1.0,0
F900776,89.82,m_084,card_present,FR,0,0,0.653,0
F900777,10.97,m_096,bank_transfer,FR,11,0,0.585,0
F900778,74.04,m_003,card_not_present,FR,4,0,0.996,0
F900779,123.67,m_089,card_present,DE,18,0,0.521,0
F900780,17.76,m_098,card_not_present,DE,18,1,1.0,0
F900781,13.82,m_088,bank_transfer,ES,3,0,0.65,0
F900782,89.23,m_097,card_not_present,FR,5,0,0.717,1
F900783,24.06,m_053,card_not_present,ES,17,0,0.82,0
F900784,20.21,m_101,card_not_present,DE,19,0,0.875,0
F900785,31.74,m_013,wallet,,15,0,1.0,0
F900786,22.6,m_118,card_not_present,FR,14,0,0.632,0
F900787,30.26,m_165,card_present,FR,16,0,0.905,0
F900788,133.14,m_042,wallet,,4,1,0.729,0
F900789,103.66,m_119,card_not_present,FR,13,0,0.505,0
F900790,225.41,m_046,card_present,IT,18,0,1.0,0
F900791,5.92,m_147,card_present,ES,21,0,0.531,0
F900792,22.15,m_110,card_present,DE,6,0,0.582,0
F900793,10.48,m_031,card_not_present,FR,5,0,0.622,0
F900794,24.34,m_076,card_not_present,DE,14,0,0.84,0
F900795,15.53,m_146,card_not_present,FR,0,1,0.709,0
F900796,20.75,m_081,wallet,DE,14,0,0.588,0
F900797,35.69,m_160,wallet,FR,19,0,0.77,0
F900798,48.44,m_063,card_not_present,IT,4,0,0.478,0
F900799,52.42,m_083,card_present,FR,3,0,0.932,0
F900800,32.24,m_175,card_present,FR,21,0,0.845,0
F900801,16.27,m_156,card_present,FR,9,0,0.832,0
F900802,83.14,m_023,card_present,FR,10,0,0.886,0
F900803,10.31,m_165,bank_transfer,FR,18,0,0.675,0
F900804,38.4,m_174,card_not_present,BE,3,0,0.638,0
F900805,42.37,m_046,card_present,CH,16,0,0.779,0
F900806,30.54,m_028,card_present,DE,3,0,0.644,0
F900807,78.16,m_131,card_present,FR,2,0,0.732,0
F900808,,m_020,card_not_present,FR,19,1,0.243,1
F900809,37.41,m_151,card_not_present,FR,19,0,0.562,0
F900810,49.47,m_083,card_not_present,FR,7,0,0.674,0
F900811,5.64,m_173,card_not_present,FR,16,0,0.917,0
F900812,31.5,m_065,card_present,FR,6,0,0.931,0
F900813,10.47,m_152,card_not_present,FR,22,0,0.556,0
F900814,14.32,m_119,card_not_present,FR,3,0,0.919,0
F900815,6.47,m_155,bank_transfer,FR,22,0,0.527,0
F900816,390.63,m_095,card_not_present,FR,8,1,0.97,1
F900817,59.98,m_105,bank_transfer,DE,13,1,0.313,0
F900818,53.48,m_017,card_present,FR,17,0,0.548,0
F900819,9.93,m_065,card_present,FR,20,0,0.594,0
F900820,93.21,m_080,card_present,FR,11,1,0.665,0
F900821,8.42,m_046,card_not_present,FR,23,0,0.688,0
F900822,32.8,m_087,card_not_present,FR,19,0,0.723,0
F900823,87.57,m_057,card_not_present,ES,21,0,0.393,1
F900824,65.1,m_038,bank_transfer,ES,16,0,0.911,1
F900825,32.86,m_086,card_not_present,CH,23,1,0.637,0
F900826,28.67,m_066,card_not_present,FR,23,0,0.565,1
F900827,29.33,m_124,card_present,FR,2,0,0.791,0
F900828,22.07,m_072,bank_transfer,IT,14,1,1.0,0
F900829,73.62,m_023,card_not_present,IT,21,1,0.896,1
F900830,161.81,m_134,card_present,CH,6,0,0.546,0
F900831,21.45,m_137,wallet,IT,0,0,0.45,0
F900832,45.22,m_165,card_present,FR,6,0,0.462,0
F900833,402.54,m_137,wallet,FR,1,0,0.953,0
F900834,15.95,m_089,card_present,FR,21,0,0.821,0
F900835,167.72,m_164,card_present,IT,8,0,0.641,0
F900836,143.12,m_133,bank_transfer,FR,6,0,0.919,0
F900837,16.61,m_148,bank_transfer,FR,14,0,0.65,0
F900838,17.69,m_057,card_not_present,DE,9,0,0.787,0
F900839,26.01,m_041,card_present,FR,11,0,0.761,0
F900840,17.25,m_105,wallet,FR,2,1,0.739,0
F900841,12.76,m_069,bank_transfer,FR,2,1,0.584,0
F900842,112.12,m_012,card_not_present,FR,23,0,0.546,0
F900843,37.89,m_032,card_not_present,FR,16,0,0.595,1
F900844,16.22,m_166,card_not_present,ES,3,1,0.908,0
F900845,11.55,m_171,card_not_present,FR,21,0,0.634,0
F900846,27.33,m_147,card_not_present,ES,5,0,0.594,0
F900847,63.7,m_069,card_present,FR,7,1,0.473,0
F900848,16.95,m_153,card_present,FR,11,0,0.914,0
F900849,14.11,m_076,card_not_present,DE,16,0,0.69,0
F900850,129.29,m_011,card_not_present,ES,4,0,1.0,1
F900851,55.25,m_089,card_not_present,CH,12,0,0.955,0
F900852,130.83,m_034,card_not_present,FR,13,0,0.524,0
F900853,17.1,m_096,card_not_present,FR,11,0,0.811,0
F900854,48.37,m_130,card_not_present,IT,0,0,0.47,0
F900855,28.05,m_123,bank_transfer,DE,4,0,0.66,1
F900856,7.48,m_014,card_not_present,FR,20,0,0.767,0
F900857,10.96,m_173,card_present,BE,13,0,0.916,0
F900858,60.53,m_139,card_not_present,FR,9,0,0.971,0
F900859,14.63,m_012,card_not_present,IT,4,1,0.669,0
F900860,54.66,m_057,card_not_present,FR,2,0,0.992,0
F900861,22.26,m_006,card_not_present,FR,1,0,0.775,0
F900862,36.21,m_074,card_not_present,FR,8,0,0.777,0
F900863,80.69,m_026,card_present,FR,18,0,0.673,0
F900864,45.43,m_027,card_not_present,IT,0,0,1.0,0
F900865,49.5,m_146,card_present,,11,0,0.459,0
F900866,19.87,m_074,card_present,ES,3,0,0.553,0
F900867,277.25,m_068,card_present,FR,20,0,0.576,0
F900868,19.42,m_068,card_present,FR,21,0,0.927,0
F900869,14.64,m_138,card_not_present,FR,9,1,0.727,0
F900870,5.61,m_143,card_present,FR,4,0,0.909,0
F900871,26.15,m_167,card_not_present,DE,12,0,0.635,0
F900872,42.79,m_037,card_present,FR,4,0,0.567,0
F900873,43.08,m_013,bank_transfer,FR,1,0,0.804,0
F900874,25.58,m_145,card_present,DE,11,0,0.617,0
F900875,40.69,m_140,card_present,FR,12,1,0.413,0
F900876,22.47,m_064,card_not_present,IT,7,1,0.856,0
F900877,6.59,m_058,card_not_present,DE,11,0,0.803,0
F900878,16.77,m_115,wallet,ES,21,0,0.732,0
F900879,86.98,m_148,card_not_present,FR,2,0,0.867,0
F900880,18.38,m_113,card_present,CH,18,0,0.448,0
F900881,146.48,m_033,card_not_present,CH,5,1,1.0,0
F900882,32.38,m_176,card_not_present,BE,19,1,0.365,0
F900883,66.32,m_059,card_not_present,FR,2,0,0.467,0
F900884,20.53,m_131,card_not_present,FR,16,1,0.662,0
F900885,143.15,m_108,card_not_present,FR,2,0,0.573,0
F900886,9.07,m_143,card_present,FR,10,1,0.704,0
F900887,32.88,m_085,card_not_present,FR,23,0,0.597,0
F900888,10.49,m_073,card_present,IT,15,0,0.83,0
F900889,61.81,m_139,card_not_present,FR,19,0,0.673,0
F900890,14.23,m_159,card_present,DE,14,0,0.771,0
F900891,84.27,m_082,card_not_present,FR,16,0,0.77,0
F900892,12.02,m_175,card_not_present,FR,9,1,0.476,1
F900893,66.52,m_003,card_not_present,FR,3,1,0.71,0
F900894,84.47,m_030,card_present,DE,15,0,0.747,0
F900895,22.95,m_004,card_present,FR,7,0,0.983,0
F900896,12.73,m_114,wallet,BE,14,0,0.494,0
F900897,16.52,m_094,card_not_present,FR,17,0,0.891,0
F900898,12.12,m_103,card_not_present,FR,22,0,0.473,0
F900899,35.15,m_030,card_not_present,IT,3,1,0.666,0
F900900,464.58,m_137,wallet,IT,11,0,0.516,0
F900901,76.02,m_115,wallet,FR,4,0,0.803,0
F900902,24.53,m_023,card_present,FR,13,0,0.794,0
F900903,7.43,m_002,card_not_present,IT,13,0,0.597,0
F900904,,m_107,card_present,FR,20,1,1.0,0
F900905,66.59,m_151,bank_transfer,FR,2,0,0.671,0
F900906,50.75,m_135,card_not_present,FR,22,1,0.894,0
F900907,27.71,m_135,card_not_present,FR,0,1,0.397,0
F900908,17.93,m_083,card_present,FR,14,0,0.374,1
F900909,10.95,m_059,wallet,BE,19,0,0.564,0
F900910,32.87,m_144,card_present,DE,21,0,0.598,0
F900911,44.04,m_019,card_not_present,FR,22,0,0.352,0
F900912,,m_132,card_not_present,DE,6,0,0.824,0
F900913,17.64,m_155,card_present,FR,4,0,0.659,0
F900914,73.22,m_034,card_present,FR,8,0,0.68,0
F900915,16.35,m_125,card_not_present,FR,7,0,0.791,0
F900916,,m_097,card_present,FR,7,0,0.798,0
F900917,72.39,m_139,card_present,BE,12,0,0.695,0
F900918,49.27,m_017,card_present,BE,8,0,0.555,0
F900919,22.9,m_022,card_not_present,FR,8,0,0.629,0
F900920,87.79,m_033,card_not_present,FR,5,0,1.0,0
F900921,110.26,m_038,wallet,CH,23,0,0.893,0
F900922,14.67,m_154,card_present,IT,21,1,0.631,0
F900923,64.48,m_152,card_not_present,FR,5,1,1.0,0
F900924,39.91,m_073,card_not_present,FR,16,0,0.761,0
F900925,209.62,m_090,card_not_present,ES,22,1,0.588,0
F900926,17.16,m_175,card_not_present,FR,2,0,0.614,0
F900927,156.02,m_160,card_not_present,FR,17,0,0.725,1
F900928,24.92,m_011,card_not_present,FR,12,0,0.643,0
F900929,12.96,m_099,card_not_present,FR,5,0,0.951,0
F900930,32.58,m_158,card_present,BE,14,0,0.696,0
F900931,52.16,m_148,card_not_present,FR,20,1,0.931,0
F900932,8.15,m_034,card_present,FR,0,0,0.791,0
F900933,118.04,m_124,card_not_present,DE,3,0,0.697,1
F900934,23.32,m_097,wallet,FR,15,0,0.533,1
F900935,255.54,m_137,card_not_present,FR,17,0,0.677,0
F900936,61.86,m_020,card_present,FR,12,0,0.625,0
F900937,70.79,m_179,card_not_present,FR,7,0,0.756,0
F900938,107.92,m_161,card_not_present,FR,8,0,0.618,1
F900939,,m_147,card_not_present,FR,17,0,0.619,0
F900940,36.9,m_085,card_not_present,FR,21,0,0.828,0
F900941,38.21,m_086,card_present,FR,3,1,0.755,0
F900942,13.05,m_071,card_present,FR,2,0,0.823,0
F900943,52.7,m_001,card_present,FR,22,0,0.893,0
F900944,43.62,m_164,card_not_present,FR,14,0,1.0,0
F900945,138.67,m_010,card_present,DE,20,1,0.908,0
F900946,7.62,m_060,card_not_present,IT,23,1,0.709,0
F900947,179.51,m_157,card_not_present,IT,14,0,0.854,0
F900948,40.12,m_021,card_present,BE,3,0,0.838,0
F900949,25.0,m_036,wallet,FR,5,1,0.683,0
F900950,39.54,m_046,card_not_present,FR,8,1,0.89,0
F900951,7.21,m_100,card_not_present,FR,22,1,0.755,0
F900952,41.48,m_108,card_present,FR,9,0,0.588,0
F900953,10.91,m_065,card_present,FR,23,0,0.423,0
F900954,116.36,m_056,card_not_present,FR,0,1,0.778,1
F900955,29.9,m_115,card_present,IT,21,0,0.937,0
F900956,70.02,m_115,card_not_present,FR,17,0,0.853,0
F900957,23.42,m_085,card_present,FR,18,0,0.547,0
F900958,36.15,m_175,card_present,FR,22,0,0.664,0
F900959,19.2,m_120,bank_transfer,IT,1,1,0.829,0
F900960,22.68,m_034,card_not_present,CH,9,0,0.986,0
F900961,14.7,m_045,card_not_present,DE,18,0,0.832,0
F900962,81.82,m_142,card_present,,20,0,0.83,0
F900963,11.96,m_104,card_present,FR,12,1,0.611,0
F900964,105.81,m_116,card_not_present,ES,9,1,0.408,1
F900965,35.71,m_119,card_not_present,IT,18,0,0.789,0
F900966,35.49,m_166,card_not_present,ES,9,0,0.531,1
F900967,41.82,m_097,card_not_present,FR,12,0,0.967,0
F900968,246.96,m_012,card_not_present,FR,1,0,0.872,0
F900969,63.36,m_045,wallet,DE,3,0,0.875,0
F900970,23.71,m_053,card_not_present,FR,11,0,0.641,0
F900971,82.37,m_052,wallet,IT,7,0,0.59,0
F900972,21.31,m_125,card_not_present,FR,22,0,0.343,1
F900973,,m_015,card_present,IT,23,0,0.559,0
F900974,7.84,m_112,wallet,BE,4,0,0.317,0
F900975,32.89,m_038,card_not_present,FR,15,0,0.956,0
F900976,62.72,m_021,card_not_present,BE,8,0,0.776,0
F900977,56.34,m_138,bank_transfer,FR,0,0,0.624,0
F900978,43.41,m_154,card_not_present,FR,18,0,0.794,0
F900979,51.94,m_020,card_present,FR,11,0,0.634,0
F900980,171.89,m_079,wallet,FR,17,0,0.737,0
F900981,69.29,m_001,card_not_present,CH,9,0,0.717,0
F900982,37.53,m_147,bank_transfer,FR,23,1,0.488,0
F900983,33.81,m_152,card_present,ES,4,0,0.733,0
F900984,37.11,m_090,card_not_present,FR,23,0,0.504,0
F900985,85.77,m_054,card_not_present,FR,0,1,0.679,0
F900986,43.0,m_162,card_not_present,IT,2,0,0.853,0
F900987,17.85,m_105,wallet,FR,17,0,0.482,0
F900988,30.12,m_068,card_not_present,FR,9,0,0.834,0
F900989,30.74,m_110,card_present,FR,8,0,0.449,0
F900990,75.1,m_030,card_present,FR,5,0,0.555,0
F900991,4.8,m_070,card_not_present,IT,9,0,0.805,0
F900992,61.28,m_073,card_not_present,ES,22,0,0.745,0
F900993,14.95,m_059,card_present,IT,1,0,0.742,0
F900994,256.69,m_135,card_not_present,FR,19,0,0.887,0
F900995,16.67,m_162,card_present,ES,6,0,0.803,0
F900996,1.95,m_114,bank_transfer,FR,14,0,0.827,0
F900997,91.31,m_152,card_present,FR,21,0,0.684,0
F900998,91.93,m_161,card_present,FR,12,0,0.839,0
F900999,11.96,m_133,card_not_present,CH,4,0,0.591,1
F901000,63.24,m_106,card_not_present,IT,17,1,0.999,0
F901001,33.55,m_056,card_not_present,FR,5,1,0.786,0
F901002,64.03,m_130,card_not_present,CH,6,0,0.451,0
F901003,21.34,m_070,card_not_present,FR,4,0,0.719,0
F901004,55.18,m_179,card_not_present,FR,21,0,0.612,0
F901005,45.44,m_114,wallet,CH,22,0,0.433,0
F901006,42.09,m_048,card_present,FR,19,0,1.0,0
F901007,20.42,m_000,card_not_present,BE,21,1,0.797,0
F901008,80.41,m_016,card_not_present,DE,12,1,1.0,0
F901009,48.39,m_083,card_not_present,IT,10,0,0.885,0
F901010,37.85,m_009,card_not_present,FR,9,0,0.71,0
F901011,40.61,m_063,card_present,FR,22,0,0.638,0
F901012,101.48,m_086,card_not_present,IT,7,0,0.567,0
F901013,156.52,m_085,card_not_present,FR,23,0,0.637,0
F901014,29.36,m_015,card_not_present,FR,10,0,0.586,0
F901015,188.59,m_122,card_present,BE,13,0,0.601,0
F901016,40.44,m_105,card_present,ES,4,0,0.936,0
F901017,14.42,m_059,card_present,DE,4,0,0.812,0
F901018,48.88,m_034,card_not_present,DE,20,0,1.0,0
F901019,30.27,m_119,card_not_present,ES,7,0,0.812,0
F901020,638.08,m_062,card_not_present,FR,17,0,0.531,0
F901021,31.58,m_166,card_present,DE,11,1,0.974,0
F901022,30.11,m_149,card_present,FR,1,0,0.525,0
F901023,9.58,m_118,card_present,FR,6,1,1.0,0
F901024,21.81,m_084,bank_transfer,CH,8,0,0.779,0
F901025,14.0,m_152,card_not_present,BE,12,0,0.77,0
F901026,14.27,m_116,wallet,FR,7,0,0.502,0
F901027,26.61,m_143,card_present,IT,5,0,0.586,0
F901028,13.91,m_096,card_not_present,IT,11,1,0.629,0
F901029,172.55,m_169,card_present,IT,7,0,0.705,0
F901030,7.26,m_171,card_present,FR,22,0,0.699,0
F901031,109.21,m_061,card_present,FR,5,0,0.591,0
F901032,37.5,m_070,card_present,FR,22,1,0.142,0
F901033,111.58,m_165,card_present,BE,8,0,0.835,0
F901034,48.8,m_114,card_present,IT,17,0,0.724,0
F901035,102.13,m_143,card_present,IT,20,0,0.791,0
F901036,61.98,m_026,card_present,FR,11,0,0.925,0
F901037,,m_125,wallet,IT,0,1,0.615,0
F901038,18.94,m_168,card_not_present,DE,20,1,0.648,0
F901039,38.31,m_073,card_present,IT,20,0,0.897,0
F901040,16.19,m_100,wallet,IT,10,1,0.908,0
F901041,394.39,m_020,card_not_present,DE,17,0,1.0,0
F901042,26.56,m_098,card_present,FR,2,0,0.647,0
F901043,1.91,m_069,card_present,FR,1,0,0.619,0
F901044,31.53,m_111,card_not_present,FR,19,0,0.746,0
F901045,52.75,m_151,card_not_present,IT,17,0,0.462,0
F901046,58.53,m_138,card_present,ES,13,1,0.753,0
F901047,44.4,m_124,card_present,FR,3,0,0.666,0
F901048,30.58,m_083,card_present,FR,1,0,0.423,0
F901049,11.04,m_052,card_not_present,CH,12,0,0.605,0
F901050,29.32,m_089,card_present,FR,20,0,1.0,0
F901051,48.17,m_172,bank_transfer,CH,2,0,0.59,1
F901052,137.82,m_049,card_not_present,ES,3,0,0.576,0
F901053,39.32,m_015,card_present,IT,17,0,0.675,0
F901054,64.82,m_116,card_not_present,DE,10,0,0.677,0
F901055,15.41,m_006,card_present,CH,22,0,0.575,0
F901056,10.81,m_064,wallet,FR,0,0,0.372,0
F901057,8.9,m_031,card_not_present,FR,5,0,0.758,0
F901058,41.01,m_120,card_present,FR,8,0,1.0,1
F901059,3.73,m_000,card_present,FR,7,0,0.502,0
F901060,90.96,m_060,card_not_present,DE,17,0,0.495,0
F901061,422.66,m_077,card_not_present,DE,23,0,1.0,0
F901062,26.13,m_170,card_present,BE,15,0,0.757,0
F901063,5.97,m_136,card_present,FR,14,1,0.0,0
F901064,67.62,m_066,wallet,FR,3,0,0.751,0
F901065,121.81,m_102,card_not_present,DE,1,0,0.362,0
F901066,23.54,m_108,card_not_present,FR,15,0,0.514,0
F901067,3.55,m_056,card_not_present,BE,7,0,0.839,0
F901068,79.46,m_173,card_not_present,FR,22,0,0.673,0
F901069,6.68,m_079,card_present,IT,2,0,0.826,0
F901070,58.81,m_028,card_not_present,FR,9,0,0.369,0
F901071,35.77,m_086,bank_transfer,FR,18,0,0.896,0
F901072,42.64,m_142,card_present,IT,14,0,0.371,0
F901073,9.49,m_106,card_present,CH,16,0,0.887,0
F901074,27.39,m_091,card_not_present,FR,21,0,0.729,0
F901075,99.85,m_044,card_not_present,FR,10,0,0.625,0
F901076,28.53,m_169,card_not_present,FR,22,0,0.77,0
F901077,21.34,m_026,card_not_present,DE,23,0,0.492,0
F901078,30.24,m_152,wallet,FR,23,0,0.951,0
F901079,13.49,m_103,card_not_present,FR,10,0,0.765,0
F901080,24.5,m_063,card_present,CH,2,0,1.0,0
F901081,192.16,m_003,wallet,FR,0,1,0.328,1
F901082,21.06,m_120,bank_transfer,DE,1,0,0.69,0
F901083,21.88,m_020,card_not_present,CH,10,0,0.549,0
F901084,249.99,m_001,card_present,FR,8,0,0.479,0
F901085,45.98,m_064,card_not_present,DE,21,1,0.668,0
F901086,35.78,m_109,card_not_present,ES,14,0,0.851,0
F901087,16.65,m_080,card_present,FR,1,0,0.855,0
F901088,93.07,m_034,card_not_present,ES,5,0,0.861,0
F901089,40.87,m_033,card_not_present,FR,21,1,0.811,1
F901090,11.45,m_035,card_not_present,BE,6,0,0.429,1
F901091,148.02,m_113,card_not_present,FR,11,1,0.571,0
F901092,15.97,m_133,wallet,BE,7,0,0.508,0
F901093,91.35,m_045,card_present,FR,21,0,0.854,0
F901094,100.99,m_097,bank_transfer,DE,9,0,0.64,0
F901095,13.97,m_061,card_not_present,FR,0,0,0.469,0
F901096,114.47,m_166,wallet,FR,17,0,0.938,0
F901097,53.59,m_098,card_not_present,FR,5,0,0.889,0
F901098,3.34,m_125,card_not_present,FR,20,1,1.0,0
F901099,15.82,m_046,wallet,ES,23,0,0.543,0
F901100,80.73,m_041,card_not_present,DE,19,0,0.353,0
F901101,36.21,m_100,card_present,FR,5,0,0.869,0
F901102,111.06,m_172,wallet,DE,6,0,0.803,0
F901103,,m_035,card_present,FR,8,0,0.729,0
F901104,24.88,m_128,card_present,FR,11,0,1.0,0
F901105,7.32,m_050,card_present,FR,11,1,0.76,0
F901106,46.59,m_014,bank_transfer,ES,17,0,0.888,0
F901107,18.1,m_165,card_not_present,FR,4,0,0.462,0
F901108,9.85,m_118,wallet,FR,17,0,0.631,0
F901109,146.09,m_126,card_not_present,FR,22,0,0.484,0
F901110,47.03,m_175,card_not_present,IT,15,0,0.918,0
F901111,3.05,m_080,card_not_present,CH,4,0,0.549,0
F901112,24.27,m_138,card_present,IT,1,0,0.411,0
F901113,69.69,m_135,card_present,FR,18,0,0.805,0
F901114,19.23,m_120,card_not_present,DE,0,1,0.651,0
F901115,79.76,m_166,card_not_present,ES,3,0,0.594,0
F901116,26.39,m_012,card_present,IT,0,0,0.969,0
F901117,37.0,m_061,card_not_present,FR,18,1,0.79,0
F901118,29.31,m_178,bank_transfer,DE,1,0,0.661,0
F901119,255.5,m_141,card_not_present,FR,9,0,0.81,0
F901120,7.27,m_099,card_not_present,CH,3,0,0.88,0
F901121,158.01,m_172,card_not_present,FR,0,0,0.71,0
F901122,167.53,m_086,card_not_present,FR,22,0,0.915,0
F901123,2.42,m_159,card_not_present,FR,7,1,0.815,1
F901124,90.25,m_141,wallet,FR,7,0,0.616,1
F901125,6.3,m_122,card_not_present,IT,16,0,0.703,0
F901126,112.4,m_059,card_present,BE,0,0,0.948,0
F901127,192.83,m_146,card_present,CH,23,0,0.503,1
F901128,16.56,m_156,card_present,FR,8,0,0.817,0
F901129,70.87,m_088,card_not_present,FR,1,1,1.0,0
F901130,7.57,m_052,bank_transfer,FR,13,0,0.471,1
F901131,7.9,m_140,card_not_present,FR,23,0,0.948,0
F901132,35.78,m_102,card_not_present,IT,17,0,0.847,0
F901133,169.61,m_066,card_not_present,BE,4,0,0.636,0
F901134,62.3,m_125,card_present,FR,10,0,0.583,0
F901135,84.25,m_092,bank_transfer,DE,10,0,0.955,0
F901136,23.35,m_143,card_present,FR,16,0,0.861,0
F901137,8.32,m_105,card_present,FR,1,0,0.999,0
F901138,75.03,m_172,wallet,FR,0,0,0.665,0
F901139,8.34,m_014,card_not_present,ES,10,0,0.374,0
F901140,126.49,m_058,card_not_present,FR,18,0,0.837,0
F901141,21.24,m_103,card_present,FR,23,0,0.535,0
F901142,86.9,m_058,card_not_present,FR,20,0,0.776,0
F901143,64.67,m_044,card_not_present,FR,22,0,0.725,1
F901144,3.62,m_114,card_present,FR,11,1,0.683,0
F901145,7.13,m_075,card_present,FR,9,0,0.715,0
F901146,26.67,m_044,card_not_present,FR,18,1,0.714,0
F901147,426.61,m_094,card_present,CH,19,0,0.598,0
F901148,14.67,m_162,wallet,FR,20,0,0.556,0
F901149,34.34,m_001,card_not_present,FR,6,0,1.0,0
F901150,91.08,m_143,card_not_present,FR,0,0,0.642,0
F901151,58.39,m_037,card_not_present,FR,2,0,0.936,0
F901152,61.83,m_028,card_not_present,DE,22,0,1.0,0
F901153,177.5,m_168,card_present,ES,20,0,0.614,0
F901154,85.7,m_022,wallet,IT,0,0,1.0,0
F901155,37.41,m_059,card_present,FR,17,0,0.559,0
F901156,110.21,m_160,card_not_present,FR,19,1,0.311,0
F901157,126.11,m_107,card_present,FR,18,0,0.47,1
F901158,28.64,m_113,card_present,FR,9,0,0.248,0
F901159,148.34,m_132,bank_transfer,DE,16,0,0.772,0
F901160,172.06,m_053,card_present,FR,13,0,0.795,0
F901161,137.58,m_035,bank_transfer,FR,15,1,0.696,0
F901162,81.01,m_131,wallet,IT,1,0,0.811,0
F901163,30.04,m_117,card_not_present,BE,13,0,0.918,0
F901164,61.39,m_129,card_not_present,FR,13,0,0.861,0
F901165,72.82,m_121,bank_transfer,ES,12,0,0.502,0
F901166,16.26,m_041,card_not_present,FR,18,0,0.608,0
F901167,142.7,m_134,card_not_present,FR,7,0,0.568,0
F901168,50.71,m_084,card_not_present,FR,1,1,0.65,0
F901169,14.45,m_164,card_not_present,FR,23,0,0.523,0
F901170,22.69,m_067,wallet,FR,12,0,0.613,0
F901171,40.37,m_131,card_present,ES,5,0,0.686,0
F901172,5.12,m_106,card_not_present,CH,9,1,0.563,0
F901173,210.75,m_033,card_not_present,DE,12,0,0.267,1
F901174,15.82,m_014,card_not_present,FR,16,0,1.0,0
F901175,97.75,m_161,card_not_present,FR,18,1,0.781,0
F901176,31.75,m_155,wallet,FR,11,1,0.686,0
F901177,49.89,m_160,bank_transfer,FR,7,0,0.603,0
F901178,36.4,m_022,card_not_present,CH,6,0,0.702,0
F901179,20.27,m_011,bank_transfer,FR,2,0,0.829,0
F901180,23.19,m_084,card_present,FR,9,0,0.435,0
F901181,34.92,m_148,card_not_present,FR,9,1,0.693,0
F901182,12.89,m_010,card_present,FR,5,1,0.899,0
F901183,31.83,m_159,card_present,DE,4,0,0.579,0
F901184,44.16,m_087,card_not_present,FR,2,0,0.856,0
F901185,33.97,m_119,card_present,FR,0,0,0.759,0
F901186,12.33,m_159,card_not_present,FR,17,1,0.724,1
F901187,9.88,m_045,card_present,DE,12,0,0.538,0
F901188,3.26,m_071,card_not_present,FR,15,1,0.335,1
F901189,255.79,m_162,card_not_present,ES,5,0,0.963,1
F901190,33.7,m_051,card_present,FR,9,1,0.745,0
F901191,20.68,m_144,card_present,FR,17,0,1.0,0
F901192,26.76,m_049,card_present,DE,14,0,0.715,0
F901193,53.66,m_096,card_not_present,DE,0,0,0.736,0
F901194,9.43,m_052,card_not_present,CH,10,0,0.848,0
F901195,18.83,m_070,bank_transfer,ES,13,1,0.546,0
F901196,14.75,m_178,wallet,DE,12,0,0.579,0
F901197,27.03,m_179,wallet,CH,9,0,0.74,0
F901198,25.46,m_169,card_present,FR,17,0,0.685,1
F901199,66.26,m_173,card_not_present,FR,10,1,0.812,1
F901200,19.54,m_154,card_not_present,FR,19,0,0.484,0
F901201,45.85,m_138,card_present,DE,13,0,0.926,0
F901202,16.07,m_026,bank_transfer,CH,5,1,0.818,0
F901203,20.01,m_048,bank_transfer,CH,4,0,0.603,0
F901204,30.92,m_069,card_present,CH,17,1,0.601,0
F901205,177.26,m_037,card_present,ES,8,1,0.583,0
F901206,17.59,m_124,card_not_present,FR,5,1,0.261,0
F901207,26.64,m_178,wallet,FR,14,0,0.675,0
F901208,48.37,m_145,card_not_present,BE,15,0,1.0,0
F901209,49.85,m_109,card_present,FR,11,0,0.266,0
F901210,11.53,m_090,wallet,FR,20,0,0.567,0
F901211,90.73,m_130,wallet,ES,0,0,0.565,0
F901212,22.89,m_156,wallet,IT,1,1,0.455,0
F901213,152.72,m_098,card_not_present,FR,9,0,0.848,0
F901214,11.57,m_166,wallet,FR,10,0,0.395,1
F901215,58.16,m_119,card_not_present,FR,2,0,0.689,0
F901216,26.56,m_002,card_present,FR,21,0,0.497,0
F901217,225.24,m_095,card_present,FR,6,0,1.0,0
F901218,88.85,m_172,card_not_present,FR,14,0,0.79,0
F901219,47.26,m_171,wallet,FR,23,0,0.744,0
F901220,374.77,m_079,card_not_present,FR,17,0,0.963,0
F901221,17.59,m_093,card_present,FR,6,0,0.54,0
F901222,73.52,m_066,card_present,FR,21,0,0.585,0
F901223,38.17,m_063,bank_transfer,FR,3,0,0.954,0
F901224,25.61,m_179,card_present,IT,2,0,0.481,0
F901225,120.24,m_146,card_not_present,FR,8,0,0.664,0
F901226,38.53,m_127,card_present,IT,0,0,0.797,0
F901227,65.32,m_153,card_not_present,FR,20,0,0.842,0
F901228,58.87,m_017,card_present,IT,15,1,0.697,0
F901229,31.29,m_080,card_present,DE,4,0,0.632,0
F901230,152.55,m_060,bank_transfer,FR,5,0,0.991,0
F901231,137.23,m_043,card_present,DE,5,0,0.608,0
F901232,29.39,m_022,card_not_present,FR,21,0,0.686,0
F901233,3.0,m_019,wallet,FR,10,0,0.934,0
F901234,8.09,m_095,card_not_present,DE,9,0,0.751,0
F901235,46.87,m_071,card_present,FR,1,0,0.682,0
F901236,62.77,m_095,wallet,FR,0,0,0.696,0
F901237,5.21,m_148,card_not_present,BE,4,0,0.784,0
F901238,22.83,m_154,card_not_present,FR,19,0,0.792,0
F901239,78.22,m_122,card_present,FR,0,0,0.607,0
F901240,14.43,m_035,card_not_present,FR,3,0,0.832,0
F901241,28.13,m_084,wallet,FR,17,0,0.655,0
F901242,21.62,m_021,card_not_present,FR,17,1,0.869,0
F901243,8.71,m_154,card_not_present,ES,11,0,0.65,0
F901244,123.73,m_101,card_present,FR,22,0,0.731,0
F901245,5.48,m_127,card_not_present,FR,12,0,0.762,0
F901246,43.09,m_087,card_not_present,FR,6,0,0.644,0
F901247,92.13,m_010,card_not_present,FR,5,0,0.969,1
F901248,13.83,m_118,card_not_present,FR,22,0,0.598,0
F901249,129.38,m_134,card_present,FR,4,1,0.935,0
F901250,31.23,m_177,card_not_present,FR,0,0,0.675,0
F901251,43.68,m_108,wallet,FR,5,0,0.625,0
F901252,23.26,m_160,card_not_present,FR,4,0,0.82,0
F901253,14.0,m_049,card_present,BE,16,0,0.809,0
F901254,31.58,m_017,card_not_present,FR,0,0,0.459,0
F901255,36.04,m_112,card_not_present,ES,5,0,0.703,0
F901256,5.07,m_018,card_not_present,BE,1,0,0.953,0
F901257,55.1,m_065,card_not_present,FR,16,0,0.378,0
F901258,26.18,m_093,card_not_present,FR,6,1,1.0,0
F901259,59.59,m_022,card_present,ES,12,0,0.668,0
F901260,167.94,m_059,card_present,FR,12,1,1.0,0
F901261,97.24,m_073,card_not_present,FR,9,1,0.577,0
F901262,21.55,m_171,card_not_present,DE,17,0,0.567,0
F901263,46.33,m_002,card_present,FR,14,0,0.382,0
F901264,107.6,m_093,card_present,FR,7,0,1.0,0
F901265,19.07,m_128,card_not_present,IT,10,0,1.0,0
F901266,52.38,m_091,card_present,BE,2,0,0.732,0
F901267,28.11,m_132,card_not_present,ES,7,0,0.694,0
F901268,58.83,m_125,card_not_present,FR,7,0,0.67,1
F901269,174.0,m_006,card_not_present,ES,2,0,0.998,0
F901270,36.54,m_004,card_present,IT,23,0,0.816,0
F901271,53.88,m_174,card_present,FR,13,0,0.401,1
F901272,57.55,m_143,card_not_present,FR,14,0,0.883,0
F901273,26.35,m_103,card_present,FR,3,0,0.518,0
F901274,111.89,m_099,card_not_present,FR,1,0,0.882,0
F901275,58.82,m_079,card_not_present,CH,13,0,0.908,0
F901276,15.1,m_006,card_not_present,DE,20,1,0.909,0
F901277,17.63,m_071,card_not_present,DE,10,0,0.644,0
F901278,91.23,m_121,card_present,BE,6,0,0.817,0
F901279,92.02,m_109,card_present,FR,13,0,0.81,0
F901280,,m_124,card_present,FR,1,0,0.332,0
F901281,,m_056,card_present,DE,21,0,0.592,0
F901282,12.34,m_030,card_present,FR,14,0,0.492,0
F901283,37.54,m_072,card_not_present,DE,2,0,0.643,0
F901284,31.12,m_042,card_present,FR,0,0,0.862,0
F901285,53.11,m_132,card_present,FR,5,1,0.643,0
F901286,51.84,m_081,card_not_present,CH,23,0,0.74,0
F901287,12.31,m_033,card_not_present,ES,22,0,0.78,0
F901288,51.27,m_031,card_not_present,DE,16,0,1.0,0
F901289,194.9,m_013,card_not_present,FR,16,0,0.549,0
F901290,23.66,m_042,card_not_present,BE,12,0,0.711,0
F901291,11.72,m_102,card_not_present,FR,1,1,0.527,0
F901292,4.4,m_042,card_not_present,IT,8,0,0.908,1
F901293,70.54,m_132,card_not_present,FR,2,0,0.994,0
F901294,76.75,m_001,card_not_present,FR,10,0,0.827,0
F901295,15.78,m_148,card_present,FR,4,0,0.705,0
F901296,28.86,m_055,card_not_present,FR,22,1,0.907,0
F901297,9.94,m_019,card_not_present,DE,9,0,0.71,0
F901298,69.95,m_152,wallet,FR,6,0,1.0,0
F901299,30.72,m_056,card_not_present,ES,4,0,0.821,1
F901300,118.19,m_035,card_present,FR,18,0,0.432,0
F901301,42.06,m_178,bank_transfer,FR,2,0,0.446,0
F901302,17.62,m_106,card_present,FR,3,0,0.664,0
F901303,31.9,m_144,card_present,FR,21,1,0.689,0
F901304,36.87,m_065,card_not_present,BE,17,0,0.745,0
F901305,46.1,m_000,card_present,IT,5,1,0.673,1
F901306,9.78,m_003,card_not_present,BE,14,1,0.619,0
F901307,26.23,m_012,wallet,ES,11,0,0.537,0
F901308,108.59,m_063,card_not_present,CH,12,0,0.679,0
F901309,103.72,m_040,card_not_present,IT,16,0,0.489,0
F901310,123.48,m_058,card_not_present,FR,17,0,0.986,0
F901311,29.17,m_102,card_not_present,FR,15,0,1.0,0
F901312,46.41,m_027,wallet,FR,15,0,0.677,0
F901313,31.25,m_149,card_not_present,FR,4,1,0.799,0
F901314,100.68,m_093,bank_transfer,FR,16,0,0.678,0
F901315,12.26,m_059,card_not_present,IT,7,1,0.443,0
F901316,20.55,m_082,bank_transfer,FR,2,0,0.843,0
F901317,73.62,m_151,card_not_present,FR,23,0,0.895,0
F901318,158.06,m_112,card_not_present,FR,21,0,1.0,0
F901319,26.1,m_158,card_not_present,FR,8,0,0.67,0
F901320,90.35,m_161,card_not_present,BE,8,0,0.751,0
F901321,62.07,m_032,card_not_present,FR,14,0,1.0,1
F901322,,m_051,card_present,FR,7,0,0.581,0
F901323,34.56,m_101,card_not_present,FR,1,0,0.707,0
F901324,48.5,m_046,card_present,FR,20,0,0.886,0
F901325,18.06,m_169,card_present,FR,12,0,0.743,0
F901326,136.46,m_096,card_not_present,FR,13,0,0.566,0
F901327,121.67,m_011,bank_transfer,ES,8,1,0.641,0
F901328,13.66,m_142,card_not_present,BE,14,1,0.595,0
F901329,47.03,m_101,card_present,FR,4,0,0.561,0
F901330,26.06,m_104,card_present,DE,17,0,0.754,0
F901331,35.67,m_061,card_not_present,CH,21,1,0.587,0
F901332,105.86,m_012,card_not_present,FR,20,0,0.851,0
F901333,35.59,m_061,wallet,IT,18,0,0.866,0
F901334,25.4,m_141,card_present,FR,7,0,0.625,0
F901335,209.12,m_089,card_not_present,FR,13,0,0.783,0
F901336,24.52,m_084,card_not_present,ES,13,0,0.772,0
F901337,,m_089,card_present,FR,1,0,0.671,0
F901338,521.76,m_175,card_not_present,FR,1,0,0.881,0
F901339,39.29,m_083,wallet,ES,3,0,0.822,0
F901340,36.88,m_132,wallet,FR,15,0,0.594,0
F901341,47.86,m_067,card_present,FR,13,0,0.782,0
F901342,12.47,m_087,card_present,IT,18,0,0.797,0
F901343,20.91,m_145,bank_transfer,FR,10,1,0.865,0
F901344,354.23,m_012,card_present,FR,18,1,0.788,1
F901345,47.0,m_164,card_present,FR,21,0,0.858,0
F901346,47.93,m_132,card_not_present,DE,5,0,0.475,0
F901347,3.28,m_101,card_present,CH,8,0,0.681,0
F901348,337.33,m_023,wallet,DE,18,0,0.541,0
F901349,17.86,m_040,card_present,FR,13,0,0.799,0
F901350,23.93,m_102,card_present,FR,21,0,0.532,0
F901351,14.33,m_139,card_not_present,FR,5,0,0.336,0
F901352,31.02,m_126,card_present,ES,14,0,0.787,0
F901353,13.2,m_014,wallet,FR,6,0,0.567,0
F901354,15.88,m_166,bank_transfer,FR,21,0,0.502,0
F901355,155.93,m_006,card_not_present,IT,20,1,0.412,0
F901356,43.83,m_168,card_not_present,BE,23,0,0.727,1
F901357,375.48,m_097,bank_transfer,FR,15,0,0.586,0
F901358,114.44,m_172,card_not_present,ES,22,0,0.598,0
F901359,9.06,m_114,wallet,DE,8,1,0.294,0
F901360,80.74,m_178,card_not_present,IT,1,1,0.633,1
F901361,110.15,m_038,card_not_present,FR,21,0,0.343,0
F901362,7.48,m_167,card_not_present,FR,14,0,0.636,0
F901363,36.81,m_022,card_not_present,IT,22,0,0.456,0
F901364,3.59,m_035,card_not_present,IT,1,0,0.509,0
F901365,27.56,m_142,card_not_present,IT,1,1,0.452,0
F901366,91.63,m_000,card_present,DE,13,0,0.805,0
F901367,81.72,m_044,card_not_present,FR,15,1,0.619,0
F901368,19.77,m_077,card_present,FR,6,0,0.728,0
F901369,175.88,m_147,card_not_present,DE,5,0,1.0,0
F901370,82.03,m_175,card_not_present,CH,4,0,1.0,0
F901371,186.47,m_105,card_not_present,FR,7,0,0.65,0
F901372,150.3,m_007,card_not_present,FR,12,1,0.563,0
F901373,38.95,m_134,wallet,FR,14,0,0.736,0
F901374,46.87,m_103,card_present,FR,15,0,0.713,0
F901375,58.83,m_079,wallet,BE,13,0,0.735,0
F901376,44.94,m_159,card_present,FR,2,0,0.656,0
F901377,22.44,m_083,card_present,FR,20,0,0.74,0
F901378,25.56,m_168,card_not_present,FR,0,0,0.856,0
F901379,35.84,m_094,wallet,FR,1,0,0.714,0
F901380,19.06,m_166,card_not_present,FR,3,0,0.522,0
F901381,47.42,m_102,card_present,FR,6,0,0.712,0
F901382,4.93,m_173,card_present,FR,1,0,0.663,0
F901383,31.58,m_119,card_not_present,FR,17,0,0.714,0
F901384,50.51,m_062,card_not_present,IT,18,0,0.727,0
F901385,32.16,m_134,bank_transfer,BE,20,0,0.457,0
F901386,17.91,m_016,card_not_present,FR,7,0,0.721,0
F901387,21.17,m_101,card_not_present,FR,5,0,0.611,1
F901388,15.51,m_114,card_not_present,FR,20,0,0.691,0
F901389,39.84,m_099,card_present,DE,14,0,0.723,0
F901390,20.7,m_071,card_present,IT,23,0,0.553,1
F901391,8.62,m_102,card_not_present,DE,9,0,0.671,0
F901392,65.02,m_048,bank_transfer,BE,18,1,0.597,0
F901393,107.08,m_077,wallet,,21,0,0.885,0
F901394,90.62,m_125,card_not_present,DE,10,0,0.717,0
F901395,33.62,m_043,card_not_present,FR,4,0,0.583,0
F901396,41.7,m_021,card_not_present,FR,19,0,0.788,1
F901397,32.33,m_018,card_not_present,FR,10,0,0.74,0
F901398,,m_088,bank_transfer,FR,18,0,0.934,0
F901399,29.44,m_174,card_not_present,FR,11,0,0.357,0
F901400,32.97,m_036,wallet,FR,12,1,0.518,0
F901401,8.79,m_149,card_not_present,DE,19,0,0.755,0
F901402,45.39,m_129,card_present,FR,13,0,0.96,0
F901403,4.23,m_179,card_present,FR,14,0,0.688,0
F901404,34.2,m_123,card_present,FR,2,1,0.707,0
F901405,7.01,m_011,card_present,FR,11,0,0.721,0
F901406,46.82,m_173,bank_transfer,ES,20,0,0.739,0
F901407,2.38,m_081,card_not_present,IT,22,0,0.618,0
F901408,88.44,m_128,card_present,DE,7,1,0.642,0
F901409,4.21,m_148,card_not_present,FR,7,0,0.878,0
F901410,35.41,m_141,card_not_present,FR,0,0,0.565,0
F901411,8.13,m_095,wallet,FR,8,0,0.782,0
F901412,19.05,m_047,bank_transfer,FR,15,1,0.575,0
F901413,66.34,m_135,bank_transfer,FR,5,0,0.656,0
F901414,94.74,m_030,card_present,ES,10,0,0.683,0
F901415,71.14,m_137,bank_transfer,ES,6,0,0.662,0
F901416,38.88,m_172,bank_transfer,FR,7,0,0.732,0
F901417,34.24,m_126,card_not_present,FR,2,0,0.672,0
F901418,5.79,m_161,card_not_present,FR,15,1,0.701,0
F901419,195.53,m_029,card_not_present,ES,4,0,1.0,0
F901420,19.33,m_041,card_present,FR,2,1,0.605,0
F901421,12.31,m_050,card_not_present,FR,12,0,0.938,0
F901422,100.69,m_067,card_present,FR,6,0,0.916,0
F901423,30.73,m_105,card_present,FR,15,1,0.81,0
F901424,126.83,m_171,card_present,FR,2,0,0.435,0
F901425,54.24,m_145,card_not_present,IT,6,0,0.645,0
F901426,93.89,m_021,card_present,,15,0,0.392,0
F901427,36.32,m_026,card_not_present,CH,23,0,0.828,0
F901428,36.59,m_062,card_present,FR,12,1,0.435,0
F901429,28.9,m_059,card_present,ES,11,1,0.574,1
F901430,,m_083,wallet,BE,17,0,1.0,0
F901431,37.94,m_166,card_present,FR,7,0,0.611,0
F901432,9.62,m_141,card_not_present,CH,23,0,0.839,0
F901433,134.65,m_029,card_not_present,FR,12,0,0.453,0
F901434,32.14,m_160,card_not_present,,10,0,0.822,0
F901435,34.45,m_161,card_not_present,IT,20,0,0.523,1
F901436,8.36,m_145,card_not_present,FR,8,0,0.534,0
F901437,89.98,m_152,wallet,FR,17,0,0.762,0
F901438,24.66,m_144,card_present,CH,20,0,0.841,0
F901439,153.35,m_040,card_not_present,BE,16,0,0.544,0
F901440,2.41,m_085,card_not_present,FR,14,0,0.845,0
F901441,4.98,m_111,card_not_present,FR,21,0,0.829,0
F901442,26.7,m_113,wallet,ES,19,1,0.968,0
F901443,125.69,m_149,card_present,FR,21,0,0.855,0
F901444,16.14,m_179,wallet,FR,22,1,0.771,1
F901445,48.69,m_164,wallet,FR,19,0,0.627,0
F901446,25.8,m_160,card_not_present,DE,1,0,0.48,0
F901447,109.58,m_068,card_not_present,FR,20,0,0.656,0
F901448,155.91,m_031,card_not_present,DE,18,1,0.774,0
F901449,202.74,m_114,card_not_present,FR,8,0,0.894,1
F901450,363.52,m_074,wallet,CH,8,0,0.447,0
F901451,35.8,m_128,card_not_present,IT,8,0,0.66,0
F901452,130.14,m_008,bank_transfer,FR,3,0,1.0,0
F901453,20.31,m_040,wallet,FR,8,0,0.653,0
F901454,28.64,m_059,card_present,ES,4,0,0.836,0
F901455,22.63,m_051,bank_transfer,FR,4,0,0.697,0
F901456,77.92,m_151,bank_transfer,ES,4,0,0.62,0
F901457,10.97,m_104,card_present,BE,14,0,0.772,0
F901458,15.87,m_031,card_present,FR,3,1,0.815,0
F901459,13.68,m_140,card_present,FR,23,0,0.84,0
F901460,9.81,m_072,card_present,FR,14,0,0.672,0
F901461,46.91,m_118,card_not_present,IT,2,0,0.383,0
F901462,9.35,m_127,card_not_present,FR,13,0,0.699,0
F901463,22.02,m_139,card_present,FR,6,1,0.51,0
F901464,,m_133,card_not_present,FR,8,1,0.747,0
F901465,237.84,m_086,card_not_present,FR,3,1,0.897,1
F901466,29.23,m_141,card_not_present,FR,11,0,0.529,0
F901467,26.54,m_068,card_present,FR,0,0,0.685,0
F901468,12.97,m_149,wallet,FR,2,1,0.709,0
F901469,14.05,m_140,card_not_present,FR,13,0,0.767,0
F901470,97.68,m_040,card_not_present,FR,3,0,0.674,0
F901471,42.08,m_090,wallet,FR,16,0,1.0,0
F901472,152.45,m_104,card_present,,19,0,0.439,0
F901473,82.76,m_169,card_not_present,IT,5,1,0.587,0
F901474,54.23,m_003,card_not_present,FR,18,0,0.614,0
F901475,15.75,m_024,bank_transfer,IT,15,0,0.837,0
F901476,18.68,m_086,card_not_present,FR,18,0,0.732,0
F901477,6.87,m_081,card_not_present,IT,21,0,0.432,0
F901478,204.76,m_132,card_not_present,DE,3,0,0.743,1
F901479,34.83,m_101,card_not_present,DE,3,1,0.762,0
F901480,8.54,m_178,card_not_present,IT,23,0,0.656,1
F901481,31.57,m_032,card_present,FR,23,1,0.617,0
F901482,102.83,m_039,bank_transfer,CH,4,0,0.664,0
F901483,,m_001,card_present,DE,6,0,0.177,0
F901484,213.32,m_017,card_not_present,ES,23,0,0.623,0
F901485,8.69,m_080,card_not_present,FR,9,0,0.629,0
F901486,7.57,m_017,card_present,BE,2,0,0.488,0
F901487,52.69,m_175,bank_transfer,IT,6,1,0.498,0
F901488,14.19,m_148,card_not_present,CH,11,0,0.738,1
F901489,33.16,m_096,wallet,FR,3,0,0.738,0
F901490,37.95,m_097,card_present,IT,5,0,0.661,0
F901491,2.33,m_105,card_not_present,IT,23,0,0.731,0
F901492,44.18,m_160,bank_transfer,,1,0,0.661,0
F901493,19.01,m_172,card_not_present,IT,7,0,0.741,0
F901494,77.16,m_068,card_present,FR,7,1,0.878,0
F901495,36.82,m_098,card_not_present,FR,18,0,0.539,0
F901496,5.48,m_094,wallet,CH,9,0,0.744,0
F901497,63.41,m_131,card_not_present,FR,10,0,0.798,1
F901498,53.27,m_152,card_present,FR,2,0,0.792,1
F901499,9.51,m_029,card_not_present,CH,11,0,0.605,0
F901500,60.96,m_179,card_not_present,IT,11,0,0.821,0
F901501,23.35,m_087,wallet,FR,15,0,0.881,0
F901502,171.66,m_152,card_not_present,FR,6,1,0.586,0
F901503,78.33,m_033,wallet,IT,11,0,0.665,0
F901504,19.7,m_074,bank_transfer,FR,22,0,0.793,0
F901505,59.91,m_088,card_not_present,DE,1,0,0.776,0
F901506,26.11,m_136,wallet,FR,1,0,0.693,0
F901507,40.61,m_154,card_present,DE,9,0,0.767,0
F901508,19.63,m_089,bank_transfer,FR,11,0,0.722,0
F901509,27.04,m_006,card_not_present,FR,10,0,0.832,0
F901510,5.51,m_098,wallet,FR,16,0,0.887,0
F901511,11.05,m_032,card_not_present,FR,10,0,0.765,0
F901512,61.3,m_134,card_present,FR,22,0,1.0,0
F901513,168.31,m_075,card_not_present,FR,7,1,0.755,0
F901514,16.09,m_085,card_present,FR,5,1,0.631,1
F901515,36.13,m_115,card_present,,22,0,0.707,0
F901516,143.32,m_157,card_not_present,FR,13,1,0.671,1
F901517,123.33,m_001,bank_transfer,FR,18,0,1.0,0
F901518,38.39,m_045,card_not_present,FR,3,0,0.677,0
F901519,9.39,m_100,card_not_present,FR,5,0,1.0,0
F901520,15.13,m_003,card_not_present,IT,22,0,0.765,0
F901521,38.34,m_124,wallet,FR,0,1,0.737,1
F901522,14.83,m_158,card_not_present,FR,4,0,0.405,0
F901523,80.03,m_148,bank_transfer,FR,4,0,0.676,0
F901524,13.47,m_157,card_not_present,FR,11,0,0.444,0
F901525,53.48,m_019,card_not_present,IT,0,0,0.664,0
F901526,11.95,m_080,card_present,FR,9,0,0.618,0
F901527,4.63,m_015,card_present,FR,19,1,0.412,0
F901528,114.71,m_093,wallet,ES,10,0,0.929,0
F901529,79.64,m_123,card_present,DE,13,1,1.0,0
F901530,23.35,m_069,card_present,FR,2,0,0.425,0
F901531,10.37,m_083,card_present,FR,13,0,0.818,0
F901532,43.61,m_002,card_present,FR,19,0,0.703,0
F901533,160.37,m_038,card_not_present,FR,23,0,0.698,0
F901534,27.72,m_105,card_not_present,CH,20,1,1.0,0
F901535,10.56,m_066,card_not_present,FR,11,0,0.709,0
F901536,49.01,m_081,card_not_present,DE,0,0,0.852,0
F901537,57.37,m_134,card_not_present,FR,16,0,0.728,0
F901538,18.22,m_015,card_not_present,FR,15,0,0.606,0
F901539,90.47,m_145,card_not_present,FR,22,0,0.617,0
F901540,93.33,m_089,card_not_present,FR,19,0,0.837,0
F901541,18.03,m_028,card_present,FR,5,1,0.623,0
F901542,60.33,m_057,card_not_present,FR,9,0,0.633,0
F901543,60.26,m_147,card_present,FR,9,0,0.737,0
F901544,29.03,m_001,card_not_present,CH,12,0,0.525,0
F901545,21.38,m_089,bank_transfer,FR,15,1,0.827,0
F901546,43.33,m_005,card_present,FR,1,0,1.0,0
F901547,17.19,m_122,card_not_present,ES,1,0,0.801,0
F901548,24.63,m_040,card_present,FR,8,1,0.682,0
F901549,8.05,m_084,card_not_present,FR,20,0,0.717,0
F901550,17.68,m_002,wallet,FR,22,0,0.613,0
F901551,24.67,m_002,card_present,FR,19,0,0.978,0
F901552,75.1,m_148,card_not_present,,1,0,0.595,1
F901553,54.42,m_070,bank_transfer,FR,6,0,0.721,0
F901554,22.65,m_102,card_present,IT,12,0,0.837,0
F901555,31.04,m_053,card_present,FR,7,1,0.908,0
F901556,27.92,m_045,card_present,DE,15,0,0.769,1
F901557,15.65,m_058,card_present,IT,0,0,0.702,0
F901558,20.59,m_052,bank_transfer,DE,22,0,0.632,0
F901559,26.88,m_051,wallet,ES,23,0,0.718,0
F901560,39.75,m_052,card_not_present,FR,22,1,0.707,1
F901561,77.14,m_007,wallet,ES,12,0,1.0,0
F901562,12.29,m_147,card_present,DE,16,0,0.684,0
F901563,376.4,m_169,card_present,IT,5,0,0.667,0
F901564,21.2,m_178,card_not_present,DE,8,0,0.751,0
F901565,20.51,m_007,card_present,ES,8,0,0.589,0
F901566,14.45,m_004,wallet,FR,18,0,0.731,0
F901567,16.14,m_062,bank_transfer,FR,19,0,0.972,0
F901568,20.6,m_080,card_present,FR,3,0,0.647,0
F901569,14.26,m_080,wallet,ES,20,0,0.698,0
F901570,132.24,m_166,card_not_present,FR,0,0,0.822,0
F901571,49.32,m_162,card_present,FR,19,0,0.796,0
F901572,8.48,m_003,card_present,FR,6,1,0.5,0
F901573,202.81,m_031,card_present,DE,16,0,0.731,0
F901574,45.58,m_090,card_not_present,BE,3,1,0.969,0
F901575,30.05,m_170,card_present,FR,12,0,0.731,0
F901576,59.92,m_145,card_not_present,FR,13,1,0.449,1
F901577,,m_166,card_present,FR,13,0,0.797,0
F901578,48.03,m_099,card_not_present,IT,15,0,0.272,1
F901579,35.88,m_009,card_not_present,FR,11,0,0.878,1
F901580,166.82,m_120,card_present,FR,5,0,0.626,0
F901581,88.65,m_124,wallet,FR,1,0,1.0,0
F901582,13.62,m_138,card_present,CH,11,0,0.619,0
F901583,3.2,m_073,card_present,DE,4,0,0.651,0
F901584,24.62,m_110,card_not_present,FR,10,1,0.976,0
F901585,24.84,m_139,card_not_present,ES,2,0,0.687,1
F901586,19.09,m_162,card_present,DE,4,0,0.75,1
F901587,14.14,m_013,card_not_present,FR,7,1,0.41,0
F901588,60.87,m_167,card_present,DE,0,0,0.818,0
F901589,85.79,m_011,card_not_present,FR,2,0,0.602,0
F901590,13.87,m_008,bank_transfer,IT,0,0,1.0,0
F901591,122.77,m_129,card_not_present,IT,19,1,0.837,0
F901592,41.95,m_094,card_not_present,CH,15,0,0.809,0
F901593,76.3,m_011,card_present,FR,0,0,0.575,0
F901594,21.13,m_019,card_not_present,DE,4,0,1.0,0
F901595,5.67,m_035,card_present,FR,6,0,0.66,0
F901596,20.9,m_153,wallet,BE,0,0,0.696,0
F901597,6.92,m_162,wallet,FR,11,0,0.682,0
F901598,19.55,m_157,card_present,FR,16,0,0.898,0
F901599,43.49,m_019,bank_transfer,FR,1,1,0.435,0
F901600,29.45,m_143,card_not_present,CH,12,0,0.635,0
F901601,19.17,m_162,card_not_present,FR,13,1,0.551,0
F901602,27.3,m_070,card_present,FR,11,0,0.507,0
F901603,5.93,m_097,card_not_present,FR,14,0,0.779,0
F901604,30.18,m_043,card_present,FR,3,0,0.659,0
F901605,22.4,m_010,card_not_present,ES,21,0,0.816,0
F901606,116.61,m_059,card_present,FR,15,0,0.652,0
F901607,57.54,m_018,card_not_present,DE,4,0,0.824,1
F901608,41.6,m_045,card_not_present,FR,11,0,0.623,0
F901609,66.79,m_003,bank_transfer,IT,12,0,0.697,0
F901610,54.09,m_144,bank_transfer,FR,13,1,0.467,0
F901611,35.12,m_076,wallet,FR,19,0,0.484,0
F901612,33.76,m_126,card_present,FR,23,0,0.731,0
F901613,205.0,m_027,card_present,ES,6,1,0.75,0
F901614,8.13,m_067,card_not_present,FR,5,1,1.0,0
F901615,195.22,m_179,card_not_present,FR,8,1,0.74,1
F901616,23.23,m_155,bank_transfer,FR,22,0,0.919,0
F901617,13.12,m_124,card_present,FR,11,0,0.616,0
F901618,35.3,m_105,card_not_present,FR,7,0,0.63,0
F901619,79.28,m_153,card_not_present,FR,4,0,0.737,0
F901620,8.53,m_149,bank_transfer,FR,5,0,0.457,0
F901621,33.51,m_031,card_present,ES,19,0,0.712,0
F901622,46.18,m_061,card_not_present,FR,11,0,0.654,0
F901623,14.07,m_005,card_not_present,ES,11,0,0.714,0
F901624,47.07,m_029,card_not_present,CH,16,1,0.615,0
F901625,25.06,m_151,card_not_present,BE,20,0,1.0,0
F901626,6.64,m_080,card_present,FR,9,0,0.658,0
F901627,6.35,m_112,card_not_present,CH,5,1,0.937,0
F901628,32.56,m_072,card_present,DE,13,0,0.914,0
F901629,34.53,m_160,bank_transfer,FR,18,0,0.681,0
F901630,61.58,m_041,card_not_present,FR,12,0,0.593,0
F901631,180.5,m_108,card_not_present,FR,14,0,0.914,0
F901632,6.56,m_046,card_not_present,,2,1,0.687,0
F901633,64.83,m_079,wallet,FR,18,0,0.579,0
F901634,133.91,m_150,card_present,ES,14,1,0.822,1
F901635,98.84,m_163,card_present,ES,6,0,0.629,0
F901636,32.78,m_100,card_not_present,DE,20,0,0.595,0
F901637,36.13,m_100,card_not_present,FR,14,1,0.728,0
F901638,68.96,m_009,card_present,FR,5,0,0.918,0
F901639,6.08,m_087,card_present,BE,8,0,0.538,0
F901640,41.73,m_134,card_not_present,FR,2,0,0.607,0
F901641,190.68,m_110,card_present,FR,8,0,0.882,0
F901642,29.15,m_030,card_not_present,CH,16,0,0.674,0
F901643,14.94,m_128,card_present,FR,16,0,0.876,0
F901644,105.5,m_121,card_present,FR,14,0,0.84,0
F901645,6.08,m_078,card_present,FR,20,0,0.549,0
F901646,53.54,m_171,card_not_present,BE,20,0,0.816,0
F901647,18.88,m_111,card_present,CH,12,0,0.632,0
F901648,,m_088,card_present,FR,20,1,0.755,0
F901649,17.4,m_157,bank_transfer,FR,2,0,0.779,0
F901650,3.43,m_123,card_present,FR,5,0,0.456,0
F901651,11.64,m_074,card_present,,8,0,1.0,0
F901652,36.13,m_083,card_not_present,FR,18,1,0.529,0
F901653,55.42,m_082,card_not_present,ES,21,1,0.591,0
F901654,105.17,m_164,card_not_present,BE,22,0,0.88,0
F901655,42.5,m_050,card_present,ES,15,0,0.681,0
F901656,161.92,m_000,card_present,FR,0,0,0.864,0
F901657,38.9,m_120,card_not_present,FR,16,0,0.769,0
F901658,135.57,m_063,card_present,FR,19,0,0.59,0
F901659,9.62,m_080,card_not_present,FR,9,0,0.664,0
F901660,11.46,m_078,card_not_present,BE,13,1,0.371,0
F901661,113.37,m_149,card_present,DE,16,0,0.739,0
F901662,18.06,m_020,card_not_present,FR,1,0,0.291,0
F901663,91.28,m_109,card_not_present,DE,10,0,0.783,0
F901664,84.0,m_103,bank_transfer,DE,16,0,0.874,0
F901665,72.4,m_109,card_not_present,FR,21,1,0.578,0
F901666,9.71,m_001,card_present,ES,4,0,0.549,0
F901667,,m_008,card_not_present,FR,4,0,0.589,0
F901668,21.61,m_030,card_not_present,ES,3,0,0.532,0
F901669,48.68,m_169,wallet,IT,12,1,0.921,0
F901670,110.4,m_143,card_not_present,IT,22,0,0.864,0
F901671,60.69,m_167,bank_transfer,IT,22,0,0.521,0
F901672,38.84,m_162,card_present,ES,8,0,0.551,0
F901673,23.05,m_082,bank_transfer,IT,18,1,0.724,0
F901674,39.81,m_104,card_not_present,FR,15,0,0.716,0
F901675,77.57,m_163,card_present,DE,11,0,0.776,0
F901676,10.32,m_136,card_not_present,FR,0,0,0.757,0
F901677,80.84,m_152,card_not_present,ES,17,1,0.929,0
F901678,137.19,m_086,card_not_present,DE,21,0,0.613,0
F901679,27.74,m_048,card_present,FR,15,0,0.467,0
F901680,23.13,m_019,card_not_present,IT,5,0,0.782,0
F901681,9.79,m_041,card_not_present,BE,4,0,0.724,0
F901682,18.73,m_066,card_present,FR,23,1,1.0,0
F901683,445.95,m_104,card_not_present,DE,21,0,0.82,0
F901684,16.7,m_010,card_present,CH,23,0,0.454,0
F901685,40.5,m_103,card_present,IT,19,0,0.698,0
F901686,52.49,m_092,card_not_present,ES,6,0,0.592,0
F901687,25.14,m_061,wallet,FR,15,0,0.508,0
F901688,17.5,m_030,card_not_present,FR,13,1,0.551,0
F901689,65.09,m_024,card_not_present,BE,17,0,0.546,0
F901690,176.56,m_059,card_not_present,FR,17,0,0.71,0
F901691,98.66,m_023,card_present,FR,12,0,0.969,0
F901692,50.61,m_165,card_not_present,DE,8,0,0.82,0
F901693,9.65,m_102,card_present,FR,11,0,0.747,0
F901694,108.55,m_160,wallet,FR,12,0,0.603,0
F901695,416.17,m_132,card_present,CH,15,0,0.838,0
F901696,39.27,m_051,card_not_present,BE,7,0,0.809,1
F901697,119.19,m_175,card_not_present,ES,7,1,0.735,0
F901698,47.58,m_066,wallet,FR,17,1,0.294,0
F901699,31.91,m_019,card_not_present,FR,20,0,0.562,0
F901700,13.09,m_128,card_not_present,BE,15,0,0.438,0
F901701,35.87,m_128,wallet,FR,16,0,0.474,0
F901702,8.59,m_127,card_present,FR,9,0,0.565,0
F901703,16.98,m_052,card_not_present,FR,4,0,0.699,0
F901704,,m_013,card_not_present,DE,13,0,0.753,0
F901705,317.29,m_057,wallet,FR,22,0,0.646,0
F901706,66.67,m_072,bank_transfer,BE,9,0,0.999,0
F901707,83.7,m_005,card_not_present,FR,12,0,0.837,0
F901708,20.03,m_123,card_present,FR,17,0,0.582,0
F901709,29.6,m_002,card_present,FR,6,0,0.509,0
F901710,15.49,m_170,bank_transfer,FR,21,0,0.109,0
F901711,86.63,m_050,card_present,CH,7,0,0.469,1
F901712,81.0,m_055,card_not_present,ES,9,1,0.906,0
F901713,10.3,m_108,wallet,FR,12,0,0.685,0
F901714,28.94,m_150,card_present,CH,2,0,0.989,0
F901715,77.84,m_085,wallet,FR,22,1,0.637,1
F901716,363.07,m_011,card_not_present,ES,23,0,0.809,0
F901717,82.9,m_016,wallet,FR,16,0,0.746,0
F901718,60.26,m_067,card_not_present,FR,4,0,0.67,1
F901719,40.88,m_115,bank_transfer,FR,16,1,0.747,0
F901720,4.62,m_159,card_present,FR,2,0,0.942,0
F901721,39.73,m_125,bank_transfer,FR,4,1,0.774,0
F901722,127.92,m_132,card_present,BE,5,1,0.649,0
F901723,11.17,m_030,wallet,FR,7,0,0.639,0
F901724,47.27,m_015,card_not_present,FR,19,0,0.77,0
F901725,53.39,m_155,card_present,DE,21,1,0.552,0
F901726,18.96,m_114,card_not_present,BE,21,0,0.876,0
F901727,27.35,m_136,card_present,CH,12,0,0.834,0
F901728,56.94,m_166,card_not_present,DE,4,0,0.574,0
F901729,18.83,m_019,card_present,FR,12,0,0.788,0
F901730,42.01,m_046,bank_transfer,DE,7,0,0.567,0
F901731,138.28,m_110,card_not_present,ES,12,0,0.484,0
F901732,194.38,m_118,wallet,FR,8,0,0.447,0
F901733,3.58,m_174,card_present,FR,23,1,0.53,0
F901734,19.59,m_071,card_not_present,DE,12,0,0.648,0
F901735,17.91,m_009,card_present,CH,17,0,0.872,0
F901736,33.28,m_154,card_not_present,FR,13,0,0.624,0
F901737,8.3,m_156,card_not_present,FR,0,0,0.74,0
F901738,64.64,m_177,card_not_present,ES,11,1,0.622,0
F901739,85.09,m_073,card_present,FR,4,0,0.96,0
F901740,27.4,m_017,wallet,FR,5,0,0.579,0
F901741,43.04,m_083,card_not_present,BE,0,0,0.434,0
F901742,33.93,m_170,card_not_present,ES,0,0,0.815,0
F901743,15.33,m_127,card_not_present,FR,13,0,0.588,0
F901744,608.61,m_133,wallet,FR,8,0,0.944,0
F901745,18.44,m_024,card_present,CH,5,0,0.843,0
F901746,133.91,m_146,card_present,IT,11,0,0.693,0
F901747,45.32,m_168,card_not_present,FR,8,0,0.707,0
F901748,131.51,m_158,card_present,CH,18,0,0.618,1
F901749,62.63,m_037,card_present,FR,4,0,0.952,0
F901750,449.38,m_102,card_not_present,CH,2,0,0.824,0
F901751,16.63,m_145,wallet,FR,8,1,0.987,0
F901752,44.77,m_112,card_present,FR,3,1,0.602,0
F901753,83.23,m_030,card_not_present,DE,7,1,0.896,0
F901754,56.27,m_128,card_present,FR,21,1,0.667,0
F901755,77.59,m_075,card_not_present,FR,13,1,0.755,0
F901756,278.19,m_142,card_present,DE,12,0,0.76,0
F901757,96.51,m_035,card_present,BE,15,0,0.633,0
F901758,9.85,m_043,card_not_present,DE,0,0,0.697,0
F901759,7.54,m_051,card_present,FR,10,0,0.743,0
F901760,32.77,m_171,card_not_present,DE,23,1,0.823,0
F901761,67.27,m_179,bank_transfer,CH,5,1,0.891,0
F901762,130.23,m_074,card_present,FR,3,0,0.429,1
F901763,442.65,m_075,card_not_present,FR,1,1,0.542,0
F901764,28.5,m_090,card_not_present,IT,18,1,0.282,0
F901765,37.37,m_148,card_not_present,FR,12,0,0.578,0
F901766,204.72,m_063,card_present,FR,10,0,0.725,0
F901767,52.19,m_058,card_not_present,FR,10,0,0.74,0
F901768,114.27,m_135,card_not_present,FR,11,0,0.532,1
F901769,166.47,m_100,card_present,DE,23,0,0.809,0
F901770,47.07,m_124,card_not_present,FR,20,0,1.0,0
F901771,79.36,m_162,card_not_present,FR,3,0,0.661,0
F901772,66.94,m_064,card_not_present,DE,23,0,0.66,1
F901773,9.86,m_126,card_present,FR,14,0,0.683,1
F901774,43.32,m_037,card_not_present,CH,14,0,0.605,0
F901775,41.07,m_157,card_present,FR,16,0,0.954,0
F901776,29.97,m_049,card_present,FR,11,0,0.795,0
F901777,38.87,m_131,card_not_present,FR,11,0,0.75,0
F901778,26.0,m_112,bank_transfer,FR,4,0,0.61,0
F901779,93.66,m_044,card_present,FR,4,0,0.752,0
F901780,23.85,m_087,card_not_present,FR,8,0,0.986,0
F901781,27.45,m_059,card_not_present,FR,9,1,0.775,1
F901782,103.08,m_167,card_present,DE,16,0,0.736,0
F901783,14.04,m_093,wallet,BE,18,0,1.0,0
F901784,46.38,m_169,card_not_present,FR,14,0,0.798,0
F901785,14.35,m_153,card_present,FR,9,1,0.597,0
F901786,156.44,m_074,card_present,FR,20,0,0.911,0
F901787,86.51,m_053,card_present,FR,14,0,0.867,1
F901788,224.56,m_121,card_present,FR,20,1,0.583,0
F901789,90.6,m_132,bank_transfer,FR,8,1,0.62,0
F901790,30.76,m_152,card_not_present,FR,19,0,0.686,0
F901791,10.42,m_092,card_present,FR,5,0,0.757,0
F901792,60.23,m_120,card_not_present,IT,21,0,0.856,1
F901793,14.94,m_069,card_present,FR,22,0,0.918,0
F901794,84.17,m_093,wallet,FR,3,0,0.746,0
F901795,16.53,m_156,wallet,FR,6,0,0.885,0
F901796,25.6,m_091,bank_transfer,FR,5,0,0.926,0
F901797,4.27,m_143,card_present,CH,10,0,0.77,0
F901798,20.22,m_154,card_present,FR,8,0,0.571,0
F901799,41.32,m_038,card_present,CH,17,0,0.5,1
F901800,10.77,m_134,card_not_present,IT,20,0,0.486,0
F901801,5.86,m_065,bank_transfer,BE,4,0,0.823,0
F901802,142.87,m_070,bank_transfer,FR,2,0,0.583,0
F901803,40.25,m_031,card_present,FR,2,0,0.449,0
F901804,30.2,m_100,wallet,FR,1,0,0.794,0
F901805,13.18,m_114,card_not_present,DE,6,0,0.993,1
F901806,24.74,m_011,card_not_present,FR,11,0,0.829,0
F901807,28.09,m_062,card_not_present,FR,17,0,0.959,0
F901808,60.66,m_067,card_not_present,FR,20,0,0.544,1
F901809,28.15,m_135,wallet,FR,11,0,0.797,0
F901810,57.21,m_103,card_present,FR,5,1,0.696,0
F901811,33.75,m_144,card_not_present,ES,3,0,0.655,0
F901812,41.71,m_062,card_not_present,FR,19,0,0.478,0
F901813,8.56,m_019,card_present,FR,5,1,0.495,0
F901814,6.31,m_060,bank_transfer,DE,1,0,0.434,0
F901815,47.54,m_004,card_present,FR,13,0,0.98,0
F901816,24.43,m_009,wallet,IT,20,0,0.877,0
F901817,98.6,m_092,card_present,FR,18,0,0.699,0
F901818,2.8,m_094,card_present,FR,8,1,0.587,1
F901819,7.23,m_159,card_not_present,DE,22,0,0.522,0
F901820,5.69,m_070,card_present,CH,23,0,0.79,1
F901821,13.16,m_128,wallet,IT,10,1,0.613,0
F901822,36.13,m_029,card_not_present,IT,11,0,0.637,0
F901823,43.79,m_161,card_not_present,FR,17,0,0.592,0
F901824,39.25,m_036,card_not_present,FR,20,0,0.82,0
F901825,74.43,m_075,bank_transfer,FR,18,0,0.746,0
F901826,330.74,m_117,card_not_present,FR,11,0,0.726,0
F901827,55.64,m_163,card_present,DE,19,0,0.324,0
F901828,72.3,m_100,card_not_present,FR,4,0,0.855,0
F901829,9.55,m_024,card_not_present,DE,22,0,0.483,0
F901830,19.21,m_080,card_not_present,FR,14,1,0.968,0
F901831,103.47,m_027,card_not_present,CH,2,0,0.539,0
F901832,22.73,m_089,bank_transfer,FR,15,1,1.0,0
F901833,7.94,m_056,card_not_present,FR,3,0,0.813,1
F901834,10.22,m_156,card_present,FR,3,0,0.961,0
F901835,14.3,m_141,card_not_present,CH,7,0,0.967,0
F901836,23.61,m_069,card_present,CH,16,0,0.784,0
F901837,7.51,m_061,wallet,ES,23,0,0.827,0
F901838,34.73,m_016,card_present,FR,4,0,0.79,1
F901839,23.72,m_050,card_not_present,CH,2,0,0.913,0
F901840,9.21,m_161,card_not_present,IT,13,0,0.53,0
F901841,2.94,m_171,card_not_present,FR,19,1,0.359,0
F901842,15.64,m_067,card_present,IT,11,1,0.736,0
F901843,31.63,m_128,card_present,FR,11,0,0.448,0
F901844,18.12,m_022,bank_transfer,FR,23,0,0.784,0
F901845,18.85,m_020,card_not_present,FR,15,0,0.907,0
F901846,28.67,m_044,card_present,FR,4,0,0.837,0
F901847,51.46,m_061,card_present,FR,8,1,0.648,0
F901848,39.54,m_168,card_not_present,FR,3,0,0.425,0
F901849,,m_022,wallet,FR,7,0,0.368,0
F901850,48.15,m_100,card_not_present,IT,22,0,0.882,0
F901851,48.85,m_079,card_present,CH,7,0,0.628,0
F901852,72.77,m_019,wallet,FR,17,0,0.777,0
F901853,71.36,m_059,card_present,BE,14,0,1.0,0
F901854,35.32,m_070,wallet,DE,18,0,0.907,0
F901855,25.97,m_025,card_not_present,DE,8,0,0.851,0
F901856,34.49,m_177,card_not_present,ES,16,0,0.855,1
F901857,8.04,m_119,card_not_present,FR,12,0,0.458,0
F901858,40.27,m_102,card_not_present,FR,8,0,0.494,0
F901859,54.62,m_074,bank_transfer,IT,16,0,1.0,0
F901860,17.92,m_172,card_not_present,FR,13,0,0.666,1
F901861,54.06,m_065,wallet,FR,4,0,1.0,0
F901862,118.03,m_157,card_present,DE,20,0,0.892,0
F901863,33.19,m_098,wallet,DE,23,0,1.0,0
F901864,33.68,m_033,card_not_present,IT,3,0,1.0,0
F901865,103.1,m_128,card_present,FR,4,0,0.553,0
F901866,14.91,m_058,card_not_present,FR,17,0,0.929,0
F901867,80.28,m_167,card_not_present,BE,15,0,0.755,0
F901868,31.02,m_087,wallet,FR,6,0,0.813,0
F901869,32.87,m_005,card_present,CH,12,0,0.727,0
F901870,153.05,m_176,card_not_present,FR,9,1,1.0,0
F901871,6.84,m_024,card_present,FR,1,0,0.882,0
F901872,72.69,m_088,card_not_present,IT,19,0,0.611,0
F901873,5.54,m_021,bank_transfer,ES,2,0,0.634,0
F901874,9.91,m_047,card_not_present,FR,5,0,0.651,0
F901875,31.96,m_048,card_not_present,FR,17,0,0.857,0
F901876,36.0,m_082,card_not_present,FR,12,0,0.778,0
F901877,56.68,m_168,card_not_present,FR,12,0,0.716,0
F901878,133.6,m_051,card_not_present,FR,18,0,0.275,0
F901879,52.23,m_066,wallet,FR,11,0,0.543,0
F901880,34.22,m_014,wallet,FR,3,0,0.651,0
F901881,,m_009,card_present,FR,16,0,0.512,0
F901882,51.31,m_022,card_not_present,ES,9,0,0.717,0
F901883,5.56,m_023,card_not_present,IT,18,0,0.77,0
F901884,27.17,m_070,card_not_present,FR,14,0,0.488,0
F901885,73.78,m_179,wallet,FR,22,0,0.708,0
F901886,49.81,m_021,card_present,DE,16,0,0.797,0
F901887,36.47,m_016,card_not_present,DE,19,0,0.751,0
F901888,46.1,m_008,card_not_present,FR,22,0,0.566,1
F901889,34.27,m_109,card_present,FR,9,0,0.733,0
F901890,34.04,m_059,wallet,FR,2,0,0.716,0
F901891,94.11,m_015,card_present,FR,21,0,0.624,0
F901892,14.68,m_054,card_not_present,FR,16,1,0.511,0
F901893,12.31,m_171,card_not_present,FR,5,0,0.604,1
F901894,3.42,m_024,card_present,ES,6,0,0.536,0
F901895,5.56,m_029,card_not_present,FR,8,0,0.885,0
F901896,16.79,m_157,card_present,ES,0,0,0.316,0
F901897,36.72,m_042,card_present,ES,12,1,0.25,0
F901898,48.95,m_178,card_present,CH,5,1,0.674,1
F901899,18.07,m_002,card_not_present,FR,20,0,0.794,0
F901900,37.11,m_090,card_not_present,DE,6,0,0.866,1
F901901,56.26,m_026,card_not_present,FR,8,1,0.439,0
F901902,18.81,m_025,card_not_present,FR,12,0,0.802,0
F901903,22.67,m_102,card_present,DE,2,0,0.499,0
F901904,30.9,m_096,wallet,FR,21,0,0.675,0
F901905,30.61,m_144,card_not_present,FR,9,0,0.74,0
F901906,128.95,m_120,card_not_present,ES,18,0,0.673,0
F901907,37.25,m_086,card_present,FR,9,1,0.497,0
F901908,13.9,m_174,card_not_present,FR,3,0,0.872,0
F901909,49.86,m_067,card_present,CH,12,0,0.433,0
F901910,192.13,m_072,card_not_present,BE,1,0,0.466,1
F901911,34.88,m_154,wallet,ES,23,0,1.0,0
F901912,86.11,m_115,card_not_present,FR,8,0,0.619,0
F901913,36.87,m_040,card_not_present,FR,19,0,0.89,0
F901914,35.53,m_011,wallet,FR,3,1,0.442,0
F901915,2.77,m_119,card_present,BE,15,1,0.785,1
F901916,46.78,m_131,card_not_present,IT,18,0,0.705,0
F901917,5.34,m_153,wallet,ES,21,0,0.676,0
F901918,28.52,m_152,card_not_present,FR,14,0,0.781,0
F901919,35.68,m_053,bank_transfer,FR,12,1,0.459,0
F901920,171.11,m_066,card_present,FR,5,0,1.0,0
F901921,43.76,m_115,card_not_present,BE,15,0,0.4,0
F901922,24.97,m_177,bank_transfer,DE,0,1,0.789,0
F901923,74.7,m_033,card_not_present,FR,0,0,0.865,0
F901924,26.37,m_061,card_not_present,ES,12,0,0.864,0
F901925,335.1,m_008,card_not_present,CH,10,0,0.605,0
F901926,151.43,m_141,card_not_present,FR,4,0,0.808,0
F901927,5.31,m_085,bank_transfer,FR,4,0,1.0,0
F901928,8.02,m_077,card_not_present,FR,22,0,1.0,0
F901929,142.72,m_056,card_present,FR,17,1,0.598,0
F901930,126.92,m_013,card_present,FR,15,0,0.724,0
F901931,9.55,m_133,card_present,FR,19,1,0.855,0
F901932,13.36,m_123,card_not_present,FR,16,1,0.751,0
F901933,434.13,m_044,card_present,DE,15,1,0.771,0
F901934,54.57,m_133,card_not_present,FR,23,1,0.542,0
F901935,190.3,m_153,card_present,DE,21,0,0.836,0
F901936,25.46,m_080,card_present,FR,4,0,0.738,0
F901937,58.16,m_054,bank_transfer,FR,14,0,0.657,0
F901938,18.33,m_127,card_present,IT,8,0,0.656,0
F901939,56.27,m_135,card_not_present,CH,16,0,0.345,0
F901940,56.4,m_039,bank_transfer,CH,10,1,0.821,0
F901941,14.61,m_030,bank_transfer,DE,22,0,0.261,0
F901942,52.71,m_078,card_not_present,IT,17,0,0.856,0
F901943,30.83,m_061,card_present,FR,0,0,0.637,0
F901944,6.42,m_080,card_not_present,FR,15,0,0.506,0
F901945,22.95,m_125,card_not_present,BE,8,0,0.766,0
F901946,14.53,m_056,card_present,FR,17,0,0.57,0
F901947,24.76,m_151,card_not_present,FR,22,1,0.725,0
F901948,8.09,m_037,wallet,FR,2,0,0.85,0
F901949,35.15,m_066,card_not_present,FR,8,0,0.61,0
F901950,213.76,m_105,card_present,BE,4,0,0.714,0
F901951,24.13,m_130,card_not_present,IT,17,0,0.706,0
F901952,17.19,m_027,card_present,DE,11,0,0.929,0
F901953,19.52,m_139,card_present,ES,6,0,0.648,0
F901954,67.21,m_016,card_present,ES,16,0,0.835,0
F901955,92.07,m_029,card_present,,8,0,0.809,0
F901956,94.77,m_084,card_not_present,DE,9,0,0.761,0
F901957,28.85,m_019,card_not_present,CH,17,0,0.567,0
F901958,8.95,m_035,card_not_present,FR,7,0,0.831,0
F901959,16.09,m_140,card_present,BE,16,0,0.677,0
F901960,90.42,m_010,card_not_present,FR,12,1,0.859,1
F901961,18.72,m_066,card_present,BE,1,0,0.851,0
F901962,50.17,m_084,card_not_present,FR,21,0,1.0,0
F901963,23.19,m_061,wallet,FR,2,0,0.504,0
F901964,33.74,m_062,card_not_present,FR,12,0,0.7,0
F901965,36.14,m_042,card_not_present,FR,16,0,0.89,0
F901966,,m_120,card_present,FR,19,0,0.611,0
F901967,24.17,m_071,card_not_present,FR,5,0,0.805,0
F901968,23.03,m_166,card_not_present,FR,0,0,0.952,0
F901969,191.99,m_023,card_present,CH,10,1,0.67,0
F901970,28.29,m_172,card_present,FR,18,0,0.733,0
F901971,,m_156,card_not_present,DE,6,0,0.461,0
F901972,34.22,m_152,card_present,BE,14,0,0.932,0
F901973,133.36,m_125,card_present,FR,17,0,0.403,0
F901974,31.67,m_123,wallet,FR,2,1,0.673,0
F901975,42.02,m_001,bank_transfer,FR,7,1,0.773,0
F901976,272.23,m_141,wallet,,9,0,0.76,0
F901977,15.15,m_178,wallet,FR,10,0,0.602,0
F901978,114.49,m_076,card_not_present,IT,9,0,0.67,0
F901979,12.52,m_167,card_present,FR,1,1,0.789,0
F901980,66.38,m_009,wallet,FR,12,1,0.549,0
F901981,13.0,m_139,card_present,DE,14,1,0.428,0
F901982,8.73,m_113,card_present,FR,10,0,0.786,0
F901983,82.8,m_151,wallet,FR,7,0,0.831,0
F901984,22.25,m_078,card_present,IT,18,1,0.663,0
F901985,75.21,m_132,card_present,FR,22,0,0.585,0
F901986,226.2,m_173,card_present,CH,8,0,0.77,0
F901987,70.37,m_172,card_not_present,FR,19,0,0.727,1
F901988,159.01,m_020,card_not_present,ES,16,0,0.73,0
F901989,69.71,m_128,card_present,IT,18,0,0.593,0
F901990,91.67,m_007,card_present,IT,2,0,0.494,0
F901991,256.84,m_065,card_not_present,FR,8,0,0.762,0
F901992,12.98,m_092,bank_transfer,FR,19,0,0.707,0
F901993,8.93,m_114,card_not_present,FR,8,0,0.501,0
F901994,27.13,m_086,wallet,FR,22,0,0.441,1
F901995,129.67,m_106,card_present,ES,13,0,0.669,0
F901996,19.38,m_077,wallet,FR,3,0,0.535,0
F901997,40.77,m_085,card_not_present,FR,17,0,0.819,0
F901998,47.81,m_144,card_present,CH,17,0,0.361,0
F901999,107.26,m_138,card_present,FR,19,0,0.977,1
F902000,67.67,m_069,card_present,FR,10,0,0.676,0
F902001,7.85,m_060,wallet,DE,6,0,0.507,0
F902002,5.54,m_094,card_not_present,DE,6,1,0.866,0
F902003,25.08,m_163,card_present,FR,13,0,0.7,0
F902004,307.83,m_173,wallet,CH,19,0,0.578,1
F902005,52.82,m_025,card_not_present,FR,5,0,0.838,0
F902006,31.56,m_046,card_not_present,FR,8,0,0.739,0
F902007,53.75,m_138,bank_transfer,FR,2,0,0.468,0
F902008,27.34,m_125,bank_transfer,FR,3,0,0.607,0
F902009,7.12,m_142,wallet,FR,4,0,0.725,0
F902010,56.17,m_061,card_present,FR,19,0,0.778,0
F902011,57.26,m_113,card_not_present,CH,21,0,0.674,0
F902012,160.99,m_051,card_not_present,FR,6,1,0.862,0
F902013,48.51,m_020,card_not_present,FR,5,0,0.442,0
F902014,56.88,m_045,card_not_present,FR,7,0,0.586,0
F902015,7.6,m_064,wallet,FR,22,1,0.938,0
F902016,16.67,m_139,card_present,FR,18,1,0.99,0
F902017,201.92,m_043,card_present,FR,3,0,0.809,0
F902018,14.26,m_031,card_not_present,IT,23,0,0.719,0
F902019,32.13,m_087,card_not_present,FR,18,0,0.857,0
F902020,38.49,m_158,card_not_present,IT,0,0,0.814,0
F902021,8.21,m_094,card_not_present,FR,23,1,0.977,0
F902022,49.22,m_080,card_not_present,FR,5,1,0.484,0
F902023,28.6,m_178,card_not_present,IT,21,0,0.608,0
F902024,7.82,m_145,card_not_present,ES,8,0,0.35,0
F902025,76.34,m_078,card_not_present,BE,9,0,0.554,0
F902026,,m_103,wallet,ES,23,0,0.652,0
F902027,10.81,m_080,card_present,DE,21,0,0.776,0
F902028,24.32,m_144,card_not_present,FR,5,0,0.571,0
F902029,100.41,m_016,card_present,BE,19,0,0.516,0
F902030,,m_171,card_not_present,DE,17,0,0.861,0
F902031,9.32,m_159,card_not_present,FR,16,0,1.0,1
F902032,13.61,m_060,card_not_present,DE,18,0,0.816,0
F902033,74.6,m_147,card_present,FR,23,0,0.738,0
F902034,27.9,m_150,card_present,FR,0,0,0.607,0
F902035,8.5,m_033,wallet,FR,13,1,1.0,0
F902036,35.47,m_144,wallet,FR,11,0,0.773,0
F902037,48.12,m_068,card_present,BE,19,0,0.83,0
F902038,,m_108,card_present,FR,7,0,0.457,0
F902039,28.07,m_098,bank_transfer,IT,19,0,0.831,0
F902040,111.74,m_139,card_not_present,ES,16,0,0.425,0
F902041,18.15,m_063,card_not_present,FR,13,0,0.86,0
F902042,10.45,m_116,card_present,FR,13,0,0.703,0
F902043,42.94,m_121,wallet,IT,10,1,0.722,0
F902044,12.91,m_042,card_present,FR,0,1,0.907,0
F902045,30.45,m_175,card_present,FR,3,0,0.832,0
F902046,23.08,m_114,card_not_present,FR,15,1,0.637,0
F902047,74.13,m_135,card_not_present,CH,23,0,0.597,0
F902048,11.45,m_042,card_present,FR,16,0,0.951,0
F902049,11.16,m_158,card_not_present,DE,5,0,1.0,1
F902050,45.75,m_023,bank_transfer,FR,1,0,0.704,0
F902051,16.01,m_132,wallet,FR,20,0,0.752,0
F902052,9.09,m_175,card_not_present,FR,18,0,0.796,1
F902053,55.56,m_172,card_not_present,FR,22,0,0.7,0
F902054,36.09,m_154,bank_transfer,FR,16,0,0.983,0
F902055,144.21,m_032,card_present,FR,22,0,0.732,0
F902056,108.67,m_091,card_present,FR,14,0,0.864,0
F902057,47.81,m_016,card_not_present,FR,14,0,0.86,0
F902058,13.62,m_176,card_not_present,IT,20,0,0.766,1
F902059,76.83,m_111,card_present,FR,20,0,0.724,0
F902060,121.95,m_097,bank_transfer,FR,19,0,0.559,0
F902061,204.64,m_012,card_present,ES,4,0,0.656,0
F902062,17.31,m_103,wallet,FR,4,0,0.578,0
F902063,149.39,m_043,card_present,FR,20,1,0.638,1
F902064,11.29,m_137,card_not_present,FR,7,0,0.927,0
F902065,25.06,m_071,card_not_present,IT,0,0,0.877,0
F902066,10.0,m_074,wallet,DE,13,0,0.78,0
F902067,175.28,m_101,bank_transfer,ES,10,0,0.636,0
F902068,29.46,m_172,card_not_present,ES,20,0,0.71,0
F902069,44.01,m_042,card_present,FR,8,1,0.966,0
F902070,43.66,m_097,wallet,FR,4,0,0.717,0
F902071,195.66,m_141,wallet,FR,1,0,0.557,0
F902072,93.67,m_130,card_not_present,FR,22,0,0.581,0
F902073,117.13,m_019,card_present,FR,12,1,1.0,0
F902074,5.69,m_078,card_not_present,DE,3,0,0.757,0
F902075,13.43,m_127,wallet,FR,22,0,0.872,0
F902076,24.04,m_142,card_present,FR,6,1,0.711,0
F902077,160.23,m_150,card_not_present,FR,4,0,0.559,0
F902078,17.38,m_165,card_not_present,FR,7,0,0.502,0
F902079,16.05,m_150,card_present,BE,2,0,0.865,0
F902080,65.82,m_175,wallet,FR,17,0,0.851,0
F902081,28.85,m_138,card_not_present,FR,2,0,0.768,0
F902082,5.32,m_112,bank_transfer,FR,5,0,0.699,0
F902083,24.76,m_094,card_present,FR,8,0,0.78,0
F902084,23.52,m_081,card_not_present,FR,11,0,0.65,0
F902085,99.46,m_098,card_present,BE,5,0,0.706,0
F902086,40.2,m_068,card_not_present,ES,5,1,0.962,0
F902087,22.37,m_034,card_present,FR,19,0,0.76,0
F902088,14.88,m_010,card_present,FR,20,0,0.774,0
F902089,10.75,m_117,card_not_present,FR,15,0,0.777,0
F902090,13.67,m_137,card_not_present,FR,11,0,0.422,0
F902091,30.39,m_093,card_present,BE,8,0,0.751,0
F902092,32.82,m_008,card_not_present,FR,22,0,0.71,0
F902093,30.64,m_092,card_not_present,IT,3,1,0.832,0
F902094,8.23,m_043,card_present,IT,18,0,0.597,0
F902095,27.06,m_053,card_not_present,FR,18,1,0.897,0
F902096,22.05,m_007,card_not_present,CH,17,0,0.624,0
F902097,34.86,m_011,card_present,BE,12,0,0.728,0
F902098,62.88,m_141,card_present,CH,19,0,0.869,0
F902099,232.28,m_060,card_not_present,CH,2,0,0.87,1
F902100,49.24,m_162,wallet,DE,3,0,0.901,1
F902101,8.45,m_166,card_not_present,ES,14,1,0.836,0
F902102,11.55,m_163,card_not_present,ES,5,0,0.724,0
F902103,26.99,m_170,bank_transfer,CH,8,0,0.654,0
F902104,19.7,m_129,card_not_present,CH,13,0,0.737,0
F902105,29.79,m_013,card_present,DE,15,0,0.564,0
F902106,224.85,m_046,card_not_present,IT,23,0,0.569,0
F902107,67.25,m_130,card_not_present,ES,15,0,0.736,0
F902108,21.79,m_107,wallet,FR,5,0,0.307,0
F902109,14.52,m_038,card_present,FR,22,0,0.473,0
F902110,13.22,m_175,card_present,DE,10,0,0.682,0
F902111,2.22,m_152,card_not_present,FR,1,1,0.959,0
F902112,27.56,m_033,card_not_present,DE,11,0,0.57,0
F902113,8.8,m_021,card_present,FR,12,0,0.734,0
F902114,55.02,m_151,card_present,FR,5,0,0.894,0
F902115,56.65,m_020,card_present,FR,23,0,0.842,0
F902116,95.55,m_121,card_present,IT,12,0,0.66,0
F902117,9.01,m_096,card_not_present,FR,7,0,0.819,0
F902118,46.7,m_095,card_not_present,FR,11,0,0.554,0
F902119,72.43,m_028,wallet,IT,4,1,0.35,1
F902120,56.47,m_092,bank_transfer,ES,7,0,0.932,0
F902121,71.27,m_120,card_not_present,DE,11,0,0.617,0
F902122,63.87,m_022,card_present,FR,1,0,1.0,0
F902123,26.22,m_123,card_not_present,FR,11,0,0.481,0
F902124,63.85,m_102,card_not_present,CH,20,0,0.539,0
F902125,104.73,m_080,card_not_present,DE,5,0,0.636,0
F902126,13.34,m_067,wallet,ES,23,1,0.617,0
F902127,19.33,m_029,card_not_present,IT,2,0,0.716,1
F902128,15.58,m_172,card_present,FR,9,0,0.553,0
F902129,24.52,m_140,card_present,ES,13,0,0.716,0
F902130,6.53,m_140,card_not_present,IT,12,0,1.0,0
F902131,46.93,m_057,card_present,IT,22,0,0.768,0
F902132,,m_094,card_not_present,FR,23,0,0.767,0
F902133,14.83,m_001,card_present,FR,5,1,0.796,0
F902134,32.22,m_122,card_not_present,IT,22,0,0.577,0
F902135,31.08,m_112,card_present,DE,9,0,0.73,0
F902136,51.32,m_159,card_not_present,FR,2,1,0.575,1
F902137,29.17,m_033,card_present,FR,20,0,1.0,0
F902138,40.19,m_028,card_present,,12,0,0.588,0
F902139,36.66,m_023,card_not_present,FR,21,0,0.728,0
F902140,75.78,m_023,card_not_present,ES,9,1,0.857,0
F902141,107.25,m_080,card_present,DE,19,1,0.781,0
F902142,74.77,m_103,card_not_present,CH,21,1,0.648,0
F902143,26.6,m_044,card_not_present,FR,2,0,0.713,0
F902144,16.65,m_030,card_present,BE,20,0,0.839,0
F902145,141.02,m_156,card_present,DE,16,0,0.842,0
F902146,11.38,m_152,wallet,IT,4,0,0.56,0
F902147,186.75,m_172,card_present,FR,11,1,0.753,0
F902148,69.8,m_179,card_present,FR,18,1,0.964,0
F902149,10.5,m_175,bank_transfer,FR,2,0,0.416,1
F902150,31.68,m_143,card_not_present,FR,1,0,0.971,0
F902151,33.05,m_118,card_not_present,CH,23,0,0.937,0
F902152,57.21,m_066,card_not_present,BE,18,0,0.679,0
F902153,42.04,m_035,wallet,FR,3,0,0.918,0
F902154,89.49,m_005,card_not_present,FR,20,0,0.629,0
F902155,13.3,m_072,card_present,FR,9,0,0.444,0
F902156,66.71,m_067,card_present,FR,15,0,0.968,0
F902157,44.72,m_003,card_not_present,ES,13,0,0.928,0
F902158,132.07,m_129,card_not_present,IT,7,0,0.901,0
F902159,148.23,m_131,card_present,FR,2,1,0.761,0
F902160,85.08,m_025,card_not_present,FR,13,0,0.837,0
F902161,147.2,m_129,card_not_present,DE,1,0,0.702,0
F902162,59.04,m_153,card_not_present,,5,0,0.606,0
F902163,54.75,m_012,card_present,FR,6,0,0.729,0
F902164,5.05,m_129,bank_transfer,FR,1,0,0.401,0
F902165,32.9,m_028,card_not_present,FR,0,0,0.571,0
F902166,8.48,m_043,wallet,FR,2,0,1.0,0
F902167,71.98,m_039,card_not_present,FR,20,0,0.618,0
F902168,95.75,m_070,card_present,FR,11,0,0.855,0
F902169,5.65,m_107,card_not_present,IT,2,0,0.692,1
F902170,37.65,m_135,card_present,FR,23,0,0.649,0
F902171,342.4,m_020,card_present,FR,8,0,0.778,0
F902172,45.37,m_050,card_present,FR,9,0,0.813,0
F902173,25.73,m_164,wallet,FR,8,1,0.405,0
F902174,12.71,m_128,card_not_present,IT,23,0,0.794,0
F902175,110.47,m_042,card_present,FR,4,0,0.833,0
F902176,46.36,m_132,card_not_present,IT,4,0,0.671,0
F902177,34.66,m_103,bank_transfer,IT,17,1,0.657,0
F902178,17.34,m_021,wallet,DE,4,0,0.789,0
F902179,20.24,m_139,card_present,FR,5,0,0.92,0
F902180,97.79,m_033,wallet,FR,15,0,0.87,0
F902181,25.43,m_132,card_not_present,IT,16,1,0.858,0
F902182,23.94,m_025,bank_transfer,FR,7,0,0.443,0
F902183,255.2,m_035,card_present,FR,10,1,0.686,0
F902184,21.34,m_042,card_not_present,FR,0,1,0.446,0
F902185,10.0,m_096,card_not_present,ES,8,0,0.822,0
F902186,35.04,m_012,card_not_present,FR,20,1,1.0,0
F902187,94.4,m_109,card_present,CH,0,0,0.586,0
F902188,37.25,m_099,card_present,DE,13,0,0.625,0
F902189,19.89,m_035,card_not_present,CH,11,0,0.274,0
F902190,45.12,m_055,card_present,DE,22,0,0.834,0
F902191,14.72,m_120,bank_transfer,BE,5,0,0.901,0
F902192,12.76,m_129,card_not_present,ES,21,0,0.422,1
F902193,54.84,m_139,card_present,FR,19,1,0.753,0
F902194,12.44,m_112,card_present,BE,16,0,1.0,0
F902195,11.98,m_088,card_present,DE,12,0,0.488,0
F902196,20.97,m_128,card_not_present,ES,23,1,1.0,0
F902197,61.54,m_120,bank_transfer,ES,12,0,0.558,0
F902198,49.01,m_130,card_not_present,CH,21,0,0.419,0
F902199,70.44,m_149,card_not_present,FR,18,0,0.52,0
F902200,4.81,m_018,card_present,FR,7,0,0.907,0
F902201,29.15,m_071,card_present,FR,21,0,0.763,0
F902202,39.92,m_077,bank_transfer,FR,3,0,0.688,0
F902203,15.99,m_043,card_not_present,ES,14,0,0.912,0
F902204,50.36,m_008,card_present,FR,13,0,0.841,0
F902205,85.3,m_075,card_not_present,IT,9,0,0.79,1
F902206,59.68,m_035,bank_transfer,DE,4,0,0.602,0
F902207,177.73,m_111,card_present,IT,4,0,1.0,0
F902208,9.88,m_042,card_not_present,FR,6,0,0.628,0
F902209,64.91,m_142,bank_transfer,FR,10,0,0.639,0
F902210,30.85,m_144,card_present,FR,3,0,0.65,0
F902211,5.01,m_092,card_not_present,DE,8,1,0.54,0
F902212,83.48,m_171,card_not_present,FR,23,0,0.641,0
F902213,25.03,m_030,card_present,FR,16,0,0.636,0
F902214,52.0,m_030,card_present,ES,16,0,0.69,0
F902215,4.88,m_096,card_not_present,IT,18,0,0.85,1
F902216,3.13,m_116,card_not_present,FR,22,0,0.646,0
F902217,48.4,m_160,card_not_present,FR,2,0,0.728,0
F902218,40.56,m_096,card_present,IT,18,0,0.678,0
F902219,5.96,m_124,wallet,DE,7,0,0.902,0
F902220,41.69,m_014,card_present,FR,0,0,0.525,0
F902221,26.95,m_150,card_present,IT,6,0,0.586,0
F902222,10.71,m_042,card_not_present,IT,15,0,0.366,0
F902223,30.06,m_147,card_present,ES,0,0,0.718,0
F902224,30.47,m_049,bank_transfer,FR,9,0,0.594,0
F902225,35.01,m_146,card_not_present,FR,19,0,0.788,0
F902226,84.83,m_031,card_not_present,IT,16,0,0.685,0
F902227,5.89,m_036,bank_transfer,DE,23,1,0.656,0
F902228,74.34,m_048,card_not_present,ES,7,0,0.697,0
F902229,22.11,m_121,wallet,FR,20,0,0.686,0
F902230,21.18,m_143,card_present,FR,1,1,0.228,0
F902231,18.2,m_021,card_not_present,DE,20,0,0.692,0
F902232,17.15,m_079,card_present,FR,12,0,0.373,0
F902233,31.48,m_104,card_present,FR,15,1,0.924,0
F902234,5.88,m_048,card_present,FR,8,0,0.409,0
F902235,31.72,m_139,card_present,FR,6,0,0.679,0
F902236,328.74,m_151,card_not_present,ES,22,0,0.635,1
F902237,66.41,m_127,wallet,DE,16,0,0.644,0
F902238,61.17,m_112,card_not_present,FR,6,0,0.682,0
F902239,18.52,m_133,card_not_present,FR,21,0,0.873,0
F902240,21.75,m_148,card_not_present,FR,1,1,1.0,0
F902241,29.1,m_086,bank_transfer,IT,18,0,0.722,0
F902242,24.14,m_062,card_not_present,ES,7,0,0.616,1
F902243,80.04,m_121,wallet,BE,21,0,0.473,0
F902244,13.56,m_060,card_present,CH,4,1,0.947,1
F902245,,m_144,bank_transfer,FR,9,0,0.509,0
F902246,308.1,m_050,card_present,DE,10,0,0.725,0
F902247,85.72,m_168,card_present,FR,16,0,1.0,0
F902248,171.78,m_052,card_not_present,FR,11,0,0.702,0
F902249,209.74,m_126,card_not_present,IT,8,0,0.578,1
F902250,105.06,m_064,card_present,FR,22,1,0.662,0
F902251,32.16,m_156,card_not_present,FR,8,0,0.754,0
F902252,77.17,m_007,card_present,FR,16,1,0.703,0
F902253,49.38,m_179,card_present,CH,7,1,0.895,0
F902254,122.83,m_096,card_not_present,ES,22,0,0.81,0
F902255,21.91,m_110,card_not_present,FR,18,1,0.683,1
F902256,12.9,m_034,card_present,FR,20,0,0.644,0
F902257,11.18,m_111,card_not_present,FR,13,0,0.883,0
F902258,65.87,m_170,card_not_present,DE,18,0,0.868,1
F902259,23.15,m_163,card_not_present,FR,23,0,0.239,0
F902260,7.47,m_012,wallet,ES,16,0,0.866,0
F902261,62.61,m_002,card_present,FR,3,0,0.735,0
F902262,25.52,m_128,card_present,FR,19,0,0.625,0
F902263,72.79,m_093,card_present,FR,4,0,0.574,0
F902264,22.75,m_132,card_present,FR,6,0,0.443,0
F902265,34.37,m_127,card_not_present,FR,8,0,0.914,0
F902266,8.12,m_080,card_not_present,FR,14,1,0.573,0
F902267,30.98,m_103,wallet,FR,1,0,0.694,0
F902268,18.33,m_157,card_not_present,FR,20,0,0.511,0
F902269,49.84,m_015,card_not_present,FR,11,0,1.0,0
F902270,9.25,m_094,card_not_present,BE,2,0,0.832,1
F902271,8.66,m_112,card_present,CH,21,0,1.0,0
F902272,3.28,m_142,wallet,FR,18,1,0.683,0
F902273,25.94,m_028,wallet,FR,12,0,0.527,0
F902274,22.47,m_171,card_present,ES,19,0,0.543,0
F902275,20.92,m_124,card_not_present,FR,14,0,0.714,1
F902276,50.28,m_032,card_present,FR,19,1,0.927,0
F902277,85.51,m_177,card_present,DE,9,0,0.589,0
F902278,6.75,m_176,card_present,FR,12,0,0.949,0
F902279,104.68,m_103,card_present,BE,13,0,0.88,0
F902280,238.91,m_135,wallet,FR,4,0,1.0,0
F902281,27.17,m_087,card_not_present,FR,0,0,1.0,0
F902282,116.94,m_124,bank_transfer,FR,8,0,1.0,0
F902283,77.63,m_103,card_not_present,DE,16,0,0.264,0
F902284,77.68,m_137,card_present,FR,10,1,0.53,0
F902285,18.2,m_168,card_present,CH,20,0,0.667,0
F902286,41.62,m_133,card_not_present,FR,7,0,0.747,0
F902287,13.03,m_155,card_not_present,FR,6,0,0.646,0
F902288,50.49,m_121,card_not_present,CH,22,0,0.845,1
F902289,24.01,m_111,card_not_present,DE,21,0,0.835,0
F902290,37.35,m_105,card_present,FR,11,0,0.935,0
F902291,11.92,m_028,wallet,FR,6,0,0.841,0
F902292,33.12,m_138,wallet,,2,0,0.506,0
F902293,50.58,m_175,card_not_present,CH,0,0,0.855,0
F902294,37.84,m_179,wallet,FR,8,0,0.645,0
F902295,13.3,m_069,card_not_present,FR,13,0,0.77,1
F902296,30.73,m_122,card_not_present,FR,2,0,0.777,0
F902297,25.95,m_156,card_not_present,FR,18,0,0.759,0
F902298,23.43,m_060,card_present,FR,8,1,0.706,0
F902299,61.79,m_125,bank_transfer,FR,4,1,0.38,0
F902300,50.83,m_137,bank_transfer,FR,6,1,0.901,0
F902301,29.83,m_035,card_not_present,DE,3,0,0.619,0
F902302,213.21,m_139,card_present,CH,4,0,0.769,0
F902303,31.35,m_141,card_not_present,FR,0,0,0.755,0
F902304,16.38,m_013,card_present,IT,12,0,0.685,0
F902305,162.76,m_035,wallet,BE,20,0,0.627,0
F902306,,m_037,card_present,FR,5,0,0.904,0
F902307,14.6,m_121,bank_transfer,ES,15,0,0.721,0
F902308,26.4,m_173,card_present,FR,16,0,1.0,0
F902309,8.96,m_014,card_present,DE,19,0,0.64,0
F902310,9.8,m_116,wallet,IT,14,0,0.444,0
F902311,65.54,m_020,card_not_present,FR,3,1,0.839,1
F902312,188.09,m_106,card_not_present,FR,1,1,0.949,1
F902313,11.93,m_178,card_not_present,FR,2,0,0.523,0
F902314,69.1,m_129,card_present,FR,7,0,0.931,0
F902315,16.85,m_011,card_not_present,DE,11,0,0.721,0
F902316,31.99,m_101,card_present,ES,17,0,0.737,0
F902317,35.62,m_006,card_not_present,IT,17,0,0.693,0
F902318,67.94,m_145,card_present,FR,13,0,0.809,0
F902319,38.03,m_164,card_not_present,DE,5,0,0.704,0
F902320,66.3,m_033,bank_transfer,ES,13,0,0.976,0
F902321,21.98,m_152,card_not_present,FR,6,0,0.543,0
F902322,11.7,m_001,card_present,FR,2,0,0.684,0
F902323,46.92,m_126,card_not_present,DE,7,1,0.744,1
F902324,20.23,m_104,card_present,FR,18,0,0.491,0
F902325,13.91,m_102,card_not_present,FR,11,1,0.749,0
F902326,100.49,m_161,card_not_present,BE,13,0,0.729,0
F902327,57.25,m_061,card_not_present,FR,2,0,0.305,1
F902328,13.72,m_179,bank_transfer,FR,16,0,0.778,0
F902329,40.32,m_163,card_present,FR,23,0,0.818,0
F902330,250.4,m_109,card_present,FR,16,0,0.91,0
F902331,58.74,m_069,card_present,FR,21,0,0.745,0
F902332,33.38,m_090,wallet,BE,14,0,0.719,0
F902333,5.44,m_061,wallet,CH,19,0,0.707,0
F902334,35.56,m_026,card_not_present,BE,1,1,1.0,1
F902335,56.74,m_162,card_present,FR,3,0,0.686,0
F902336,26.41,m_175,card_present,FR,16,0,0.581,0
F902337,10.74,m_039,card_present,CH,6,0,0.715,0
F902338,16.05,m_148,card_not_present,FR,15,0,0.636,0
F902339,67.47,m_052,card_present,FR,5,0,0.744,0
F902340,15.16,m_017,bank_transfer,ES,8,0,0.848,0
F902341,2.16,m_165,card_present,DE,20,0,0.984,0
F902342,41.99,m_166,card_not_present,FR,10,0,0.837,0
F902343,87.1,m_033,wallet,FR,9,0,0.841,0
F902344,13.53,m_125,card_present,DE,2,0,0.918,0
F902345,38.94,m_141,card_present,IT,17,0,0.775,0
F902346,85.22,m_135,card_not_present,CH,17,0,0.65,0
F902347,16.6,m_064,card_not_present,FR,22,0,0.913,0
F902348,87.56,m_108,bank_transfer,FR,21,0,1.0,0
F902349,156.25,m_133,card_not_present,DE,5,0,0.761,0
F902350,97.17,m_106,card_present,DE,1,0,0.868,0
F902351,3.69,m_002,wallet,FR,15,0,0.6,0
F902352,26.28,m_073,bank_transfer,CH,11,0,0.755,0
F902353,599.43,m_087,card_not_present,FR,16,0,0.554,0
F902354,59.66,m_041,card_not_present,IT,20,0,0.574,0
F902355,106.29,m_129,card_present,IT,7,0,0.606,0
F902356,195.34,m_021,card_not_present,BE,18,0,0.457,0
F902357,33.25,m_043,wallet,ES,19,0,0.972,0
F902358,5.92,m_077,card_not_present,DE,6,0,0.439,0
F902359,9.19,m_021,card_present,BE,4,1,0.924,0
F902360,63.17,m_092,card_present,ES,5,0,0.326,0
F902361,3.85,m_028,card_present,FR,3,0,0.524,0
F902362,51.1,m_101,wallet,FR,17,0,0.581,0
F902363,6.5,m_038,card_not_present,FR,6,1,0.624,0
F902364,13.97,m_016,card_not_present,ES,20,0,0.516,0
F902365,74.84,m_044,card_present,DE,21,0,0.494,0
F902366,98.96,m_086,card_not_present,ES,12,0,0.73,0
F902367,27.9,m_037,card_present,FR,5,0,1.0,0
F902368,28.11,m_121,card_not_present,FR,0,0,0.729,0
F902369,42.42,m_067,card_not_present,FR,22,0,0.832,0
F902370,119.89,m_051,wallet,FR,1,0,0.886,0
F902371,57.96,m_177,card_present,FR,10,0,0.625,0
F902372,20.97,m_142,card_not_present,FR,18,0,0.893,0
F902373,30.7,m_031,card_not_present,FR,11,1,0.532,0
F902374,46.54,m_167,card_present,FR,21,0,0.65,0
F902375,49.42,m_107,card_not_present,FR,8,0,0.552,0
F902376,127.07,m_017,card_not_present,FR,4,1,0.794,1
F902377,83.67,m_028,card_not_present,FR,18,0,0.621,0
F902378,96.22,m_154,card_not_present,FR,20,0,0.694,1
F902379,64.2,m_140,card_not_present,FR,10,0,0.742,0
F902380,4.15,m_146,card_present,FR,10,1,0.587,0
F902381,43.28,m_119,card_not_present,FR,6,0,0.787,0
F902382,121.55,m_050,card_not_present,FR,22,0,0.963,0
F902383,8.57,m_035,wallet,FR,21,0,0.704,0
F902384,29.5,m_037,wallet,BE,18,0,0.972,0
F902385,19.06,m_087,card_present,FR,7,0,0.461,0
F902386,8.17,m_026,card_present,FR,17,0,0.757,0
F902387,87.11,m_064,card_not_present,DE,17,1,0.83,0
F902388,140.07,m_079,card_not_present,FR,18,0,0.649,0
F902389,197.41,m_047,card_not_present,CH,22,0,0.67,1
F902390,95.49,m_177,card_present,ES,17,0,0.834,0
F902391,94.63,m_116,card_not_present,FR,19,0,0.529,0
F902392,2.93,m_139,card_not_present,FR,4,0,0.669,0
F902393,33.63,m_090,card_not_present,IT,14,0,0.702,0
F902394,31.09,m_057,wallet,CH,1,0,0.923,0
F902395,49.84,m_100,card_present,FR,5,0,0.736,0
F902396,225.73,m_054,card_not_present,CH,6,0,0.487,0
F902397,19.9,m_007,card_not_present,CH,9,1,0.744,0
F902398,43.06,m_019,card_not_present,FR,5,0,0.779,1
F902399,30.18,m_028,card_present,FR,1,0,0.825,0
F902400,161.71,m_126,card_present,ES,14,0,0.791,0
F902401,11.56,m_035,card_not_present,ES,2,1,0.819,0
F902402,16.13,m_071,card_present,DE,5,0,1.0,0
F902403,128.25,m_137,card_not_present,FR,18,0,0.761,0
F902404,55.85,m_016,wallet,DE,21,0,0.876,0
F902405,98.54,m_041,card_present,FR,1,0,0.896,0
F902406,419.6,m_134,card_present,CH,10,0,0.714,0
F902407,9.73,m_122,card_not_present,CH,9,0,0.588,0
F902408,20.12,m_156,card_present,FR,11,0,0.636,0
F902409,6.34,m_150,card_not_present,IT,18,0,0.777,1
F902410,35.53,m_171,card_not_present,FR,20,0,0.877,0
F902411,79.99,m_077,card_not_present,FR,23,0,0.933,0
F902412,76.65,m_107,card_not_present,FR,18,0,0.754,1
F902413,35.58,m_014,card_not_present,CH,18,0,0.665,0
F902414,95.96,m_113,card_present,BE,22,0,0.661,0
F902415,,m_146,card_present,BE,20,0,0.905,0
F902416,73.4,m_176,card_present,FR,18,0,0.503,0
F902417,6.17,m_121,card_not_present,FR,2,0,0.632,0
F902418,75.14,m_026,card_present,FR,22,0,0.753,0
F902419,132.73,m_136,card_present,FR,11,0,0.574,0
F902420,19.63,m_064,card_not_present,ES,0,0,0.477,0
F902421,10.3,m_072,card_not_present,FR,7,0,0.878,0
F902422,25.78,m_005,wallet,FR,9,1,0.851,0
F902423,64.05,m_025,wallet,CH,14,0,0.881,0
F902424,18.46,m_162,bank_transfer,IT,16,0,0.643,0
F902425,38.31,m_048,card_present,FR,11,0,0.426,0
F902426,27.31,m_133,card_not_present,FR,21,0,0.561,0
F902427,36.12,m_108,card_present,FR,22,0,0.709,0
F902428,45.12,m_170,card_present,FR,1,0,0.746,0
F902429,461.49,m_048,card_present,FR,8,0,0.826,0
F902430,12.12,m_170,card_not_present,IT,6,0,0.487,0
F902431,8.15,m_031,card_present,FR,2,0,0.724,1
F902432,21.7,m_005,card_present,FR,7,0,0.871,0
F902433,13.99,m_007,card_not_present,ES,12,0,0.363,0
F902434,38.45,m_107,card_not_present,BE,18,1,0.738,0
F902435,1.95,m_083,card_present,ES,0,0,0.475,0
F902436,73.86,m_041,card_present,FR,16,0,1.0,0
F902437,112.87,m_040,card_present,FR,21,0,0.617,0
F902438,54.38,m_153,card_present,FR,1,1,0.807,0
F902439,10.53,m_149,card_present,CH,9,1,0.76,0
F902440,24.66,m_014,card_present,FR,11,0,0.217,0
F902441,22.11,m_073,card_not_present,FR,8,0,0.447,1
F902442,6.82,m_015,wallet,FR,5,1,0.774,0
F902443,51.74,m_028,card_present,ES,16,0,0.703,0
F902444,9.46,m_002,card_present,FR,19,0,0.454,0
F902445,37.99,m_171,card_not_present,FR,0,0,0.985,1
F902446,2.99,m_129,wallet,DE,2,0,0.531,0
F902447,54.31,m_140,wallet,IT,22,0,0.796,0
F902448,77.59,m_135,card_not_present,IT,14,0,0.91,1
F902449,19.42,m_176,bank_transfer,DE,8,1,0.992,0
F902450,116.67,m_057,card_not_present,ES,12,1,0.798,0
F902451,6.23,m_068,card_not_present,DE,7,0,0.517,0
F902452,55.11,m_163,card_not_present,DE,4,0,0.494,0
F902453,26.2,m_033,wallet,IT,16,0,0.985,0
F902454,267.34,m_019,card_not_present,FR,7,0,0.775,0
F902455,84.42,m_033,card_present,DE,11,0,0.638,0
F902456,12.62,m_174,card_present,CH,6,0,0.991,1
F902457,,m_053,card_not_present,BE,5,0,0.736,0
F902458,25.89,m_134,card_not_present,FR,3,0,0.773,0
F902459,84.07,m_046,card_present,ES,13,0,0.563,0
F902460,31.52,m_016,card_not_present,DE,11,0,0.416,0
F902461,114.74,m_111,bank_transfer,DE,23,0,0.622,0
F902462,131.38,m_056,wallet,FR,17,0,1.0,0
F902463,74.07,m_058,card_present,FR,8,0,0.68,0
F902464,26.47,m_009,card_present,BE,0,0,0.736,0
F902465,71.52,m_132,card_present,DE,4,0,0.563,0
F902466,36.2,m_013,card_not_present,FR,0,0,0.839,0
F902467,323.27,m_017,card_present,IT,0,1,0.932,0
F902468,49.52,m_016,bank_transfer,ES,9,0,0.686,0
F902469,17.67,m_002,wallet,FR,11,0,0.287,0
F902470,28.47,m_027,wallet,FR,10,0,0.903,0
F902471,80.54,m_069,card_not_present,ES,10,0,0.748,0
F902472,44.85,m_105,card_not_present,FR,2,0,0.371,0
F902473,37.92,m_156,card_present,DE,22,1,0.522,0
F902474,77.13,m_099,card_not_present,FR,19,0,0.911,0
F902475,44.65,m_043,card_not_present,FR,4,0,0.415,0
F902476,20.37,m_045,card_not_present,ES,8,0,0.853,0
F902477,,m_035,card_not_present,ES,7,0,1.0,1
F902478,174.78,m_006,card_present,DE,10,0,1.0,0
F902479,40.74,m_042,card_not_present,IT,8,1,0.844,0
F902480,18.18,m_158,card_not_present,DE,15,0,0.497,0
F902481,41.05,m_046,card_not_present,FR,5,0,0.82,0
F902482,46.52,m_096,card_present,ES,5,1,0.716,0
F902483,113.73,m_123,card_present,FR,12,0,0.738,0
F902484,7.99,m_085,card_present,IT,18,0,0.859,0
F902485,4.14,m_119,card_not_present,FR,14,0,0.678,0
F902486,121.72,m_061,bank_transfer,FR,1,0,0.507,0
F902487,38.28,m_026,card_not_present,BE,20,0,0.589,0
F902488,9.34,m_005,card_present,DE,12,0,0.216,0
F902489,21.49,m_108,card_not_present,CH,1,1,0.698,0
F902490,37.71,m_053,bank_transfer,ES,14,1,0.825,1
F902491,135.28,m_079,card_present,FR,19,0,0.887,0
F902492,19.72,m_118,card_not_present,FR,7,0,0.92,0
F902493,25.27,m_006,card_not_present,FR,10,0,0.589,0
F902494,3.76,m_077,bank_transfer,IT,22,0,0.447,0
F902495,23.32,m_024,card_not_present,FR,15,0,0.845,0
F902496,,m_164,card_present,BE,15,0,0.786,0
F902497,23.04,m_081,card_not_present,FR,23,0,0.497,0
F902498,5.68,m_140,wallet,FR,14,0,0.776,0
F902499,16.73,m_040,card_present,FR,13,0,0.791,0
F902500,328.29,m_064,wallet,DE,17,0,0.472,0
F902501,31.85,m_037,card_present,FR,16,0,0.61,0
F902502,48.96,m_111,card_present,FR,3,0,0.917,1
F902503,68.92,m_038,card_not_present,ES,7,0,0.651,0
F902504,70.78,m_030,card_present,FR,11,0,0.694,1
F902505,17.1,m_099,card_not_present,DE,18,0,0.877,0
F902506,11.33,m_161,card_not_present,FR,9,1,0.952,0
F902507,30.14,m_169,card_not_present,FR,22,0,0.987,1
F902508,68.06,m_058,card_present,FR,2,1,0.494,1
F902509,19.05,m_071,card_not_present,FR,23,1,0.88,0
F902510,29.39,m_028,card_not_present,FR,17,0,0.863,0
F902511,72.42,m_105,wallet,FR,1,1,0.889,0
F902512,191.22,m_021,card_not_present,FR,0,0,1.0,0
F902513,108.75,m_004,card_not_present,FR,15,0,0.607,1
F902514,39.77,m_112,wallet,DE,18,0,0.756,0
F902515,87.41,m_023,card_not_present,FR,1,1,0.384,0
F902516,2.42,m_109,card_not_present,FR,20,0,0.58,0
F902517,157.55,m_175,card_present,DE,23,0,0.547,0
F902518,20.2,m_160,card_present,ES,10,0,0.622,0
F902519,8.24,m_000,card_not_present,FR,3,0,0.666,0
F902520,53.16,m_028,card_present,FR,2,0,0.76,0
F902521,24.44,m_037,card_not_present,FR,11,0,0.526,0
F902522,69.03,m_072,wallet,FR,2,0,0.906,0
F902523,40.56,m_031,wallet,FR,18,0,0.847,0
F902524,20.31,m_094,card_present,CH,2,1,0.691,0
F902525,54.91,m_060,card_not_present,DE,23,1,1.0,0
F902526,26.16,m_062,card_present,ES,2,1,0.544,1
F902527,23.8,m_062,card_present,FR,7,0,0.987,0
F902528,40.09,m_158,card_present,FR,15,0,0.738,0
F902529,174.39,m_156,wallet,DE,8,0,0.861,0
F902530,9.76,m_092,bank_transfer,FR,7,0,0.664,0
F902531,30.12,m_085,card_not_present,FR,2,1,0.947,0
F902532,67.75,m_118,card_present,CH,17,0,0.662,0
F902533,141.96,m_072,card_not_present,DE,17,1,0.805,0
F902534,48.5,m_000,wallet,FR,23,0,0.877,0
F902535,117.67,m_108,card_not_present,FR,6,0,0.856,0
F902536,93.1,m_139,card_present,FR,6,0,0.792,0
F902537,21.9,m_143,card_present,FR,15,0,0.745,0
F902538,25.96,m_151,bank_transfer,IT,2,0,0.799,0
F902539,95.25,m_149,card_present,FR,11,0,0.601,0
F902540,50.12,m_061,bank_transfer,FR,2,0,1.0,0
F902541,35.52,m_004,card_present,DE,10,0,0.741,0
F902542,14.2,m_169,card_present,FR,14,0,0.493,0
F902543,79.2,m_030,bank_transfer,FR,21,1,0.418,0
F902544,49.33,m_020,card_not_present,ES,8,1,1.0,0
F902545,20.11,m_069,card_not_present,FR,1,0,0.964,0
F902546,210.88,m_095,card_present,ES,21,0,0.798,0
F902547,420.24,m_101,wallet,ES,10,0,0.856,0
F902548,39.93,m_035,card_not_present,FR,17,0,0.642,0
F902549,28.8,m_178,card_not_present,DE,5,1,0.471,0
F902550,10.1,m_164,bank_transfer,FR,15,0,0.687,0
F902551,17.33,m_074,wallet,BE,14,0,0.536,0
F902552,5.44,m_033,card_not_present,FR,16,0,0.968,0
F902553,52.73,m_079,bank_transfer,FR,13,0,0.491,0
F902554,139.3,m_059,card_not_present,ES,8,0,0.622,0
F902555,48.17,m_142,card_not_present,FR,0,0,0.608,0
F902556,252.26,m_027,card_present,IT,13,0,0.531,0
F902557,70.02,m_133,wallet,CH,22,0,0.881,0
F902558,24.83,m_177,card_present,FR,14,0,0.292,0
F902559,57.56,m_092,card_not_present,DE,21,0,0.972,0
F902560,74.84,m_014,card_not_present,DE,5,0,0.615,0
F902561,74.87,m_031,wallet,FR,13,1,0.728,0
F902562,24.44,m_022,card_not_present,FR,4,0,0.805,0
F902563,7.25,m_055,card_present,FR,9,1,0.746,0
F902564,68.7,m_128,card_not_present,BE,4,0,0.826,0
F902565,42.3,m_116,bank_transfer,FR,18,0,1.0,1
F902566,64.15,m_121,card_present,FR,4,0,0.687,0
F902567,43.02,m_060,wallet,FR,19,0,0.764,0
F902568,138.84,m_039,card_present,FR,23,1,0.784,1
F902569,124.93,m_160,card_present,FR,10,0,0.835,0
F902570,22.03,m_064,card_not_present,FR,13,0,0.585,0
F902571,22.85,m_072,card_present,DE,9,0,0.67,0
F902572,12.67,m_147,bank_transfer,ES,16,0,0.739,0
F902573,69.9,m_178,card_not_present,IT,4,0,0.581,1
F902574,31.29,m_046,card_not_present,DE,3,1,0.739,1
F902575,31.49,m_170,card_present,FR,22,0,0.53,0
F902576,321.77,m_138,card_not_present,IT,2,0,0.719,0
F902577,9.8,m_069,card_not_present,IT,4,0,0.739,0
F902578,101.64,m_033,card_not_present,FR,5,0,0.845,0
F902579,28.79,m_092,card_present,FR,4,0,0.637,0
F902580,21.83,m_124,wallet,FR,17,0,0.724,1
F902581,48.85,m_006,bank_transfer,FR,7,0,0.863,0
F902582,94.38,m_078,card_not_present,FR,22,0,0.393,0
F902583,4.12,m_125,card_present,FR,4,1,0.592,0
F902584,43.02,m_001,bank_transfer,FR,10,0,0.76,0
F902585,14.33,m_077,card_not_present,FR,4,1,0.529,0
F902586,32.83,m_009,card_present,FR,12,0,0.803,0
F902587,108.58,m_178,wallet,CH,23,0,0.521,0
F902588,7.79,m_177,card_present,BE,23,1,0.789,1
F902589,6.73,m_136,card_present,FR,23,0,0.875,0
F902590,,m_155,card_not_present,IT,13,0,0.435,0
F902591,12.66,m_110,card_present,IT,5,1,0.635,0
F902592,22.08,m_074,card_present,IT,10,0,0.75,0
F902593,28.76,m_178,card_not_present,FR,17,0,0.666,1
F902594,29.08,m_051,card_not_present,FR,0,1,0.978,0
F902595,10.26,m_093,card_not_present,FR,15,0,0.934,0
F902596,9.09,m_077,card_not_present,DE,1,1,0.908,0
F902597,36.15,m_171,card_not_present,CH,13,0,0.627,1
F902598,13.2,m_095,wallet,FR,23,0,0.585,0
F902599,20.69,m_129,card_present,FR,21,0,1.0,0
F902600,54.33,m_066,card_present,FR,16,0,0.726,0
F902601,41.19,m_003,bank_transfer,BE,14,0,0.731,0
F902602,18.42,m_128,card_present,FR,23,0,0.835,0
F902603,4.72,m_010,card_present,FR,1,0,0.956,0
F902604,94.25,m_174,wallet,FR,10,0,0.669,0
F902605,228.4,m_105,bank_transfer,ES,19,0,0.779,0
F902606,34.32,m_080,card_not_present,BE,0,0,0.459,0
F902607,25.27,m_073,card_not_present,DE,6,0,0.95,0
F902608,78.33,m_008,card_present,FR,9,0,1.0,0
F902609,5.45,m_126,bank_transfer,DE,2,1,0.981,0
F902610,83.98,m_137,bank_transfer,FR,2,0,0.681,0
F902611,33.51,m_160,card_not_present,IT,21,0,0.98,0
F902612,6.45,m_096,card_not_present,BE,3,1,0.431,0
F902613,34.3,m_161,card_present,CH,13,0,0.66,0
F902614,24.21,m_174,card_not_present,DE,9,0,0.868,0
F902615,3.83,m_005,bank_transfer,FR,4,0,0.823,0
F902616,27.69,m_131,card_present,FR,9,1,0.725,1
F902617,113.14,m_154,card_not_present,ES,3,1,0.735,0
F902618,7.97,m_150,bank_transfer,FR,8,1,0.889,0
F902619,14.46,m_159,card_present,BE,7,0,0.774,0
F902620,55.9,m_038,card_not_present,BE,16,0,0.682,0
F902621,18.4,m_029,card_present,DE,14,0,1.0,0
F902622,28.62,m_092,bank_transfer,FR,12,0,0.726,0
F902623,50.22,m_004,card_not_present,FR,20,0,0.553,0
F902624,57.61,m_033,wallet,BE,16,0,0.728,0
F902625,28.8,m_176,card_not_present,CH,1,0,0.635,0
F902626,42.79,m_144,card_not_present,IT,22,1,0.257,0
F902627,36.48,m_151,card_not_present,DE,4,0,0.633,0
F902628,66.7,m_091,card_not_present,FR,14,0,0.68,0
F902629,39.27,m_063,card_present,FR,10,0,0.649,0
F902630,123.17,m_052,card_not_present,FR,12,0,1.0,1
F902631,7.98,m_159,card_not_present,FR,5,1,0.758,0
F902632,31.49,m_104,card_not_present,FR,4,0,0.826,0
F902633,13.96,m_004,card_not_present,FR,9,1,0.746,1
F902634,11.26,m_011,card_present,DE,0,0,0.75,0
F902635,12.65,m_038,card_present,BE,7,0,0.982,0
F902636,17.11,m_155,card_not_present,FR,4,0,0.621,0
F902637,96.72,m_147,bank_transfer,FR,14,0,0.665,0
F902638,6.8,m_074,card_not_present,FR,9,0,0.617,0
F902639,136.51,m_167,card_not_present,DE,1,1,1.0,0
F902640,5.83,m_088,wallet,IT,20,0,0.538,0
F902641,10.61,m_085,card_present,IT,0,0,0.53,0
F902642,45.0,m_024,wallet,FR,12,0,0.746,0
F902643,170.58,m_061,card_not_present,ES,0,0,0.596,0
F902644,24.98,m_066,card_not_present,BE,8,0,0.506,0
F902645,7.62,m_137,card_present,IT,7,0,0.523,0
F902646,17.5,m_082,card_present,IT,11,1,0.596,0
F902647,32.96,m_037,card_not_present,FR,18,0,0.508,0
F902648,101.27,m_164,card_not_present,FR,23,0,0.852,0
F902649,8.29,m_044,wallet,FR,14,0,0.901,0
F902650,23.42,m_046,card_not_present,FR,10,0,0.678,0
F902651,30.42,m_141,card_not_present,FR,8,0,0.43,1
F902652,49.7,m_077,card_not_present,FR,19,0,0.748,0
F902653,16.58,m_164,card_present,FR,23,0,0.918,1
F902654,11.16,m_013,card_not_present,BE,6,0,0.764,0
F902655,27.04,m_030,wallet,FR,23,0,0.509,0
F902656,54.64,m_083,wallet,FR,1,0,0.673,0
F902657,130.49,m_150,card_not_present,IT,3,0,1.0,0
F902658,26.76,m_109,wallet,DE,13,0,0.815,1
F902659,95.53,m_070,card_present,FR,16,0,0.816,0
F902660,75.73,m_035,card_present,FR,12,1,0.681,0
F902661,28.55,m_028,card_present,FR,18,0,0.95,0
F902662,9.67,m_057,card_present,DE,22,1,0.437,0
F902663,4.25,m_011,card_present,IT,10,0,0.684,0
F902664,21.56,m_095,card_not_present,CH,1,0,0.795,0
F902665,34.27,m_104,card_present,ES,1,0,0.969,0
F902666,125.53,m_087,card_present,FR,11,0,0.536,0
F902667,51.66,m_005,bank_transfer,FR,9,1,0.439,0
F902668,123.23,m_163,card_not_present,FR,3,0,0.741,1
F902669,8.72,m_146,card_present,DE,0,0,0.763,0
F902670,12.48,m_128,card_present,FR,21,0,0.82,0
F902671,84.75,m_008,card_not_present,FR,12,0,0.667,0
F902672,23.37,m_153,card_present,FR,0,0,1.0,0
F902673,105.79,m_050,card_not_present,FR,10,0,1.0,0
F902674,9.81,m_031,card_not_present,IT,13,0,0.461,0
F902675,32.99,m_010,card_present,BE,20,0,1.0,0
F902676,5.43,m_174,card_not_present,FR,9,0,0.08,0
F902677,22.19,m_048,card_not_present,FR,12,0,0.717,0
F902678,8.55,m_113,card_not_present,CH,21,0,0.833,1
F902679,19.58,m_127,card_not_present,CH,19,0,0.609,0
F902680,98.49,m_173,card_not_present,FR,1,0,0.66,0
F902681,32.65,m_162,bank_transfer,CH,6,1,0.49,0
F902682,61.93,m_141,card_present,FR,2,0,0.706,0
F902683,2.74,m_028,wallet,FR,22,0,1.0,0
F902684,11.85,m_158,card_present,BE,19,0,0.911,0
F902685,20.61,m_001,bank_transfer,ES,13,0,0.625,0
F902686,4.8,m_159,card_present,DE,13,0,0.652,0
F902687,149.08,m_049,card_present,ES,16,0,0.663,0
F902688,4.7,m_161,card_present,FR,15,0,0.86,0
F902689,12.01,m_086,wallet,FR,14,0,0.704,0
F902690,17.38,m_067,card_not_present,FR,5,1,0.849,0
F902691,5.9,m_153,card_not_present,DE,14,0,0.898,0
F902692,287.22,m_116,card_present,ES,20,0,0.329,0
F902693,61.46,m_109,card_not_present,DE,14,0,0.207,1
F902694,52.95,m_117,card_present,FR,12,0,0.721,0
F902695,26.17,m_145,card_not_present,DE,22,0,1.0,0
F902696,16.94,m_175,card_not_present,ES,1,0,0.704,0
F902697,18.52,m_114,card_not_present,FR,0,0,0.65,0
F902698,14.78,m_085,card_not_present,DE,22,0,0.924,0
F902699,5.99,m_158,wallet,CH,7,0,0.898,0
F902700,77.67,m_074,card_not_present,FR,18,0,0.681,0
F902701,47.92,m_166,card_not_present,BE,11,0,0.733,0
F902702,95.53,m_106,card_not_present,FR,6,1,1.0,1
F902703,50.36,m_060,card_not_present,CH,16,0,0.757,0
F902704,94.7,m_145,card_present,FR,13,0,0.81,0
F902705,45.92,m_014,card_not_present,FR,16,0,1.0,1
F902706,43.24,m_041,card_present,ES,4,0,0.44,0
F902707,13.95,m_092,card_not_present,CH,15,0,0.49,0
F902708,38.47,m_157,bank_transfer,IT,6,0,0.453,0
F902709,138.48,m_012,card_not_present,FR,6,0,0.696,0
F902710,6.54,m_143,card_present,,19,0,0.925,0
F902711,29.94,m_045,card_not_present,,5,0,0.873,0
F902712,176.97,m_078,bank_transfer,DE,1,0,0.84,0
F902713,33.36,m_174,wallet,FR,17,0,0.895,0
F902714,89.66,m_082,card_not_present,DE,22,0,0.861,0
F902715,6.66,m_076,card_not_present,FR,14,0,0.884,1
F902716,38.29,m_172,bank_transfer,DE,22,1,0.674,0
F902717,295.19,m_148,bank_transfer,FR,6,0,0.602,0
F902718,19.28,m_104,card_not_present,ES,4,0,0.708,0
F902719,15.14,m_069,card_not_present,DE,21,0,0.65,0
F902720,4.12,m_014,card_present,FR,4,0,0.492,0
F902721,10.33,m_148,card_present,CH,20,1,1.0,0
F902722,53.36,m_115,card_present,FR,9,0,0.958,0
F902723,51.67,m_168,card_present,DE,8,0,0.797,0
F902724,86.7,m_160,card_not_present,CH,19,0,0.545,0
F902725,156.17,m_123,card_present,ES,8,0,0.571,0
F902726,43.66,m_042,card_present,BE,14,0,0.891,1
F902727,50.91,m_114,bank_transfer,FR,2,1,0.568,0
F902728,82.46,m_016,wallet,ES,20,0,0.792,0
F902729,163.88,m_050,card_not_present,FR,3,0,0.747,0
F902730,32.77,m_045,card_present,FR,21,0,0.739,0
F902731,37.8,m_026,bank_transfer,,2,0,0.539,0
F902732,528.8,m_117,card_present,FR,11,0,0.436,0
F902733,14.39,m_049,card_not_present,BE,16,0,0.628,0
F902734,95.56,m_131,card_present,IT,9,0,0.679,0
F902735,5.18,m_000,card_present,DE,4,0,0.802,0
F902736,18.35,m_083,card_present,BE,0,0,0.834,0
F902737,35.97,m_122,card_not_present,FR,2,0,0.576,0
F902738,22.7,m_037,card_present,FR,7,0,0.682,0
F902739,29.25,m_142,card_not_present,DE,9,0,0.607,0
F902740,10.42,m_069,bank_transfer,FR,0,0,0.67,0
F902741,42.15,m_028,wallet,FR,4,0,1.0,0
F902742,22.54,m_036,card_present,FR,13,0,0.702,1
F902743,126.9,m_088,card_not_present,FR,18,0,0.694,0
F902744,9.97,m_067,bank_transfer,BE,10,0,0.579,0
F902745,14.14,m_116,card_not_present,IT,4,0,0.523,0
F902746,2.72,m_047,card_not_present,ES,21,0,1.0,0
F902747,18.1,m_109,card_present,BE,10,0,0.745,0
F902748,21.49,m_062,card_present,DE,16,0,0.854,0
F902749,25.71,m_061,wallet,CH,1,0,1.0,0
F902750,9.39,m_089,card_present,DE,11,0,0.811,0
F902751,12.28,m_074,card_not_present,FR,6,0,1.0,0
F902752,49.82,m_073,card_present,BE,5,0,0.696,0
F902753,23.17,m_038,card_present,ES,20,1,0.653,0
F902754,60.72,m_168,card_not_present,FR,1,0,0.851,0
F902755,62.54,m_013,card_not_present,FR,4,0,0.75,0
F902756,58.43,m_031,card_not_present,FR,15,1,0.922,0
F902757,62.69,m_167,card_present,FR,3,0,0.677,0
F902758,8.94,m_030,card_not_present,FR,2,0,0.874,0
F902759,11.51,m_154,card_present,FR,3,0,0.634,0
F902760,7.75,m_130,card_not_present,DE,20,0,0.77,0
F902761,23.69,m_164,card_not_present,FR,3,0,0.688,0
F902762,,m_105,wallet,FR,9,1,0.721,0
F902763,31.53,m_138,card_not_present,FR,9,0,0.887,0
F902764,102.03,m_110,wallet,ES,7,0,0.775,0
F902765,61.85,m_105,card_not_present,FR,11,0,0.751,0
F902766,10.56,m_120,card_not_present,ES,9,1,0.597,0
F902767,68.64,m_159,card_present,FR,21,0,0.97,0
F902768,31.29,m_080,card_present,FR,21,0,0.568,0
F902769,11.17,m_147,card_present,ES,17,1,0.717,0
F902770,44.61,m_015,card_not_present,FR,22,0,0.778,0
F902771,23.93,m_108,wallet,DE,0,0,0.941,0
F902772,13.84,m_031,card_present,FR,23,1,0.493,0
F902773,42.34,m_031,card_not_present,ES,17,0,0.655,0
F902774,57.92,m_146,bank_transfer,FR,9,0,0.442,0
F902775,39.38,m_039,wallet,DE,17,0,0.77,0
F902776,27.23,m_165,wallet,FR,23,0,0.484,1
F902777,37.26,m_066,card_present,FR,17,0,0.715,0
F902778,11.14,m_153,wallet,ES,22,0,0.52,0
F902779,15.82,m_046,card_not_present,DE,16,1,0.876,0
F902780,8.84,m_166,card_present,FR,8,0,1.0,0
F902781,18.49,m_027,wallet,DE,18,1,0.692,0
F902782,12.76,m_121,wallet,BE,23,0,0.95,1
F902783,57.1,m_160,card_present,FR,8,0,0.95,0
F902784,57.68,m_016,card_present,DE,1,0,0.873,0
F902785,2.66,m_020,card_not_present,CH,8,0,0.325,0
F902786,17.69,m_116,card_not_present,ES,22,0,0.285,0
F902787,20.73,m_175,bank_transfer,FR,22,0,0.809,1
F902788,15.49,m_062,card_present,FR,6,0,0.979,0
F902789,131.79,m_051,card_not_present,FR,10,0,0.531,0
F902790,74.62,m_113,card_present,FR,11,0,0.601,0
F902791,112.16,m_093,wallet,FR,8,0,0.586,0
F902792,122.89,m_094,card_present,DE,18,0,0.826,0
F902793,62.07,m_161,card_not_present,FR,15,0,0.612,0
F902794,21.1,m_099,card_not_present,ES,19,0,0.895,0
F902795,30.85,m_123,card_present,FR,1,0,0.641,0
F902796,63.61,m_016,card_present,IT,16,0,0.855,0
F902797,28.42,m_026,wallet,FR,0,0,1.0,0
F902798,70.32,m_115,card_present,DE,9,0,0.735,0
F902799,96.23,m_040,card_present,FR,19,0,0.809,0
F902800,26.76,m_111,card_present,FR,11,0,0.728,0
F902801,25.05,m_134,card_present,FR,9,0,0.697,0
F902802,204.24,m_022,card_present,ES,18,0,1.0,0
F902803,8.96,m_175,card_present,FR,0,0,1.0,1
F902804,79.46,m_007,card_present,DE,4,0,0.98,0
F902805,65.39,m_165,card_present,DE,13,0,0.609,0
F902806,14.12,m_132,card_not_present,IT,0,0,0.488,0
F902807,16.16,m_116,card_not_present,FR,4,0,0.603,0
F902808,5.18,m_007,wallet,FR,2,0,0.719,0
F902809,60.89,m_030,card_present,FR,22,1,0.517,0
F902810,99.39,m_090,card_present,FR,2,0,1.0,0
F902811,38.71,m_173,card_present,FR,10,0,1.0,1
F902812,36.52,m_003,card_present,FR,0,0,0.883,0
F902813,63.38,m_178,card_not_present,BE,20,0,0.836,0
F902814,23.28,m_133,card_not_present,FR,18,0,0.881,0
F902815,39.41,m_002,card_not_present,FR,15,0,0.731,0
F902816,123.52,m_130,card_not_present,FR,23,0,0.441,0
F902817,92.45,m_061,card_present,FR,21,1,0.638,0
F902818,75.29,m_014,card_present,FR,11,0,0.242,0
F902819,16.27,m_026,card_not_present,DE,22,0,0.586,0
F902820,20.69,m_166,card_present,FR,2,0,0.558,0
F902821,43.86,m_148,card_present,FR,3,0,0.726,0
F902822,,m_157,card_not_present,FR,15,0,0.77,0
F902823,8.51,m_053,card_not_present,FR,1,1,0.611,1
F902824,47.58,m_020,card_present,IT,21,0,0.814,0
F902825,,m_122,card_present,FR,3,0,1.0,0
F902826,59.22,m_041,card_not_present,FR,4,0,0.627,0
F902827,35.14,m_073,bank_transfer,FR,3,1,0.86,1
F902828,32.52,m_147,wallet,FR,3,0,0.74,0
F902829,38.34,m_009,card_present,ES,0,0,0.711,0
F902830,65.18,m_072,card_not_present,ES,4,0,0.909,0
F902831,19.5,m_148,card_not_present,FR,18,0,0.791,1
F902832,22.83,m_154,wallet,IT,22,0,0.774,0
F902833,61.68,m_043,card_present,FR,7,1,0.68,1
F902834,16.43,m_006,card_not_present,BE,0,0,0.886,0
F902835,29.83,m_071,wallet,FR,19,1,0.728,0
F902836,62.72,m_041,card_not_present,IT,5,0,0.307,0
F902837,40.83,m_006,card_not_present,FR,6,1,0.637,0
F902838,234.3,m_117,card_not_present,FR,11,0,0.846,0
F902839,43.49,m_039,card_not_present,DE,11,0,0.653,0
F902840,15.09,m_060,card_not_present,ES,12,0,0.957,0
F902841,7.69,m_028,card_not_present,BE,6,0,0.793,0
F902842,22.98,m_146,bank_transfer,FR,8,0,0.632,0
F902843,22.91,m_167,card_present,DE,2,0,0.952,0
F902844,54.25,m_029,card_not_present,FR,16,0,0.594,0
F902845,31.82,m_086,card_present,DE,18,0,0.638,0
F902846,51.24,m_137,card_not_present,ES,7,0,0.738,0
F902847,23.52,m_056,card_not_present,FR,5,0,0.908,0
F902848,23.38,m_074,card_present,DE,0,0,0.675,0
F902849,5.25,m_062,bank_transfer,IT,6,0,0.59,0
F902850,266.11,m_050,card_present,FR,0,1,0.595,0
F902851,154.18,m_023,wallet,FR,2,0,0.713,0
F902852,60.46,m_059,card_present,FR,18,0,1.0,0
F902853,76.1,m_030,card_not_present,FR,9,0,0.612,0
F902854,66.69,m_127,card_not_present,DE,15,0,0.823,0
F902855,27.73,m_070,card_present,FR,15,0,0.791,0
F902856,70.52,m_009,card_not_present,FR,23,0,0.824,0
F902857,56.15,m_106,card_not_present,DE,21,0,0.748,0
F902858,44.96,m_029,card_not_present,BE,16,0,0.816,1
F902859,9.41,m_082,card_not_present,FR,13,0,0.724,0
F902860,36.87,m_000,card_not_present,FR,12,1,0.549,0
F902861,35.52,m_144,card_present,FR,2,0,0.693,0
F902862,114.12,m_125,card_not_present,FR,5,0,1.0,0
F902863,80.1,m_171,card_not_present,FR,10,0,0.84,0
F902864,185.08,m_023,card_not_present,DE,15,1,1.0,0
F902865,46.73,m_014,card_not_present,DE,23,0,0.616,0
F902866,34.71,m_120,card_not_present,FR,8,1,0.813,0
F902867,45.33,m_027,card_not_present,DE,15,0,0.613,0
F902868,63.32,m_068,wallet,FR,2,0,0.913,0
F902869,133.66,m_149,card_present,IT,9,0,0.426,0
F902870,24.97,m_137,card_present,FR,21,1,0.891,0
F902871,10.08,m_133,card_not_present,BE,12,0,0.632,0
F902872,7.22,m_007,card_not_present,FR,6,1,0.772,0
F902873,16.55,m_037,card_not_present,FR,9,0,0.849,0
F902874,3.09,m_037,card_present,BE,15,0,0.835,0
F902875,,m_079,bank_transfer,DE,21,0,0.861,0
F902876,77.38,m_051,card_present,FR,0,0,0.508,0
F902877,59.05,m_097,card_present,FR,12,0,0.791,0
F902878,135.61,m_098,card_present,FR,15,0,0.588,0
F902879,22.82,m_156,card_not_present,FR,1,0,1.0,0
F902880,30.0,m_101,card_present,FR,8,0,0.995,0
F902881,66.96,m_129,card_present,ES,16,0,0.795,0
F902882,9.35,m_084,card_not_present,FR,17,1,0.583,0
F902883,53.25,m_174,card_not_present,FR,22,1,0.713,0
F902884,145.92,m_141,bank_transfer,FR,13,0,0.823,1
F902885,24.09,m_123,card_not_present,FR,12,0,0.968,1
F902886,21.72,m_072,card_not_present,FR,22,1,0.817,0
F902887,7.91,m_016,card_present,FR,13,0,0.825,0
F902888,17.42,m_026,card_not_present,CH,18,0,0.469,0
F902889,8.81,m_085,card_not_present,ES,1,0,0.63,0
F902890,27.25,m_105,card_present,FR,5,0,0.926,0
F902891,91.53,m_150,wallet,FR,11,0,0.686,0
F902892,24.2,m_136,wallet,IT,3,0,0.934,0
F902893,64.42,m_058,wallet,DE,11,1,0.763,0
F902894,157.24,m_099,card_not_present,DE,22,1,0.667,0
F902895,22.56,m_118,card_not_present,DE,3,0,1.0,0
F902896,11.56,m_073,card_not_present,ES,7,0,0.655,0
F902897,6.54,m_146,card_not_present,FR,9,0,1.0,0
F902898,12.18,m_142,bank_transfer,FR,13,0,0.962,0
F902899,13.03,m_022,wallet,FR,15,0,0.793,0
F902900,22.51,m_087,card_not_present,,16,0,0.888,0
F902901,160.49,m_033,card_not_present,FR,2,0,0.872,1
F902902,103.33,m_147,bank_transfer,FR,23,1,1.0,0
F902903,41.15,m_025,bank_transfer,IT,16,0,0.501,0
F902904,93.9,m_015,card_present,IT,7,0,0.687,0
F902905,37.66,m_056,card_not_present,FR,14,0,0.685,0
F902906,44.88,m_034,card_present,ES,3,1,0.499,0
F902907,74.33,m_021,card_present,CH,11,1,0.859,0
F902908,79.76,m_100,card_not_present,FR,11,0,0.842,0
F902909,153.4,m_021,card_not_present,DE,12,1,0.758,0
F902910,98.08,m_111,card_not_present,FR,23,0,0.836,0
F902911,25.16,m_108,card_present,DE,2,0,0.642,0
F902912,113.62,m_030,wallet,ES,20,0,1.0,1
F902913,5.98,m_104,card_present,IT,16,0,0.655,0
F902914,77.86,m_118,card_present,BE,15,0,0.648,0
F902915,22.27,m_166,card_present,FR,2,0,0.908,0
F902916,18.55,m_022,card_not_present,FR,0,0,0.55,0
F902917,14.1,m_007,card_not_present,DE,5,0,0.722,0
F902918,44.38,m_052,card_present,IT,21,0,0.911,0
F902919,131.25,m_004,bank_transfer,FR,22,0,0.428,1
F902920,16.83,m_027,card_not_present,IT,17,1,1.0,0
F902921,28.36,m_025,card_not_present,ES,13,1,0.794,0
F902922,10.13,m_072,card_present,DE,0,0,0.957,0
F902923,21.08,m_094,card_present,FR,16,0,1.0,0
F902924,13.66,m_019,card_present,IT,8,0,0.617,0
F902925,32.42,m_020,card_present,FR,6,0,0.754,0
F902926,75.76,m_103,card_not_present,FR,11,1,0.848,0
F902927,20.32,m_027,card_present,IT,15,0,0.32,0
F902928,96.46,m_133,card_not_present,FR,17,0,0.894,0
F902929,64.38,m_035,card_not_present,ES,8,0,0.55,0
F902930,7.9,m_132,card_present,FR,22,1,0.837,0
F902931,13.71,m_088,card_not_present,FR,7,1,0.766,1
F902932,23.35,m_123,card_not_present,FR,22,0,0.74,0
F902933,51.52,m_052,card_not_present,FR,15,0,0.484,0
F902934,28.96,m_173,card_not_present,FR,7,1,0.416,0
F902935,57.68,m_055,bank_transfer,DE,11,0,0.875,0
F902936,32.63,m_052,card_not_present,FR,10,0,0.755,0
F902937,9.85,m_080,card_present,ES,20,0,0.984,0
F902938,15.46,m_012,card_present,FR,7,0,0.772,0
F902939,,m_079,card_not_present,FR,0,0,0.667,0
F902940,9.5,m_054,card_present,CH,16,0,0.847,0
F902941,40.26,m_085,card_not_present,,15,0,0.778,0
F902942,,m_019,card_not_present,BE,1,0,0.896,0
F902943,114.31,m_032,card_present,DE,11,0,0.773,0
F902944,54.73,m_095,card_not_present,FR,19,0,0.601,0
F902945,55.21,m_178,card_not_present,BE,2,0,0.914,0
F902946,4.7,m_059,card_present,FR,20,1,0.613,0
F902947,32.74,m_167,wallet,BE,12,0,0.693,0
F902948,61.53,m_167,card_present,FR,0,0,0.662,0
F902949,,m_160,bank_transfer,FR,4,0,0.503,0
F902950,50.04,m_035,card_not_present,IT,0,1,0.98,1
F902951,286.46,m_172,card_not_present,CH,11,1,0.503,0
F902952,25.15,m_090,card_not_present,FR,11,0,0.55,0
F902953,37.32,m_016,card_not_present,ES,12,0,0.58,0
F902954,78.48,m_148,card_not_present,BE,11,1,0.748,0
F902955,25.61,m_021,card_not_present,FR,7,0,1.0,0
F902956,36.8,m_041,card_present,FR,14,0,0.931,0
F902957,38.33,m_133,card_present,IT,21,0,0.788,0
F902958,59.93,m_159,card_present,FR,6,0,0.959,0
F902959,34.54,m_064,bank_transfer,FR,23,0,0.731,0
F902960,75.23,m_069,card_present,IT,2,0,0.788,0
F902961,18.01,m_153,card_not_present,FR,2,1,1.0,0
F902962,39.72,m_011,card_present,ES,1,0,0.785,0
F902963,40.6,m_099,card_present,FR,8,0,0.725,0
F902964,405.33,m_014,card_present,FR,9,0,0.654,0
F902965,34.71,m_153,card_present,FR,11,1,0.545,0
F902966,,m_068,card_present,DE,16,0,0.644,0
F902967,53.49,m_122,wallet,FR,15,0,0.751,0
F902968,293.83,m_014,card_not_present,IT,15,0,0.778,0
F902969,62.41,m_059,card_not_present,ES,20,0,0.766,0
F902970,14.88,m_086,bank_transfer,IT,18,0,0.665,0
F902971,54.8,m_070,card_present,FR,17,0,0.294,0
F902972,124.86,m_041,card_present,ES,13,0,1.0,0
F902973,5.49,m_021,card_not_present,FR,5,0,0.551,0
F902974,39.88,m_106,card_not_present,FR,21,0,0.655,0
F902975,53.03,m_045,card_present,FR,6,0,0.724,0
F902976,170.11,m_030,card_not_present,FR,6,0,0.8,0
F902977,24.77,m_037,card_present,FR,6,0,0.786,0
F902978,135.75,m_008,card_present,FR,0,0,0.936,0
F902979,11.45,m_089,wallet,IT,11,0,0.416,0
F902980,29.41,m_118,card_not_present,FR,2,0,0.762,0
F902981,88.69,m_046,card_present,FR,3,0,0.607,0
F902982,12.32,m_108,card_not_present,DE,23,0,0.701,1
F902983,24.47,m_159,card_not_present,FR,20,0,0.843,0
F902984,38.32,m_112,card_present,CH,16,1,0.399,1
F902985,20.65,m_111,card_not_present,IT,17,1,0.966,0
F902986,16.05,m_016,card_present,FR,13,0,0.582,0
F902987,59.34,m_132,card_not_present,FR,10,0,0.796,0
F902988,20.58,m_098,card_not_present,FR,12,0,0.946,0
F902989,20.37,m_116,wallet,FR,20,1,0.657,0
F902990,10.98,m_093,card_not_present,FR,4,0,0.583,0
F902991,45.14,m_003,card_present,CH,15,1,0.365,0
F902992,27.02,m_172,card_not_present,CH,22,0,0.382,0
F902993,96.28,m_032,card_present,FR,10,0,0.841,0
F902994,34.54,m_035,wallet,FR,7,0,0.986,1
F902995,40.16,m_161,card_present,FR,3,0,0.807,0
F902996,21.28,m_133,card_not_present,FR,17,0,0.847,0
F902997,56.96,m_117,card_present,ES,1,0,0.868,0
F902998,9.96,m_089,card_present,FR,17,0,0.684,0
F902999,20.36,m_176,card_present,IT,23,0,0.737,0
F903000,65.29,m_168,card_present,CH,16,0,0.768,0
F903001,16.47,m_136,card_not_present,ES,9,0,0.966,0
F903002,15.71,m_047,card_not_present,FR,20,0,0.496,0
F903003,12.64,m_159,card_not_present,DE,7,0,0.394,0
F903004,2.3,m_132,card_not_present,DE,8,1,1.0,0
F903005,8.28,m_046,card_present,FR,5,1,0.721,0
F903006,7.38,m_174,wallet,ES,14,1,0.589,1
F903007,4.29,m_058,card_present,FR,17,1,0.753,1
F903008,34.48,m_169,card_not_present,,18,0,0.773,0
F903009,57.79,m_115,card_not_present,CH,3,0,0.826,1
F903010,89.67,m_152,card_present,FR,5,0,0.725,0
F903011,18.64,m_028,card_present,FR,8,0,0.784,0
F903012,56.7,m_058,card_not_present,FR,16,1,0.917,0
F903013,25.76,m_028,card_not_present,ES,17,0,0.817,0
F903014,17.79,m_020,wallet,FR,5,1,0.924,1
F903015,37.76,m_109,card_not_present,FR,12,0,0.86,0
F903016,7.73,m_087,card_present,FR,22,0,0.54,0
F903017,35.26,m_110,card_not_present,IT,19,0,0.826,0
F903018,69.08,m_149,card_not_present,FR,16,1,0.703,0
F903019,37.67,m_111,bank_transfer,FR,23,0,0.588,1
F903020,65.88,m_041,card_not_present,FR,13,0,0.789,0
F903021,13.91,m_002,wallet,IT,10,0,0.695,0
F903022,20.95,m_162,card_not_present,DE,12,0,0.666,0
F903023,39.99,m_030,card_present,FR,16,0,0.506,0
F903024,101.54,m_003,card_present,FR,19,0,1.0,0
F903025,18.45,m_133,card_present,FR,9,0,0.868,0
F903026,6.24,m_052,wallet,DE,0,0,0.571,0
F903027,74.12,m_143,card_not_present,IT,0,0,0.875,0
F903028,132.22,m_070,card_not_present,ES,0,0,0.958,1
F903029,167.5,m_062,card_not_present,FR,21,0,0.792,0
F903030,28.01,m_161,card_not_present,FR,7,0,0.508,0
F903031,43.06,m_005,card_not_present,FR,15,0,0.946,0
F903032,127.72,m_079,card_present,FR,3,0,0.483,0
F903033,40.56,m_100,card_present,FR,20,1,0.577,0
F903034,23.11,m_176,card_present,DE,14,0,0.307,0
F903035,59.23,m_016,card_not_present,FR,8,0,0.751,0
F903036,28.9,m_132,card_present,DE,21,1,0.909,0
F903037,60.85,m_148,card_not_present,FR,19,0,0.885,0
F903038,53.57,m_070,card_not_present,FR,14,1,0.663,0
F903039,54.89,m_175,wallet,IT,9,0,0.848,0
F903040,80.69,m_090,card_not_present,ES,15,0,0.701,0
F903041,169.98,m_127,card_not_present,CH,1,0,1.0,0
F903042,25.02,m_017,card_not_present,FR,18,0,0.757,1
F903043,36.24,m_065,card_present,FR,3,0,0.636,0
F903044,38.91,m_057,card_present,DE,4,0,0.874,0
F903045,53.19,m_058,card_not_present,BE,16,0,0.505,0
F903046,5.26,m_115,wallet,FR,17,0,0.617,0
F903047,267.9,m_042,card_not_present,IT,4,0,0.992,0
F903048,38.18,m_082,card_not_present,FR,1,0,0.929,0
F903049,24.85,m_102,card_present,FR,4,0,0.352,0
F903050,6.13,m_009,card_present,ES,13,0,0.378,0
F903051,94.14,m_158,card_not_present,FR,15,0,0.626,0
F903052,28.74,m_114,card_present,FR,0,0,0.898,0
F903053,24.19,m_082,card_not_present,FR,22,0,0.588,0
F903054,21.95,m_148,card_present,BE,9,0,0.599,0
F903055,135.42,m_130,bank_transfer,FR,7,0,0.646,0
F903056,19.72,m_036,wallet,FR,2,0,0.652,1
F903057,122.42,m_099,card_not_present,FR,15,0,0.779,0
F903058,41.61,m_037,card_present,ES,5,0,0.851,0
F903059,130.34,m_023,card_present,FR,18,0,0.684,0
F903060,50.68,m_007,card_present,FR,13,0,0.831,0
F903061,5.92,m_012,card_present,FR,17,0,0.828,0
F903062,108.49,m_001,card_present,ES,6,0,0.87,0
F903063,44.98,m_018,card_not_present,FR,7,0,0.435,1
F903064,25.39,m_037,card_not_present,FR,11,0,0.627,0
F903065,14.74,m_167,card_present,BE,6,0,0.721,0
F903066,23.6,m_014,card_not_present,FR,22,0,0.684,0
F903067,96.54,m_017,card_not_present,FR,2,0,1.0,0
F903068,147.58,m_143,wallet,FR,4,0,0.952,0
F903069,37.96,m_100,bank_transfer,FR,9,0,0.772,0
F903070,64.73,m_003,card_present,FR,6,0,0.648,0
F903071,54.4,m_075,card_not_present,FR,8,0,1.0,0
F903072,37.06,m_014,card_not_present,IT,14,1,0.707,1
F903073,17.77,m_116,card_present,FR,6,1,0.935,0
F903074,58.47,m_112,card_present,FR,8,1,0.671,0
F903075,10.6,m_078,card_not_present,FR,20,0,0.748,0
F903076,53.24,m_074,card_present,IT,4,0,0.73,1
F903077,9.85,m_024,card_not_present,FR,5,0,0.847,1
F903078,23.48,m_059,card_not_present,CH,6,1,0.824,1
F903079,38.58,m_092,card_not_present,DE,15,0,0.851,0
F903080,9.37,m_138,card_present,FR,8,0,0.928,0
F903081,38.09,m_164,card_not_present,DE,1,0,0.688,0
F903082,72.51,m_009,wallet,FR,14,0,1.0,0
F903083,30.46,m_083,card_present,BE,14,1,0.656,0
F903084,7.31,m_075,card_present,FR,8,0,0.694,0
F903085,179.05,m_057,card_present,,17,0,0.833,0
F903086,79.09,m_114,wallet,BE,5,0,0.909,0
F903087,17.79,m_171,card_not_present,DE,4,1,0.764,0
F903088,119.1,m_143,card_not_present,CH,16,1,0.388,1
F903089,63.0,m_079,card_present,CH,0,1,0.956,0
F903090,85.31,m_009,card_present,ES,9,0,0.922,0
F903091,41.07,m_113,card_present,FR,9,0,0.651,0
F903092,33.51,m_177,card_present,FR,20,0,0.642,0
F903093,40.98,m_145,card_not_present,BE,3,0,0.546,0
F903094,20.27,m_160,wallet,FR,4,0,0.547,0
F903095,124.05,m_026,card_not_present,ES,23,0,1.0,1
F903096,8.63,m_072,card_not_present,CH,12,0,0.858,0
F903097,11.71,m_021,wallet,DE,14,0,0.861,0
F903098,44.05,m_143,card_not_present,CH,8,0,0.988,0
F903099,6.2,m_033,card_not_present,BE,22,1,0.886,0
F903100,98.99,m_079,card_not_present,DE,22,0,0.68,0
F903101,170.99,m_072,wallet,FR,8,0,0.756,0
F903102,30.02,m_027,wallet,DE,20,1,0.86,0
F903103,20.72,m_133,card_present,,12,0,1.0,0
F903104,82.97,m_012,card_present,CH,12,0,0.501,0
F903105,24.88,m_060,card_present,FR,5,0,0.581,0
F903106,5.85,m_148,wallet,FR,23,0,0.881,0
F903107,84.25,m_089,card_not_present,IT,11,0,0.95,0
F903108,73.33,m_139,card_present,FR,16,0,0.628,0
F903109,14.54,m_100,card_not_present,ES,20,0,0.6,0
F903110,2.92,m_169,card_not_present,FR,16,0,0.511,0
F903111,55.26,m_029,wallet,FR,3,0,0.527,0
F903112,17.06,m_034,card_present,ES,8,0,0.9,0
F903113,45.62,m_174,card_present,FR,3,0,0.74,0
F903114,8.24,m_164,card_not_present,FR,22,0,0.783,0
F903115,8.62,m_089,card_not_present,CH,22,0,0.578,0
F903116,15.58,m_066,card_present,FR,22,0,0.759,0
F903117,110.94,m_035,card_present,FR,6,0,0.515,0
F903118,65.85,m_053,card_not_present,FR,12,1,0.49,0
F903119,86.58,m_093,card_present,FR,22,0,0.437,0
F903120,70.4,m_073,bank_transfer,FR,23,0,0.416,0
F903121,49.46,m_042,card_not_present,FR,22,0,0.661,0
F903122,17.2,m_145,bank_transfer,FR,12,1,1.0,0
F903123,47.67,m_090,bank_transfer,IT,0,0,0.697,0
F903124,31.34,m_064,card_present,FR,13,0,0.731,0
F903125,18.86,m_115,card_not_present,BE,2,0,0.752,0
F903126,22.14,m_077,card_present,FR,10,0,0.705,0
F903127,41.37,m_141,card_not_present,FR,19,0,0.772,0
F903128,209.34,m_102,card_present,FR,5,0,0.609,0
F903129,9.27,m_176,card_not_present,BE,23,0,0.576,0
F903130,36.59,m_056,bank_transfer,CH,6,0,0.668,0
F903131,28.13,m_018,card_not_present,CH,10,0,1.0,0
F903132,8.85,m_043,bank_transfer,FR,0,0,0.878,0
F903133,40.73,m_062,card_present,FR,22,0,0.758,0
F903134,88.17,m_047,card_present,CH,11,0,0.533,0
F903135,44.84,m_020,card_not_present,ES,4,0,0.785,0
F903136,2.58,m_131,card_not_present,DE,20,1,0.958,0
F903137,58.38,m_127,wallet,FR,15,0,0.817,0
F903138,88.73,m_177,card_not_present,DE,23,0,0.747,0
F903139,11.43,m_142,card_not_present,FR,11,0,0.643,0
F903140,72.64,m_083,wallet,IT,22,0,0.766,0
F903141,136.06,m_013,card_not_present,FR,0,0,0.896,0
F903142,,m_060,bank_transfer,FR,12,1,0.657,0
F903143,6.4,m_108,card_present,DE,7,1,0.582,0
F903144,28.36,m_082,card_not_present,CH,5,0,0.685,0
F903145,117.27,m_092,card_not_present,IT,2,0,0.664,0
F903146,10.37,m_083,card_not_present,IT,20,0,1.0,0
F903147,90.68,m_039,card_not_present,FR,14,1,0.785,1
F903148,25.73,m_118,card_present,FR,10,0,0.555,0
F903149,23.79,m_042,card_present,FR,11,0,0.651,0
F903150,5.43,m_048,card_not_present,CH,17,0,0.789,0
F903151,26.39,m_001,card_present,BE,13,0,0.563,0
F903152,29.92,m_054,card_present,FR,21,0,0.592,0
F903153,20.46,m_147,card_present,CH,0,0,0.812,0
F903154,4.69,m_002,card_present,CH,12,0,0.278,0
F903155,42.59,m_017,card_not_present,FR,6,0,0.635,0
F903156,28.52,m_014,wallet,FR,22,0,0.884,0
F903157,13.05,m_042,card_present,FR,18,0,0.639,0
F903158,51.58,m_110,card_present,CH,15,0,0.711,0
F903159,220.16,m_137,card_present,FR,7,1,0.663,0
F903160,182.03,m_071,card_present,ES,18,0,0.629,0
F903161,14.34,m_000,card_not_present,FR,5,0,1.0,0
F903162,33.68,m_006,card_present,FR,19,0,0.994,0
F903163,51.95,m_025,card_not_present,FR,21,0,0.321,0
F903164,1.86,m_071,wallet,DE,9,0,0.717,0
F903165,33.38,m_125,bank_transfer,FR,22,1,0.641,0
F903166,14.33,m_118,card_not_present,FR,3,0,0.857,0
F903167,41.26,m_017,bank_transfer,DE,20,0,0.772,0
F903168,33.41,m_047,wallet,FR,22,0,0.788,0
F903169,130.35,m_078,wallet,DE,1,0,0.847,0
F903170,65.2,m_013,card_not_present,FR,21,0,0.406,0
F903171,10.03,m_091,card_present,FR,0,1,0.812,0
F903172,36.61,m_051,card_present,DE,12,0,0.767,0
F903173,132.59,m_126,card_not_present,BE,13,0,0.589,0
F903174,14.95,m_002,card_present,FR,17,0,0.542,0
F903175,38.77,m_095,card_present,FR,5,0,0.806,0
F903176,105.31,m_022,card_present,BE,0,0,0.98,0
F903177,,m_027,bank_transfer,DE,16,0,1.0,0
F903178,41.74,m_131,card_not_present,FR,13,0,0.598,0
F903179,63.25,m_062,card_present,FR,15,1,0.88,0
F903180,16.01,m_144,card_not_present,IT,16,1,0.99,0
F903181,193.87,m_132,bank_transfer,ES,4,1,0.923,0
F903182,30.2,m_032,card_not_present,FR,11,1,0.691,0
F903183,88.71,m_173,card_not_present,FR,22,0,1.0,0
F903184,50.74,m_168,card_present,FR,2,0,0.759,0
F903185,13.64,m_045,card_not_present,BE,4,0,0.754,0
F903186,19.7,m_068,card_present,ES,2,0,0.689,1
F903187,,m_020,wallet,BE,18,0,0.669,0
F903188,26.97,m_031,card_not_present,CH,0,0,0.419,0
F903189,17.72,m_073,card_not_present,FR,18,0,0.567,0
F903190,93.71,m_136,bank_transfer,FR,21,0,0.827,1
F903191,165.47,m_084,card_not_present,BE,5,0,0.789,1
F903192,29.1,m_019,card_not_present,BE,21,0,0.779,0
F903193,21.09,m_068,card_not_present,FR,2,0,0.82,0
F903194,106.12,m_101,card_not_present,FR,2,0,0.612,0
F903195,46.64,m_152,card_not_present,FR,2,0,0.953,0
F903196,48.61,m_119,card_not_present,FR,16,1,0.77,0
F903197,19.08,m_155,wallet,ES,7,1,0.655,0
F903198,15.5,m_107,card_not_present,FR,11,1,0.71,0
F903199,40.12,m_044,card_not_present,FR,17,0,0.407,0
F903200,122.89,m_152,card_not_present,CH,12,0,1.0,0
F903201,23.99,m_150,card_present,DE,4,0,0.938,0
F903202,124.43,m_017,card_not_present,FR,21,0,0.647,0
F903203,16.63,m_058,card_not_present,CH,7,0,0.898,0
F903204,68.51,m_176,wallet,FR,0,0,0.857,0
F903205,11.86,m_048,bank_transfer,FR,17,1,0.731,0
F903206,23.67,m_037,wallet,DE,7,0,0.915,0
F903207,74.85,m_066,card_present,FR,17,0,0.976,0
F903208,26.29,m_131,wallet,DE,19,0,0.556,0
F903209,97.63,m_166,card_not_present,FR,22,0,0.521,0
F903210,31.45,m_077,card_not_present,FR,6,0,0.859,0
F903211,22.32,m_092,card_not_present,ES,7,0,0.767,0
F903212,87.47,m_116,wallet,FR,7,0,0.854,0
F903213,58.54,m_065,card_present,DE,7,0,0.368,0
F903214,78.65,m_139,wallet,DE,8,0,0.701,0
F903215,39.82,m_107,card_not_present,ES,10,0,0.645,1
F903216,,m_056,card_present,FR,8,0,0.845,0
F903217,15.16,m_067,card_not_present,FR,10,0,0.586,0
F903218,25.76,m_006,card_present,ES,8,0,0.627,0
F903219,57.38,m_128,card_present,FR,18,0,0.86,0
F903220,6.31,m_016,card_not_present,FR,7,0,0.664,0
F903221,32.52,m_119,card_not_present,FR,16,0,0.775,0
F903222,19.62,m_158,card_present,FR,10,0,1.0,0
F903223,0.52,m_064,card_present,FR,11,0,0.43,0
F903224,23.66,m_059,card_not_present,FR,20,1,0.908,0
F903225,70.21,m_038,card_present,DE,0,0,0.711,0
F903226,445.21,m_005,card_present,ES,1,1,0.648,0
F903227,8.91,m_118,card_present,IT,0,0,0.895,0
F903228,65.83,m_006,card_present,CH,3,0,0.563,0
F903229,41.08,m_108,card_not_present,FR,10,0,0.777,0
F903230,50.49,m_157,card_present,FR,22,0,0.964,0
F903231,33.8,m_103,card_not_present,FR,12,0,0.435,0
F903232,8.01,m_121,card_not_present,DE,22,0,0.74,0
F903233,52.17,m_096,card_not_present,IT,12,0,0.62,0
F903234,23.36,m_087,wallet,FR,6,0,0.96,0
F903235,183.72,m_117,card_present,CH,9,0,0.489,0
F903236,13.73,m_163,wallet,FR,10,0,0.778,0
F903237,15.44,m_145,card_not_present,DE,11,0,0.776,0
F903238,60.38,m_136,card_not_present,FR,15,0,0.868,1
F903239,57.51,m_065,wallet,,23,1,0.908,1
F903240,86.68,m_089,wallet,FR,14,0,0.793,0
F903241,7.1,m_001,card_not_present,FR,1,1,0.449,1
F903242,75.54,m_056,card_not_present,BE,18,0,0.733,0
F903243,23.54,m_099,card_present,FR,10,0,0.722,0
F903244,8.16,m_175,card_not_present,FR,13,0,0.977,0
F903245,127.46,m_118,card_not_present,FR,13,0,0.464,0
F903246,31.44,m_055,card_present,IT,7,0,0.683,0
F903247,206.01,m_082,card_not_present,FR,17,0,0.581,0
F903248,23.52,m_104,card_not_present,FR,15,0,0.886,0
F903249,199.1,m_075,bank_transfer,IT,19,0,1.0,0
F903250,32.18,m_176,card_present,FR,16,0,0.78,0
F903251,282.36,m_099,card_present,BE,11,0,0.774,0
F903252,51.73,m_115,card_not_present,IT,18,0,0.636,0
F903253,9.99,m_041,card_not_present,CH,11,0,0.904,0
F903254,25.0,m_173,card_present,IT,12,1,0.869,0
F903255,17.32,m_173,card_present,FR,2,0,0.698,0
F903256,27.5,m_149,card_present,BE,17,0,0.653,0
F903257,,m_030,card_not_present,FR,23,0,0.575,0
F903258,14.17,m_083,card_not_present,FR,12,0,0.563,0
F903259,88.0,m_142,card_not_present,IT,12,0,0.764,0
F903260,163.78,m_038,card_present,FR,8,1,0.839,0
F903261,34.58,m_055,card_present,FR,5,0,0.708,0
F903262,20.36,m_034,card_not_present,ES,17,0,0.784,0
F903263,41.9,m_106,wallet,FR,6,0,0.538,0
F903264,30.79,m_071,card_present,BE,7,1,0.488,0
F903265,30.56,m_114,bank_transfer,FR,8,0,1.0,0
F903266,40.53,m_168,card_present,CH,8,1,0.726,0
F903267,128.99,m_073,card_present,FR,4,0,0.536,0
F903268,52.93,m_056,card_present,CH,9,0,0.74,0
F903269,32.99,m_094,card_present,DE,22,1,0.709,0
F903270,17.54,m_146,wallet,FR,5,1,0.911,0
F903271,18.01,m_111,card_present,FR,4,0,0.804,0
F903272,12.03,m_026,card_not_present,IT,6,0,0.566,0
F903273,23.94,m_152,card_present,FR,6,0,0.533,0
F903274,13.35,m_118,card_present,IT,0,0,0.966,0
F903275,100.55,m_114,card_not_present,CH,13,0,1.0,0
F903276,47.22,m_023,card_not_present,FR,18,0,0.742,0
F903277,20.41,m_018,card_not_present,FR,2,0,0.747,0
F903278,66.62,m_167,card_not_present,FR,7,0,0.789,0
F903279,20.92,m_176,card_not_present,DE,19,0,0.846,0
F903280,43.13,m_002,card_present,CH,17,0,0.918,0
F903281,23.39,m_097,card_not_present,CH,21,1,0.359,0
F903282,47.72,m_147,card_not_present,FR,14,0,0.859,0
F903283,,m_104,card_present,FR,6,0,0.896,0
F903284,50.21,m_010,card_not_present,ES,23,0,0.788,0
F903285,32.01,m_035,card_not_present,FR,1,0,0.773,0
F903286,15.32,m_176,card_present,IT,11,0,0.738,0
F903287,4.69,m_151,card_present,CH,22,0,1.0,0
F903288,48.33,m_006,card_not_present,FR,12,0,0.557,0
F903289,19.43,m_103,wallet,DE,16,0,0.766,0
F903290,54.93,m_096,card_present,FR,10,0,0.543,0
F903291,8.97,m_055,card_not_present,IT,22,1,0.695,0
F903292,41.95,m_101,card_present,FR,12,0,0.698,0
F903293,5.55,m_053,card_present,FR,18,0,0.968,0
F903294,38.9,m_099,card_present,FR,17,0,0.905,0
F903295,25.52,m_142,wallet,FR,21,0,0.735,0
F903296,18.6,m_017,card_present,IT,3,1,0.728,0
F903297,74.06,m_144,card_not_present,DE,19,0,0.598,0
F903298,264.51,m_106,wallet,CH,17,0,0.755,0
F903299,109.07,m_121,card_present,CH,9,0,0.47,0
F903300,28.55,m_063,card_not_present,CH,15,0,0.587,0
F903301,3.4,m_164,card_not_present,FR,0,0,0.885,1
F903302,69.0,m_162,card_present,BE,19,1,0.869,1
F903303,185.81,m_041,card_present,FR,11,0,0.691,0
F903304,12.78,m_144,card_present,BE,5,0,1.0,1
F903305,97.91,m_154,wallet,FR,18,0,0.77,0
F903306,7.36,m_085,card_not_present,,7,0,0.787,0
F903307,6.7,m_018,wallet,IT,14,0,0.386,0
F903308,,m_035,bank_transfer,FR,23,0,0.881,0
F903309,21.78,m_133,wallet,BE,2,0,0.611,0
F903310,8.02,m_079,card_not_present,FR,10,0,0.591,0
F903311,20.91,m_026,wallet,FR,22,0,0.737,0
F903312,31.16,m_166,card_not_present,BE,4,0,0.511,0
F903313,8.33,m_030,card_not_present,FR,4,0,0.711,0
F903314,23.4,m_154,card_present,ES,14,0,0.529,0
F903315,15.11,m_064,card_not_present,DE,10,0,0.257,0
F903316,70.3,m_145,card_not_present,ES,0,0,0.639,0
F903317,,m_012,card_not_present,FR,9,0,0.724,0
F903318,,m_115,card_not_present,FR,7,0,0.37,0
F903319,48.44,m_040,card_not_present,ES,1,0,0.483,1
F903320,70.75,m_003,card_present,BE,13,0,0.985,0
F903321,92.98,m_011,card_not_present,CH,3,0,0.569,0
F903322,261.09,m_047,bank_transfer,FR,22,0,0.718,1
F903323,35.48,m_080,card_present,FR,19,1,0.888,0
F903324,204.4,m_037,card_not_present,FR,9,0,0.869,0
F903325,47.42,m_015,card_not_present,FR,20,0,0.737,0
F903326,17.59,m_052,card_not_present,FR,9,0,0.752,0
F903327,38.65,m_136,wallet,FR,15,0,0.83,0
F903328,,m_155,wallet,,14,1,0.347,0
F903329,96.44,m_101,card_not_present,IT,15,0,0.504,0
F903330,88.85,m_099,card_present,FR,6,0,0.834,0
F903331,52.26,m_061,card_present,FR,19,1,0.924,0
F903332,1.39,m_169,card_not_present,FR,17,0,0.424,1
F903333,22.53,m_170,card_not_present,FR,6,1,0.478,0
F903334,131.27,m_081,card_present,FR,8,0,0.93,0
F903335,47.3,m_142,card_present,FR,2,0,1.0,0
F903336,63.46,m_035,card_present,FR,16,0,0.731,0
F903337,74.0,m_125,wallet,FR,6,0,0.658,0
F903338,40.87,m_086,bank_transfer,FR,15,1,0.843,1
F903339,20.24,m_144,wallet,FR,22,0,0.555,0
F903340,59.15,m_058,card_present,FR,18,0,0.43,0
F903341,186.22,m_042,card_not_present,FR,22,0,0.65,0
F903342,61.2,m_079,card_present,FR,19,0,0.634,0
F903343,47.35,m_129,card_not_present,FR,9,0,0.623,0
F903344,18.83,m_078,card_not_present,FR,23,0,0.74,0
F903345,59.94,m_052,card_present,FR,8,0,0.685,0
F903346,146.0,m_040,card_present,FR,5,1,0.843,0
F903347,120.75,m_016,card_not_present,FR,17,0,0.696,0
F903348,25.32,m_048,card_present,IT,1,1,0.81,1
F903349,32.18,m_030,card_present,FR,8,0,0.896,0
F903350,36.64,m_117,card_not_present,FR,2,0,0.679,0
F903351,23.77,m_179,card_present,DE,4,0,1.0,0
F903352,33.32,m_119,bank_transfer,FR,7,0,0.656,0
F903353,23.63,m_163,card_present,DE,16,0,0.716,0
F903354,37.41,m_134,card_not_present,FR,10,1,0.255,0
F903355,91.89,m_084,card_present,FR,9,0,0.575,0
F903356,98.74,m_146,card_not_present,FR,23,0,0.694,0
F903357,29.48,m_037,wallet,FR,2,0,0.819,0
F903358,11.01,m_059,card_present,FR,20,0,0.838,0
F903359,89.21,m_066,wallet,CH,5,1,0.45,0
F903360,52.85,m_051,card_present,IT,5,0,0.744,0
F903361,26.05,m_077,wallet,DE,19,0,0.596,0
F903362,179.76,m_044,card_present,DE,6,0,0.51,0
F903363,45.43,m_053,bank_transfer,FR,3,0,0.568,0
F903364,43.47,m_178,bank_transfer,BE,22,0,0.462,0
F903365,12.23,m_115,card_present,CH,16,1,0.644,1
F903366,8.72,m_029,card_present,FR,22,0,0.712,0
F903367,7.35,m_095,card_not_present,DE,8,0,1.0,0
F903368,7.61,m_000,card_not_present,CH,11,0,0.903,0
F903369,12.48,m_058,card_present,FR,23,0,1.0,0
F903370,24.63,m_098,card_not_present,FR,19,0,0.859,0
F903371,17.17,m_021,card_present,FR,12,0,0.668,0
F903372,31.63,m_000,card_not_present,BE,13,1,0.476,0
F903373,6.67,m_113,wallet,DE,17,0,0.375,0
F903374,4.22,m_017,card_present,FR,12,0,0.912,0
F903375,22.79,m_152,card_not_present,FR,3,0,0.439,0
F903376,27.08,m_007,card_not_present,FR,4,0,0.765,0
F903377,7.5,m_009,card_not_present,FR,23,0,0.412,0
F903378,50.21,m_092,card_present,CH,13,1,0.807,0
F903379,6.86,m_155,card_present,DE,18,0,0.866,0
F903380,169.0,m_140,wallet,BE,15,0,0.925,0
F903381,26.38,m_141,card_not_present,FR,5,0,0.536,0
F903382,8.64,m_125,card_not_present,DE,1,1,0.699,0
F903383,40.19,m_055,card_not_present,IT,3,0,1.0,0
F903384,38.94,m_115,wallet,CH,7,0,0.558,0
F903385,34.72,m_102,wallet,ES,21,0,0.498,0
F903386,128.98,m_065,card_present,FR,8,0,0.798,0
F903387,13.71,m_147,card_present,IT,3,0,1.0,0
F903388,22.01,m_110,bank_transfer,FR,1,0,0.952,0
F903389,64.24,m_064,card_present,CH,18,0,0.822,0
F903390,23.15,m_065,card_not_present,ES,14,1,0.704,0
F903391,10.74,m_179,card_present,CH,17,0,0.657,0
F903392,151.08,m_126,card_not_present,FR,10,0,0.735,0
F903393,100.18,m_122,card_not_present,ES,9,0,0.905,0
F903394,54.41,m_012,card_present,BE,12,0,1.0,0
F903395,72.6,m_163,wallet,IT,14,0,0.507,0
F903396,50.23,m_098,card_not_present,ES,8,0,0.63,0
F903397,26.6,m_071,card_present,IT,11,1,0.791,0
F903398,354.1,m_061,card_not_present,IT,13,0,0.824,0
F903399,25.57,m_174,card_present,FR,18,0,0.663,0
F903400,26.67,m_015,card_present,FR,9,0,0.702,0
F903401,97.12,m_004,card_not_present,FR,0,1,0.711,0
F903402,46.16,m_040,card_not_present,FR,12,0,0.628,0
F903403,78.53,m_172,card_not_present,FR,19,0,0.476,0
F903404,175.3,m_073,card_not_present,BE,18,0,0.528,0
F903405,170.19,m_127,card_present,BE,22,0,0.285,0
F903406,9.57,m_020,card_not_present,FR,21,1,0.758,0
F903407,66.67,m_055,bank_transfer,FR,10,0,0.603,0
F903408,31.2,m_096,card_present,DE,16,0,0.637,0
F903409,6.18,m_119,card_not_present,ES,17,0,0.692,0
F903410,158.69,m_145,wallet,FR,19,0,0.78,0
F903411,1475.4,m_161,card_present,ES,23,0,0.651,0
F903412,18.13,m_046,bank_transfer,FR,9,0,0.394,0
F903413,5.78,m_179,card_present,FR,21,0,0.814,0
F903414,11.9,m_026,card_not_present,FR,2,0,0.632,0
F903415,58.2,m_050,card_not_present,ES,21,0,0.915,1
F903416,47.32,m_078,bank_transfer,FR,23,0,0.628,0
F903417,35.28,m_118,card_present,FR,11,0,0.36,0
F903418,91.9,m_001,card_not_present,FR,11,0,1.0,0
F903419,65.94,m_177,card_present,FR,9,1,0.499,0
F903420,26.05,m_110,card_present,DE,8,0,0.819,0
F903421,93.62,m_112,card_present,DE,11,0,0.556,0
F903422,131.48,m_001,card_not_present,FR,4,0,0.705,0
F903423,65.66,m_075,card_present,IT,17,0,0.772,0
F903424,8.89,m_032,card_not_present,CH,1,1,0.737,1
F903425,31.04,m_047,card_not_present,BE,4,0,0.689,0
F903426,130.31,m_029,wallet,IT,9,0,0.548,0
F903427,45.51,m_135,card_present,BE,10,0,0.447,0
F903428,85.74,m_035,bank_transfer,FR,11,0,0.559,0
F903429,59.28,m_014,card_present,ES,1,0,0.634,0
F903430,6.33,m_150,card_not_present,ES,6,0,0.634,0
F903431,22.2,m_038,card_not_present,IT,10,0,0.821,0
F903432,20.16,m_067,bank_transfer,BE,9,0,0.489,0
F903433,31.5,m_164,card_not_present,FR,10,0,0.579,0
F903434,158.04,m_028,card_not_present,FR,8,0,0.549,0
F903435,10.57,m_028,card_present,IT,13,0,0.694,0
F903436,51.16,m_090,card_not_present,DE,16,1,1.0,0
F903437,125.77,m_044,card_not_present,FR,3,0,0.889,0
F903438,3.18,m_012,card_present,FR,2,0,0.638,0
F903439,77.69,m_127,card_not_present,FR,6,0,0.565,0
F903440,30.21,m_152,card_not_present,IT,6,1,0.24,0
F903441,61.0,m_092,card_present,FR,16,0,0.731,0
F903442,17.15,m_132,card_not_present,FR,9,0,0.634,0
F903443,13.67,m_171,card_not_present,FR,17,0,0.656,0
F903444,62.8,m_034,card_present,FR,17,0,0.533,0
F903445,139.51,m_102,card_present,BE,4,0,0.753,0
F903446,19.99,m_124,card_not_present,FR,11,1,1.0,1
F903447,,m_118,card_not_present,FR,3,0,0.804,0
F903448,38.79,m_069,card_not_present,FR,4,1,0.827,0
F903449,171.03,m_001,card_not_present,,16,0,0.748,0
F903450,69.19,m_170,wallet,FR,7,0,0.651,0
F903451,51.48,m_168,card_not_present,FR,4,0,0.614,0
F903452,16.11,m_007,bank_transfer,FR,22,0,0.603,0
F903453,13.01,m_024,wallet,FR,0,0,0.738,0
F903454,78.48,m_111,card_present,IT,6,0,0.763,0
F903455,10.62,m_111,card_not_present,ES,18,0,0.618,0
F903456,19.34,m_118,card_present,FR,9,1,0.547,0
F903457,15.25,m_071,wallet,DE,19,0,0.925,1
F903458,124.52,m_106,card_present,FR,3,0,0.67,0
F903459,77.84,m_173,card_present,FR,9,1,0.644,0
F903460,105.03,m_161,card_not_present,FR,3,0,0.652,0
F903461,39.14,m_068,wallet,FR,22,1,0.628,0
F903462,15.12,m_058,card_not_present,ES,8,1,0.742,0
F903463,89.45,m_067,card_present,FR,4,0,0.378,0
F903464,34.34,m_125,card_present,FR,4,0,0.435,0
F903465,399.8,m_133,card_not_present,IT,0,0,0.835,0
F903466,22.53,m_094,bank_transfer,FR,22,0,0.665,0
F903467,25.6,m_095,card_not_present,CH,12,0,0.871,0
F903468,241.46,m_072,card_present,FR,11,0,0.803,0
F903469,37.89,m_139,card_not_present,FR,9,0,0.84,0
F903470,71.25,m_013,bank_transfer,DE,14,0,0.851,0
F903471,8.31,m_052,bank_transfer,FR,21,0,0.941,0
F903472,52.76,m_175,card_not_present,FR,10,0,0.726,0
F903473,,m_060,card_present,FR,7,0,1.0,0
F903474,8.91,m_169,card_present,IT,1,0,0.585,0
F903475,66.34,m_057,card_not_present,FR,8,0,1.0,0
F903476,7.96,m_029,wallet,ES,7,0,0.761,0
F903477,83.82,m_159,card_present,IT,17,0,0.794,0
F903478,110.51,m_126,card_present,IT,13,1,0.709,1
F903479,42.68,m_063,card_not_present,FR,9,0,1.0,0
F903480,23.38,m_112,card_not_present,FR,9,1,0.771,0
F903481,77.77,m_069,card_not_present,FR,19,0,0.874,0
F903482,29.85,m_140,wallet,FR,20,1,0.599,0
F903483,14.93,m_056,card_not_present,DE,9,0,0.275,0
F903484,26.15,m_092,card_present,DE,22,0,0.766,0
F903485,81.78,m_000,card_not_present,ES,15,0,0.585,0
F903486,49.31,m_171,card_present,BE,4,0,0.468,0
F903487,47.69,m_174,card_not_present,FR,0,0,0.799,1
F903488,100.69,m_070,card_not_present,ES,17,0,0.605,0
F903489,191.7,m_112,card_not_present,FR,23,0,0.275,0
F903490,27.67,m_083,card_not_present,BE,15,0,0.65,0
F903491,53.25,m_116,card_not_present,BE,21,0,0.76,0
F903492,6.44,m_082,card_not_present,FR,15,0,0.982,0
F903493,26.6,m_016,card_not_present,CH,11,1,0.956,1
F903494,49.74,m_064,card_not_present,FR,13,0,1.0,0
F903495,66.3,m_102,card_not_present,FR,23,1,0.554,0
F903496,8.03,m_090,card_present,ES,0,0,0.562,0
F903497,86.1,m_109,card_present,FR,18,0,1.0,0
F903498,64.24,m_072,bank_transfer,FR,12,0,0.757,0
F903499,29.58,m_155,card_present,FR,19,0,0.864,0
F903500,73.13,m_009,card_present,DE,1,0,0.587,0
F903501,,m_046,card_not_present,CH,17,0,0.686,0
F903502,8.9,m_063,card_present,IT,15,0,0.529,0
F903503,88.29,m_091,bank_transfer,CH,12,0,0.669,0
F903504,35.64,m_135,card_not_present,FR,19,0,0.873,1
F903505,26.97,m_015,card_not_present,FR,13,0,0.87,0
F903506,64.38,m_061,card_not_present,DE,6,0,0.549,0
F903507,120.13,m_067,card_present,FR,4,0,0.427,0
F903508,188.18,m_139,card_not_present,FR,22,0,0.775,0
F903509,4.73,m_082,card_present,DE,5,0,0.609,0
F903510,8.27,m_164,card_not_present,IT,1,0,0.401,0
F903511,50.4,m_146,card_present,FR,0,1,0.716,1
F903512,41.54,m_013,card_not_present,FR,13,0,0.803,0
F903513,17.62,m_069,wallet,ES,10,0,0.728,0
F903514,71.23,m_016,card_not_present,DE,23,0,0.595,0
F903515,25.98,m_055,card_present,DE,4,0,0.675,0
F903516,19.33,m_142,card_present,ES,5,0,0.754,0
F903517,18.57,m_145,card_present,CH,0,0,0.559,0
F903518,79.7,m_053,card_not_present,ES,0,0,0.482,0
F903519,10.86,m_152,card_not_present,BE,3,0,0.625,0
F903520,35.01,m_114,wallet,IT,11,0,0.282,0
F903521,78.1,m_131,card_present,IT,18,1,0.559,0
F903522,15.93,m_056,card_present,IT,12,0,0.982,0
F903523,147.92,m_176,card_not_present,ES,14,0,0.783,1
F903524,66.97,m_057,card_present,FR,10,0,0.459,0
F903525,65.7,m_165,card_not_present,FR,14,0,0.438,0
F903526,27.91,m_173,card_present,FR,13,1,0.76,0
F903527,28.42,m_041,card_not_present,CH,14,0,0.842,0
F903528,75.81,m_121,card_not_present,IT,17,0,0.891,0
F903529,52.5,m_067,card_present,FR,2,1,0.637,0
F903530,94.86,m_177,wallet,FR,4,0,0.608,1
F903531,235.85,m_109,card_present,FR,22,0,0.664,0
F903532,79.65,m_116,card_not_present,ES,7,0,0.628,0
F903533,43.1,m_040,bank_transfer,FR,21,0,0.428,0
F903534,40.52,m_019,card_not_present,FR,13,0,0.783,0
F903535,48.33,m_034,card_not_present,FR,23,1,1.0,0
F903536,15.71,m_150,card_not_present,FR,0,1,0.261,0
F903537,15.11,m_005,card_not_present,DE,11,1,0.791,0
F903538,17.62,m_166,card_not_present,FR,11,0,0.775,0
F903539,62.85,m_037,card_present,FR,17,0,0.895,0
F903540,80.37,m_005,card_present,FR,17,1,0.629,0
F903541,35.28,m_001,card_not_present,FR,1,0,0.454,0
F903542,20.23,m_080,card_not_present,DE,6,0,0.847,0
F903543,4.09,m_100,bank_transfer,CH,9,0,0.432,0
F903544,51.57,m_145,wallet,ES,22,0,0.894,0
F903545,24.85,m_160,bank_transfer,FR,11,0,0.639,0
F903546,50.96,m_121,card_not_present,FR,5,0,0.786,0
F903547,40.62,m_070,card_present,FR,22,0,0.601,0
F903548,17.32,m_018,card_present,FR,0,0,0.748,0
F903549,9.14,m_094,card_not_present,FR,9,0,0.754,0
F903550,13.92,m_115,card_not_present,FR,16,1,0.687,0
F903551,6.4,m_079,card_not_present,FR,15,0,0.807,0
F903552,6.88,m_128,bank_transfer,DE,6,0,0.75,0
F903553,50.47,m_062,bank_transfer,FR,5,0,0.277,0
F903554,80.65,m_003,card_not_present,DE,9,0,1.0,0
F903555,13.21,m_063,card_present,FR,6,1,0.962,0
F903556,9.59,m_156,card_present,BE,21,0,0.917,0
F903557,4.08,m_121,card_not_present,BE,14,0,0.464,0
F903558,19.98,m_137,wallet,BE,21,0,0.551,0
F903559,7.88,m_148,wallet,BE,23,1,0.794,0
F903560,31.36,m_110,card_present,FR,7,0,0.704,0
F903561,13.97,m_165,card_present,FR,17,1,1.0,0
F903562,39.53,m_019,card_present,ES,16,1,0.607,0
F903563,30.51,m_084,card_not_present,FR,19,0,0.823,0
F903564,39.79,m_169,card_present,FR,20,0,0.577,0
F903565,164.05,m_173,card_present,FR,20,0,0.724,0
F903566,67.24,m_173,card_not_present,FR,8,0,0.479,0
F903567,49.49,m_003,card_not_present,FR,16,0,0.733,0
F903568,2.38,m_001,card_not_present,FR,0,1,1.0,0
F903569,19.95,m_038,card_not_present,FR,12,0,0.923,0
F903570,23.65,m_011,card_not_present,FR,12,0,0.754,0
F903571,61.97,m_053,card_present,FR,13,0,0.659,0
F903572,4.74,m_175,card_present,ES,18,0,0.96,0
F903573,29.24,m_089,card_not_present,DE,23,1,0.469,0
F903574,70.72,m_059,card_present,FR,13,1,0.454,0
F903575,22.62,m_045,bank_transfer,FR,11,0,0.656,0
F903576,24.04,m_170,card_not_present,FR,17,0,0.845,0
F903577,5.55,m_058,card_not_present,FR,11,0,0.486,0
F903578,11.41,m_021,card_present,BE,4,1,0.726,0
F903579,4.92,m_154,card_not_present,FR,12,0,0.83,0
F903580,196.3,m_173,card_present,FR,2,0,0.814,0
F903581,27.53,m_073,card_present,FR,9,0,1.0,0
F903582,60.68,m_043,card_present,FR,21,0,0.66,0
F903583,10.16,m_148,card_not_present,FR,7,1,0.644,0
F903584,21.88,m_136,card_not_present,FR,11,0,0.602,0
F903585,31.73,m_059,wallet,BE,4,0,0.989,0
F903586,58.23,m_006,bank_transfer,FR,11,0,0.715,0
F903587,9.55,m_143,bank_transfer,FR,5,0,0.787,0
F903588,59.59,m_014,card_present,FR,3,0,0.954,0
F903589,13.72,m_138,card_present,FR,22,1,0.441,0
F903590,82.19,m_055,bank_transfer,CH,9,0,0.597,0
F903591,7.21,m_167,card_present,ES,16,1,0.989,1
F903592,55.48,m_173,wallet,IT,0,0,0.992,0
F903593,,m_128,wallet,FR,20,0,0.815,0
F903594,16.98,m_019,card_not_present,ES,12,1,0.612,0
F903595,12.57,m_091,card_not_present,FR,1,0,0.665,1
F903596,23.23,m_143,card_not_present,FR,0,0,0.43,0
F903597,23.47,m_094,card_present,FR,9,1,0.528,0
F903598,19.03,m_051,card_present,FR,14,0,0.752,0
F903599,19.9,m_091,card_not_present,CH,23,0,0.836,0
F903600,33.67,m_070,card_not_present,CH,7,0,0.845,0
F903601,6.84,m_032,card_not_present,ES,21,1,0.866,1
F903602,99.86,m_154,card_present,IT,14,1,0.865,0
F903603,2.63,m_063,card_present,DE,9,0,0.855,0
F903604,153.93,m_041,card_present,ES,14,0,0.968,0
F903605,,m_046,card_not_present,CH,23,0,1.0,1
F903606,12.87,m_132,card_present,FR,19,0,0.478,0
F903607,106.28,m_122,card_not_present,,14,0,0.692,1
F903608,10.75,m_036,card_not_present,FR,17,0,0.694,0
F903609,86.58,m_094,card_not_present,FR,1,1,0.628,0
F903610,16.18,m_048,card_not_present,FR,10,0,0.988,0
F903611,44.43,m_142,wallet,FR,20,0,0.95,0
F903612,35.69,m_174,card_present,FR,6,0,0.321,0
F903613,5.5,m_085,card_present,CH,2,0,0.34,0
F903614,38.5,m_084,wallet,FR,23,0,0.719,0
F903615,633.25,m_058,card_not_present,DE,14,0,0.697,0
F903616,20.11,m_008,card_not_present,FR,16,1,0.804,0
F903617,19.88,m_037,card_present,FR,8,0,0.65,0
F903618,26.77,m_070,card_present,CH,19,0,0.725,0
F903619,110.72,m_076,card_not_present,FR,15,0,0.553,0
F903620,42.08,m_026,card_not_present,FR,13,0,0.868,0
F903621,20.06,m_005,card_not_present,FR,15,1,0.776,0
F903622,20.72,m_089,card_not_present,FR,14,0,0.678,0
F903623,77.18,m_046,card_not_present,ES,2,0,0.687,0
F903624,23.73,m_176,card_not_present,FR,3,0,0.93,0
F903625,34.21,m_066,card_not_present,CH,12,0,0.721,0
F903626,66.76,m_131,wallet,FR,19,1,0.861,0
F903627,25.3,m_017,bank_transfer,BE,14,0,0.875,0
F903628,30.11,m_052,card_not_present,FR,15,1,0.918,0
F903629,14.93,m_056,card_not_present,FR,6,0,0.852,0
F903630,57.04,m_123,card_present,FR,19,0,0.705,0
F903631,220.67,m_042,wallet,IT,6,0,0.643,0
F903632,1.64,m_091,wallet,IT,20,0,0.602,0
F903633,271.66,m_128,card_present,IT,21,0,0.532,0
F903634,18.5,m_057,card_not_present,BE,16,0,0.324,0
F903635,25.66,m_123,card_not_present,ES,11,0,0.733,0
F903636,10.32,m_130,card_not_present,FR,4,1,0.445,0
F903637,52.88,m_162,card_not_present,FR,9,0,0.431,0
F903638,17.19,m_086,card_not_present,IT,12,0,0.606,0
F903639,10.77,m_166,card_not_present,BE,4,0,0.413,0
F903640,12.5,m_124,card_not_present,FR,14,0,0.711,0
F903641,117.43,m_035,card_present,CH,22,0,0.811,0
F903642,45.48,m_054,card_present,IT,23,0,0.395,0
F903643,40.11,m_058,card_not_present,FR,11,0,1.0,0
F903644,48.41,m_095,card_present,FR,9,0,1.0,0
F903645,,m_033,bank_transfer,FR,20,0,0.872,0
F903646,103.84,m_109,card_not_present,FR,10,0,0.615,0
F903647,63.39,m_046,card_present,IT,14,0,0.563,0
F903648,36.09,m_101,card_not_present,FR,22,0,0.775,0
F903649,93.75,m_091,card_not_present,ES,13,1,0.681,0
F903650,61.77,m_092,card_not_present,FR,16,0,0.593,0
F903651,186.85,m_023,card_present,DE,7,0,0.817,0
F903652,33.98,m_155,card_present,ES,18,0,0.634,0
F903653,160.32,m_092,bank_transfer,DE,16,1,0.921,0
F903654,76.45,m_082,card_present,BE,7,0,0.712,0
F903655,4.83,m_170,card_not_present,FR,14,0,0.502,0
F903656,79.56,m_026,card_not_present,FR,5,0,0.928,1
F903657,39.57,m_095,card_not_present,ES,12,0,0.698,0
F903658,50.54,m_090,card_present,DE,21,0,0.661,0
F903659,78.51,m_007,card_present,FR,3,1,0.912,0
F903660,119.8,m_117,wallet,IT,12,0,0.547,0
F903661,37.08,m_053,wallet,FR,15,0,0.894,1
F903662,219.62,m_045,card_present,CH,9,0,0.95,0
F903663,18.63,m_137,card_present,BE,14,0,0.69,0
F903664,7.9,m_127,card_not_present,BE,18,0,0.58,0
F903665,23.65,m_036,wallet,IT,15,0,0.7,0
F903666,28.68,m_146,card_not_present,DE,14,0,0.673,0
F903667,4.42,m_025,card_not_present,FR,1,0,0.801,0
F903668,213.06,m_175,card_present,CH,6,1,0.789,0
F903669,34.81,m_147,card_not_present,FR,20,0,0.4,0
F903670,29.72,m_123,wallet,FR,7,0,0.593,0
F903671,57.49,m_085,card_not_present,DE,22,1,0.724,0
F903672,222.11,m_105,card_present,BE,3,0,0.771,0
F903673,17.21,m_062,card_not_present,FR,1,0,0.505,0
F903674,163.58,m_115,card_not_present,FR,7,1,0.839,1
F903675,39.69,m_155,wallet,DE,2,0,0.89,0
F903676,6.98,m_110,card_present,FR,4,1,0.65,0
F903677,12.01,m_103,bank_transfer,ES,13,0,0.706,0
F903678,17.27,m_076,card_not_present,ES,2,0,0.586,0
F903679,46.25,m_129,card_not_present,CH,21,1,0.942,0
F903680,27.64,m_123,wallet,DE,15,0,0.815,0
F903681,23.95,m_013,wallet,FR,21,0,0.988,0
F903682,7.28,m_147,wallet,FR,16,0,0.502,0
F903683,4.19,m_035,card_not_present,ES,16,0,0.699,0
F903684,12.63,m_157,card_not_present,DE,8,0,0.521,0
F903685,25.1,m_154,card_not_present,ES,5,1,0.921,0
F903686,10.04,m_147,wallet,FR,1,0,0.941,0
F903687,10.11,m_068,card_present,ES,21,0,1.0,0
F903688,125.71,m_023,card_present,DE,14,0,0.758,0
F903689,14.37,m_174,card_present,FR,22,0,0.618,0
F903690,23.71,m_043,card_present,FR,9,1,0.637,0
F903691,11.42,m_173,wallet,FR,12,0,0.752,0
F903692,37.13,m_004,bank_transfer,ES,2,1,0.7,0
F903693,47.1,m_112,bank_transfer,FR,1,0,1.0,0
F903694,177.39,m_058,card_present,CH,0,0,0.945,0
F903695,24.08,m_034,wallet,FR,8,0,0.807,0
F903696,124.5,m_046,bank_transfer,FR,23,0,0.639,0
F903697,56.6,m_065,card_present,FR,8,1,0.957,0
F903698,33.68,m_075,card_not_present,BE,2,0,0.687,0
F903699,58.09,m_145,card_not_present,ES,1,0,0.744,0
F903700,35.22,m_060,card_not_present,ES,11,0,0.352,0
F903701,355.75,m_025,card_not_present,FR,14,1,0.55,0
F903702,47.45,m_018,card_present,DE,18,0,0.612,0
F903703,84.17,m_032,wallet,DE,17,0,0.508,0
F903704,24.3,m_017,card_not_present,FR,12,0,0.803,0
F903705,5.67,m_116,card_not_present,FR,16,0,0.527,0
F903706,22.97,m_142,card_not_present,FR,23,0,0.71,1
F903707,14.4,m_151,card_present,FR,7,0,0.769,0
F903708,71.53,m_022,card_not_present,FR,1,0,0.641,0
F903709,13.34,m_154,card_present,DE,15,0,0.587,0
F903710,104.35,m_058,wallet,DE,9,0,1.0,0
F903711,,m_152,card_not_present,BE,19,0,0.676,0
F903712,40.82,m_063,card_not_present,IT,13,0,0.536,0
F903713,11.41,m_122,card_not_present,FR,23,0,0.689,0
F903714,45.73,m_147,card_not_present,FR,7,0,0.895,0
F903715,20.13,m_161,card_present,ES,6,0,0.528,0
F903716,143.39,m_159,card_not_present,FR,9,0,0.79,0
F903717,0.5,m_081,card_present,ES,18,0,0.72,0
F903718,62.13,m_134,card_present,DE,13,0,1.0,0
F903719,38.93,m_093,card_present,FR,18,0,0.762,0
F903720,33.36,m_174,card_not_present,CH,4,0,0.998,0
F903721,194.46,m_097,card_present,DE,12,1,0.526,0
F903722,75.17,m_124,card_present,BE,15,0,0.739,1
F903723,37.42,m_025,card_not_present,DE,16,0,0.835,0
F903724,53.75,m_074,wallet,FR,9,1,0.696,0
F903725,3.79,m_127,card_not_present,FR,17,0,0.876,0
F903726,22.38,m_116,card_present,FR,0,1,0.693,1
F903727,24.39,m_139,card_present,ES,5,0,0.504,0
F903728,123.1,m_097,card_not_present,DE,22,0,0.442,0
F903729,23.06,m_129,card_not_present,FR,2,0,0.692,1
F903730,25.81,m_012,card_present,IT,18,0,0.454,0
F903731,24.18,m_062,card_not_present,DE,10,1,0.162,1
F903732,56.54,m_145,card_present,FR,22,0,1.0,0
F903733,167.07,m_163,card_present,FR,1,0,0.876,0
F903734,88.14,m_091,card_present,BE,3,0,0.729,0
F903735,20.98,m_018,bank_transfer,IT,12,0,0.743,0
F903736,31.89,m_088,card_not_present,IT,4,0,0.798,0
F903737,94.34,m_147,card_not_present,DE,8,0,0.594,0
F903738,27.54,m_013,card_present,FR,20,0,0.747,0
F903739,59.4,m_172,card_not_present,DE,3,0,0.785,0
F903740,9.27,m_148,card_present,IT,19,0,1.0,0
F903741,10.23,m_145,card_not_present,IT,17,0,0.512,0
F903742,76.71,m_145,wallet,FR,16,0,0.983,0
F903743,11.94,m_012,card_present,FR,5,0,0.602,0
F903744,13.14,m_128,card_not_present,IT,15,0,0.444,0
F903745,46.26,m_060,card_not_present,FR,1,1,0.986,0
F903746,42.39,m_035,card_present,FR,15,0,0.8,0
F903747,31.58,m_120,card_present,BE,5,0,1.0,0
F903748,25.65,m_023,card_present,FR,9,0,0.876,0
F903749,,m_152,card_present,FR,19,0,0.749,1
F903750,35.33,m_100,bank_transfer,FR,5,0,0.748,0
F903751,17.03,m_039,card_not_present,FR,13,0,0.636,0
F903752,253.99,m_115,bank_transfer,FR,8,0,0.559,0
F903753,27.92,m_006,card_not_present,FR,17,0,0.673,0
F903754,22.74,m_010,card_not_present,ES,11,0,0.561,0
F903755,29.12,m_107,card_present,FR,22,1,1.0,0
F903756,33.56,m_001,card_not_present,FR,16,0,0.834,0
F903757,167.26,m_100,card_present,FR,1,0,0.67,0
F903758,121.42,m_059,card_not_present,ES,23,0,0.473,0
F903759,6.94,m_087,card_not_present,FR,9,0,0.848,0
F903760,36.34,m_105,card_not_present,ES,2,1,0.875,0
F903761,45.37,m_122,card_present,BE,11,0,0.735,0
F903762,43.35,m_118,card_not_present,FR,23,0,0.331,0
F903763,54.01,m_079,wallet,FR,16,0,0.953,0
F903764,88.35,m_134,card_present,IT,12,0,0.674,0
F903765,23.23,m_055,wallet,FR,7,0,0.786,0
F903766,25.65,m_061,card_not_present,FR,22,0,0.712,0
F903767,13.9,m_061,bank_transfer,ES,12,0,0.672,0
F903768,22.0,m_160,bank_transfer,DE,8,0,0.799,0
F903769,98.39,m_087,card_present,FR,6,0,0.768,0
F903770,26.66,m_095,card_present,IT,16,0,1.0,0
F903771,30.1,m_073,card_present,IT,8,0,0.646,1
F903772,49.98,m_058,card_not_present,CH,20,0,0.53,1
F903773,34.07,m_109,card_present,FR,16,0,0.738,0
F903774,79.41,m_083,card_not_present,BE,18,0,0.979,0
F903775,73.22,m_028,card_present,FR,11,0,0.584,0
F903776,12.58,m_113,card_not_present,FR,8,0,0.344,0
F903777,88.54,m_171,card_present,DE,13,0,0.717,0
F903778,123.67,m_003,card_not_present,FR,4,1,0.871,0
F903779,245.74,m_074,card_not_present,FR,1,1,0.656,1
F903780,40.88,m_038,bank_transfer,FR,18,0,0.663,0
F903781,171.84,m_126,card_present,DE,8,0,0.837,0
F903782,17.31,m_156,wallet,FR,0,0,0.732,0
F903783,,m_118,card_not_present,BE,17,0,0.729,0
F903784,14.43,m_011,wallet,IT,6,0,0.566,0
F903785,53.73,m_021,card_present,IT,7,0,0.858,0
F903786,52.73,m_147,wallet,BE,21,0,0.456,0
F903787,32.13,m_001,card_present,ES,14,1,1.0,0
F903788,40.2,m_099,card_present,DE,15,0,0.85,0
F903789,57.47,m_029,card_not_present,FR,8,1,1.0,0
F903790,55.31,m_028,wallet,ES,6,0,0.238,0
F903791,45.53,m_058,card_present,FR,18,0,0.792,0
F903792,31.78,m_084,wallet,DE,5,0,0.752,0
F903793,28.31,m_086,card_present,FR,1,1,0.844,0
F903794,21.63,m_130,card_present,FR,10,0,0.627,0
F903795,,m_127,card_not_present,FR,7,0,0.648,0
F903796,30.86,m_069,card_not_present,FR,1,0,0.749,0
F903797,42.5,m_092,card_present,CH,22,0,0.58,0
F903798,10.91,m_052,bank_transfer,FR,4,0,0.574,0
F903799,9.59,m_169,card_present,ES,2,1,0.542,0
F903800,9.49,m_174,card_present,BE,12,0,0.619,0
F903801,64.28,m_160,wallet,FR,7,1,0.92,0
F903802,11.5,m_057,card_not_present,CH,3,0,0.824,0
F903803,42.64,m_064,card_not_present,DE,8,0,0.772,0
F903804,10.16,m_038,card_not_present,FR,22,1,0.358,0
F903805,50.14,m_133,card_present,IT,15,0,0.454,0
F903806,26.99,m_085,card_not_present,ES,4,0,0.505,0
F903807,52.78,m_048,card_not_present,FR,12,0,0.774,0
F903808,12.08,m_164,card_not_present,ES,6,1,0.649,0
F903809,17.98,m_098,card_present,BE,9,0,0.763,0
F903810,105.78,m_086,card_not_present,DE,5,0,0.602,0
F903811,83.44,m_178,card_not_present,DE,0,0,0.877,0
F903812,12.04,m_001,card_not_present,BE,14,0,0.395,0
F903813,111.11,m_054,wallet,FR,4,1,0.576,0
F903814,,m_008,card_not_present,FR,11,1,0.847,0
F903815,26.02,m_110,card_not_present,FR,20,0,0.692,0
F903816,26.06,m_131,card_present,IT,3,1,0.831,0
F903817,88.84,m_033,card_not_present,FR,5,1,0.87,0
F903818,,m_020,card_not_present,BE,15,0,0.52,0
F903819,25.59,m_030,card_not_present,FR,2,0,0.721,0
F903820,22.41,m_103,card_present,FR,23,1,0.728,0
F903821,5.67,m_076,card_not_present,IT,4,0,0.53,0
F903822,62.21,m_120,card_not_present,IT,18,0,0.666,1
F903823,45.87,m_052,card_present,DE,3,0,0.685,0
F903824,29.68,m_090,card_present,FR,22,0,0.888,0
F903825,31.37,m_008,card_not_present,FR,10,0,0.742,0
F903826,48.11,m_077,card_not_present,FR,11,1,0.813,0
F903827,21.35,m_172,card_not_present,FR,13,1,1.0,0
F903828,33.56,m_171,card_present,FR,10,0,0.693,0
F903829,56.4,m_075,card_not_present,FR,5,0,0.664,0
F903830,721.54,m_073,wallet,FR,2,0,0.8,0
F903831,21.28,m_151,card_not_present,FR,8,0,0.693,1
F903832,77.67,m_085,card_present,FR,8,0,0.994,0
F903833,37.0,m_043,card_present,FR,20,0,0.531,0
F903834,34.19,m_165,card_present,FR,23,0,0.991,0
F903835,17.57,m_088,bank_transfer,FR,14,0,0.307,0
F903836,43.24,m_175,card_not_present,FR,12,0,0.636,0
F903837,35.41,m_009,card_present,,9,0,0.581,0
F903838,40.04,m_082,card_present,FR,23,0,0.713,1
F903839,63.13,m_114,card_not_present,FR,0,0,0.632,0
F903840,2.98,m_056,card_present,ES,5,1,0.695,0
F903841,64.19,m_114,card_not_present,FR,3,0,0.709,0
F903842,38.93,m_158,card_not_present,FR,11,0,0.581,0
F903843,112.69,m_085,card_not_present,FR,11,0,0.482,0
F903844,27.94,m_041,card_not_present,FR,22,0,0.641,0
F903845,119.98,m_005,card_present,FR,5,1,0.398,0
F903846,10.21,m_022,card_not_present,ES,8,0,0.625,0
F903847,14.76,m_165,card_present,BE,2,0,0.437,0
F903848,241.64,m_012,card_present,ES,11,0,0.733,0
F903849,112.87,m_011,wallet,FR,6,1,0.921,0
F903850,54.57,m_138,card_not_present,FR,9,0,0.753,0
F903851,22.54,m_133,card_not_present,FR,19,0,0.626,0
F903852,22.16,m_031,card_not_present,FR,18,0,1.0,0
F903853,10.46,m_172,card_present,FR,23,0,0.651,0
F903854,40.42,m_101,card_present,FR,7,0,0.741,0
F903855,231.76,m_085,wallet,DE,21,0,0.824,0
F903856,,m_022,card_not_present,CH,6,0,0.74,1
F903857,58.17,m_137,card_not_present,FR,3,0,0.77,0
F903858,23.24,m_048,bank_transfer,FR,0,0,0.503,0
F903859,28.7,m_048,wallet,FR,7,0,0.618,0
F903860,25.46,m_071,card_present,FR,1,0,0.763,0
F903861,86.55,m_140,wallet,FR,14,0,0.393,0
F903862,11.36,m_092,wallet,FR,2,0,0.793,0
F903863,23.14,m_018,wallet,FR,3,0,0.709,0
F903864,37.51,m_146,card_not_present,FR,22,1,0.697,0
F903865,22.8,m_042,card_not_present,FR,21,0,0.8,0
F903866,16.63,m_001,card_present,CH,4,1,0.817,0
F903867,,m_024,card_not_present,FR,3,0,0.821,0
F903868,5.35,m_067,card_present,FR,1,1,0.901,0
F903869,158.93,m_178,card_not_present,DE,1,0,0.89,0
F903870,23.89,m_126,card_present,FR,13,0,0.629,0
F903871,33.19,m_098,wallet,FR,2,0,0.623,0
F903872,164.54,m_122,card_present,CH,19,1,0.962,0
F903873,66.64,m_163,card_present,FR,7,0,0.878,0
F903874,36.79,m_013,card_not_present,FR,23,1,0.792,1
F903875,24.83,m_154,card_not_present,FR,8,0,0.726,0
F903876,217.64,m_044,card_present,FR,3,0,0.291,0
F903877,8.41,m_177,wallet,IT,2,0,0.759,0
F903878,8.13,m_042,card_present,ES,19,1,0.73,0
F903879,44.79,m_131,card_present,IT,10,0,1.0,0
F903880,20.38,m_101,card_present,FR,7,0,0.583,0
F903881,259.42,m_126,card_not_present,FR,1,0,0.382,0
F903882,52.19,m_100,card_present,CH,19,1,0.779,0
F903883,13.33,m_024,card_present,ES,7,1,0.691,1
F903884,41.5,m_073,wallet,FR,0,0,0.679,0
F903885,6.43,m_024,card_not_present,FR,8,0,0.831,0
F903886,43.66,m_136,card_present,IT,12,0,0.821,0
F903887,26.37,m_025,card_not_present,ES,12,0,0.535,0
F903888,39.32,m_117,bank_transfer,ES,3,1,0.772,0
F903889,78.5,m_051,card_not_present,FR,18,0,1.0,0
F903890,10.86,m_002,card_not_present,CH,1,0,0.932,0
F903891,81.01,m_043,card_not_present,FR,15,0,0.528,1
F903892,9.55,m_138,card_present,FR,7,0,0.597,0
F903893,11.36,m_042,wallet,DE,1,0,1.0,0
F903894,14.07,m_062,card_not_present,FR,16,1,0.767,0
F903895,29.97,m_018,wallet,ES,23,0,0.792,0
F903896,207.43,m_017,card_not_present,DE,13,0,0.707,0
F903897,30.48,m_066,wallet,FR,8,0,0.497,1
F903898,32.84,m_112,card_not_present,CH,13,0,0.308,0
F903899,24.7,m_165,card_present,BE,4,0,0.94,0
F903900,86.4,m_037,card_not_present,CH,11,0,0.753,0
F903901,173.47,m_090,card_not_present,CH,6,0,0.423,1
F903902,31.25,m_137,wallet,IT,5,0,0.913,0
F903903,43.0,m_024,card_present,DE,12,0,0.677,0
F903904,40.98,m_095,wallet,IT,15,0,0.441,0
F903905,93.17,m_083,bank_transfer,FR,0,0,0.579,0
F903906,25.61,m_099,bank_transfer,FR,7,0,0.693,0
F903907,62.44,m_017,card_present,BE,15,0,0.422,0
F903908,18.95,m_134,card_not_present,FR,22,1,0.671,0
F903909,256.21,m_172,card_not_present,ES,15,0,0.935,0
F903910,22.07,m_045,card_present,ES,23,0,0.36,0
F903911,56.47,m_081,card_not_present,FR,2,0,0.531,0
F903912,11.18,m_147,wallet,FR,1,0,0.589,0
F903913,12.0,m_141,card_not_present,ES,22,0,0.471,0
F903914,128.29,m_144,card_present,IT,4,0,0.721,0
F903915,2.46,m_031,bank_transfer,FR,1,0,0.699,0
F903916,13.46,m_065,card_not_present,FR,0,0,1.0,0
F903917,25.02,m_074,card_not_present,ES,5,0,0.792,0
F903918,23.65,m_105,card_present,BE,19,0,0.593,0
F903919,27.65,m_116,bank_transfer,FR,16,0,0.881,0
F903920,59.63,m_131,card_present,FR,23,0,0.42,0
F903921,52.96,m_018,wallet,FR,1,1,0.341,0
F903922,67.24,m_054,card_not_present,FR,10,0,0.758,0
F903923,74.68,m_056,card_present,IT,21,0,0.72,0
F903924,17.19,m_162,card_present,FR,17,1,0.826,0
F903925,35.67,m_064,card_not_present,FR,21,0,0.39,0
F903926,3.49,m_082,card_not_present,BE,12,0,0.749,0
F903927,86.34,m_122,card_not_present,DE,5,0,0.612,0
F903928,16.14,m_040,card_present,DE,19,0,0.826,0
F903929,111.57,m_035,card_not_present,CH,8,0,0.769,0
F903930,21.81,m_162,card_not_present,BE,7,0,0.516,1
F903931,120.5,m_151,card_present,BE,17,0,0.917,0
F903932,20.79,m_095,card_present,FR,3,0,0.366,0
F903933,261.24,m_159,card_not_present,FR,8,0,0.435,0
F903934,21.59,m_117,card_present,FR,7,0,0.736,0
F903935,53.7,m_081,card_not_present,BE,17,0,0.768,0
F903936,27.61,m_102,card_present,FR,13,1,1.0,0
F903937,5.64,m_164,card_not_present,FR,7,0,0.739,0
F903938,39.94,m_072,card_present,FR,9,0,0.463,0
F903939,29.88,m_130,card_present,FR,12,0,0.578,0
F903940,56.37,m_148,card_not_present,ES,1,0,0.394,0
F903941,97.65,m_035,wallet,ES,16,0,0.52,0
F903942,42.39,m_146,card_present,CH,16,0,0.896,0
F903943,10.01,m_044,card_not_present,FR,15,0,0.715,0
F903944,38.71,m_168,card_not_present,FR,1,0,0.376,0
F903945,38.57,m_013,card_present,FR,5,0,0.582,0
F903946,100.93,m_021,card_present,DE,12,0,0.464,0
F903947,15.02,m_178,card_present,FR,8,0,0.74,0
F903948,15.68,m_054,wallet,FR,9,1,0.314,0
F903949,97.97,m_115,card_present,DE,21,1,0.803,0
F903950,46.2,m_175,card_not_present,DE,16,1,0.55,0
F903951,47.52,m_069,bank_transfer,FR,18,0,1.0,0
F903952,16.98,m_059,card_not_present,BE,2,1,0.877,0
F903953,8.95,m_129,card_present,FR,20,0,0.461,0
F903954,18.0,m_003,card_not_present,DE,22,0,0.33,0
F903955,32.94,m_041,card_present,DE,12,0,0.801,0
F903956,27.02,m_056,card_present,FR,11,0,0.489,0
F903957,3.8,m_008,bank_transfer,CH,7,0,0.682,0
F903958,32.66,m_042,card_present,DE,17,0,1.0,0
F903959,123.6,m_124,card_present,IT,17,0,0.852,0
F903960,16.33,m_018,card_not_present,FR,14,0,0.881,0
F903961,77.96,m_044,wallet,FR,19,0,0.952,0
F903962,95.5,m_045,card_present,ES,12,0,0.838,0
F903963,74.25,m_024,wallet,ES,1,0,1.0,0
F903964,43.19,m_098,card_not_present,DE,9,0,0.689,0
F903965,3.33,m_076,card_not_present,IT,11,0,0.67,0
F903966,36.58,m_123,card_present,DE,2,1,0.655,0
F903967,47.89,m_009,card_not_present,FR,11,0,0.802,0
F903968,35.74,m_104,card_not_present,FR,2,0,0.52,0
F903969,48.05,m_150,card_not_present,FR,3,0,0.571,0
F903970,103.77,m_043,card_present,FR,19,0,0.411,0
F903971,64.79,m_174,card_present,FR,23,0,0.744,1
F903972,6.17,m_168,bank_transfer,FR,9,0,1.0,0
F903973,36.67,m_062,bank_transfer,IT,13,0,1.0,0
F903974,12.55,m_172,bank_transfer,ES,18,0,0.489,0
F903975,24.95,m_171,card_present,CH,1,0,0.764,0
F903976,36.59,m_159,card_not_present,FR,12,1,0.653,0
F903977,24.92,m_013,bank_transfer,FR,16,0,0.744,0
F903978,13.88,m_133,card_not_present,IT,16,0,0.604,0
F903979,35.47,m_167,card_not_present,FR,13,0,0.692,0
F903980,30.92,m_035,card_not_present,FR,2,0,0.668,0
F903981,7.84,m_089,card_not_present,FR,5,0,0.652,0
F903982,80.97,m_058,card_not_present,FR,8,0,0.482,1
F903983,25.03,m_155,card_present,FR,5,0,0.543,0
F903984,52.54,m_039,card_present,FR,22,0,0.822,0
F903985,10.79,m_042,card_present,IT,23,0,0.777,0
F903986,18.42,m_093,card_present,FR,12,0,0.442,1
F903987,20.59,m_153,card_not_present,BE,1,0,0.769,0
F903988,37.48,m_065,card_not_present,DE,22,0,0.632,0
F903989,33.44,m_144,card_not_present,DE,5,0,0.551,0
F903990,29.05,m_104,card_not_present,ES,18,1,1.0,0
F903991,21.54,m_053,card_not_present,FR,6,0,0.397,1
F903992,82.99,m_020,card_present,FR,1,0,0.903,0
F903993,6.06,m_067,card_present,CH,4,0,1.0,0
F903994,13.85,m_163,card_not_present,DE,8,0,0.949,0
F903995,62.31,m_059,wallet,CH,18,1,0.604,0
F903996,28.83,m_014,card_not_present,FR,20,0,0.71,0
F903997,6.93,m_000,card_not_present,FR,19,0,0.686,0
F903998,13.92,m_100,card_not_present,FR,12,0,0.683,0
F903999,241.61,m_093,card_not_present,BE,9,0,0.511,0
F904000,42.04,m_029,card_present,DE,5,1,0.853,0
F904001,21.02,m_002,card_present,FR,19,1,0.715,0
F904002,25.5,m_037,card_not_present,FR,15,1,0.755,0
F904003,121.89,m_130,wallet,DE,2,0,0.535,0
F904004,30.12,m_175,card_not_present,FR,17,0,0.736,1
F904005,29.35,m_170,card_not_present,IT,13,0,0.589,0
F904006,7.5,m_059,card_not_present,CH,22,0,0.981,0
F904007,21.93,m_163,card_present,FR,16,0,0.759,0
F904008,19.94,m_159,card_not_present,FR,9,1,0.914,0
F904009,367.48,m_036,card_present,FR,2,0,0.829,0
F904010,27.16,m_014,card_not_present,FR,3,1,0.72,0
F904011,51.89,m_066,card_not_present,FR,15,0,0.386,1
F904012,35.47,m_170,card_present,FR,5,1,0.868,0
F904013,20.9,m_073,card_not_present,DE,18,1,0.594,0
F904014,221.97,m_045,card_not_present,FR,5,0,0.671,0
F904015,35.55,m_158,bank_transfer,ES,20,0,0.781,0
F904016,123.26,m_029,card_not_present,BE,17,0,0.778,0
F904017,39.66,m_150,card_present,DE,5,0,0.67,0
F904018,67.78,m_019,wallet,BE,22,0,0.414,0
F904019,40.0,m_051,card_not_present,DE,19,0,0.691,0
F904020,19.21,m_101,card_not_present,FR,18,0,0.416,0
F904021,23.89,m_030,card_not_present,FR,9,0,0.692,0
F904022,13.28,m_133,card_not_present,CH,18,0,0.458,0
F904023,109.83,m_155,card_present,FR,15,0,0.362,0
F904024,7.97,m_011,card_not_present,FR,8,0,0.578,0
F904025,9.83,m_077,wallet,ES,0,0,0.422,0
F904026,40.11,m_053,card_not_present,IT,20,0,0.81,0
F904027,21.59,m_178,card_present,FR,18,0,0.765,0
F904028,21.52,m_146,card_not_present,FR,20,0,0.721,0
F904029,,m_032,bank_transfer,FR,23,0,0.589,0
F904030,7.43,m_050,wallet,FR,7,0,0.451,0
F904031,133.82,m_077,card_not_present,,1,0,0.588,0
F904032,41.12,m_089,card_present,DE,10,0,0.863,0
F904033,22.98,m_058,card_not_present,FR,22,0,0.854,0
F904034,33.78,m_043,card_present,CH,23,1,0.555,0
F904035,85.96,m_015,bank_transfer,BE,12,0,0.697,0
F904036,6.69,m_123,wallet,DE,0,0,0.606,0
F904037,41.27,m_165,card_not_present,IT,4,0,0.911,0
F904038,14.34,m_040,card_present,BE,0,0,1.0,0
F904039,28.48,m_133,card_present,FR,4,0,0.619,0
F904040,21.34,m_123,card_not_present,FR,11,0,1.0,1
F904041,256.86,m_127,card_not_present,FR,11,0,0.824,0
F904042,143.98,m_022,card_present,CH,21,0,0.611,0
F904043,54.82,m_097,card_not_present,FR,20,1,0.862,0
F904044,27.66,m_055,card_not_present,FR,12,1,0.66,0
F904045,295.56,m_097,card_present,FR,9,0,0.897,0
F904046,52.18,m_065,bank_transfer,IT,7,0,0.862,0
F904047,8.55,m_155,card_not_present,FR,5,0,1.0,0
F904048,9.43,m_080,card_present,FR,12,0,0.749,0
F904049,103.46,m_115,card_not_present,FR,11,0,1.0,0
F904050,20.92,m_113,bank_transfer,FR,16,0,0.701,0
F904051,18.54,m_047,card_not_present,FR,9,0,0.832,1
F904052,555.39,m_151,card_not_present,FR,18,0,0.537,0
F904053,67.34,m_082,card_not_present,FR,19,0,0.483,0
F904054,18.08,m_051,card_present,FR,20,0,0.843,0
F904055,6.28,m_046,card_not_present,FR,1,0,0.423,1
F904056,17.97,m_041,card_present,FR,15,0,0.801,0
F904057,24.49,m_080,card_not_present,CH,21,0,0.816,0
F904058,31.82,m_092,wallet,DE,14,0,0.806,0
F904059,13.71,m_161,card_not_present,FR,17,0,0.631,0
F904060,21.9,m_015,wallet,DE,7,1,0.819,1
F904061,61.83,m_009,card_not_present,IT,13,0,0.61,0
F904062,32.48,m_179,card_not_present,FR,13,0,0.721,0
F904063,11.36,m_124,card_present,IT,19,0,0.297,0
F904064,111.24,m_088,card_not_present,ES,10,1,0.636,0
F904065,67.49,m_085,wallet,DE,21,0,0.939,0
F904066,81.53,m_146,wallet,ES,10,0,0.859,0
F904067,26.08,m_078,bank_transfer,FR,20,0,0.653,0
F904068,73.49,m_158,wallet,BE,1,0,0.874,0
F904069,215.46,m_016,card_present,FR,13,0,0.818,0
F904070,73.4,m_033,card_not_present,IT,22,0,0.539,0
F904071,210.25,m_043,card_present,DE,19,0,0.602,0
F904072,29.75,m_087,card_present,FR,0,0,0.593,0
F904073,394.93,m_010,card_not_present,FR,11,0,0.704,1
F904074,58.24,m_081,card_not_present,FR,13,1,0.613,0
F904075,23.52,m_120,card_not_present,DE,15,0,0.725,0
F904076,292.71,m_129,card_not_present,FR,10,0,0.774,0
F904077,94.43,m_114,card_present,DE,0,0,0.605,0
F904078,14.76,m_135,card_not_present,FR,12,0,0.843,0
F904079,83.51,m_145,card_not_present,FR,1,0,0.669,0
F904080,38.8,m_108,wallet,DE,4,0,0.48,0
F904081,10.64,m_036,card_not_present,CH,20,0,0.751,0
F904082,8.56,m_005,card_not_present,ES,7,0,0.621,0
F904083,14.35,m_114,card_not_present,IT,8,0,0.694,0
F904084,69.51,m_013,card_not_present,IT,19,0,0.648,0
F904085,36.0,m_072,card_present,FR,6,0,0.967,0
F904086,34.17,m_064,card_present,FR,10,0,0.755,0
F904087,34.59,m_055,card_not_present,FR,23,0,0.563,0
F904088,87.19,m_048,card_not_present,FR,17,1,1.0,0
F904089,10.47,m_036,card_not_present,FR,3,0,0.459,0
F904090,22.79,m_173,card_not_present,FR,9,0,0.727,0
F904091,6.56,m_098,card_not_present,FR,22,0,0.88,1
F904092,82.38,m_137,card_present,FR,17,0,0.809,0
F904093,4.13,m_178,card_not_present,,11,0,0.447,0
F904094,26.1,m_051,wallet,DE,20,0,0.72,0
F904095,107.16,m_108,card_not_present,CH,4,1,0.768,0
F904096,12.06,m_107,card_present,FR,7,0,0.626,0
F904097,4.86,m_149,card_not_present,BE,4,1,1.0,0
F904098,315.05,m_129,card_present,FR,13,1,0.467,0
F904099,61.02,m_029,card_not_present,FR,17,0,0.533,0
F904100,16.55,m_158,card_present,FR,11,0,0.965,0
F904101,73.23,m_178,wallet,FR,16,0,0.835,0
F904102,69.36,m_019,card_present,FR,18,0,0.535,0
F904103,38.96,m_072,card_present,FR,2,1,0.49,0
F904104,79.78,m_169,card_present,BE,18,0,0.45,0
F904105,20.23,m_045,card_not_present,FR,2,0,0.891,0
F904106,66.45,m_008,card_present,FR,9,0,0.922,0
F904107,24.38,m_103,card_present,FR,21,0,0.618,0
F904108,17.23,m_088,card_present,FR,0,0,0.43,0
F904109,159.25,m_006,card_not_present,FR,14,0,0.851,0
F904110,138.67,m_151,card_present,FR,19,0,0.708,0
F904111,22.05,m_029,card_present,FR,14,0,0.667,0
F904112,22.49,m_085,card_not_present,FR,11,1,0.483,1
F904113,16.44,m_082,card_not_present,IT,15,0,0.732,0
F904114,38.08,m_081,card_present,DE,18,0,0.486,0
F904115,55.98,m_036,card_present,BE,5,0,0.627,0
F904116,13.96,m_038,wallet,FR,13,0,0.679,0
F904117,30.61,m_159,bank_transfer,CH,17,0,0.881,0
F904118,26.73,m_043,card_not_present,IT,3,0,0.656,0
F904119,7.25,m_095,bank_transfer,IT,21,0,0.761,0
F904120,156.88,m_140,wallet,FR,9,1,0.906,1
F904121,22.29,m_116,card_present,FR,12,0,0.62,0
F904122,,m_062,card_not_present,BE,18,0,0.64,0
F904123,73.79,m_059,card_not_present,FR,12,0,0.679,0
F904124,48.02,m_092,card_not_present,ES,9,0,0.614,0
F904125,67.04,m_013,card_not_present,ES,4,0,0.919,0
F904126,43.08,m_085,wallet,DE,19,0,0.876,1
F904127,137.85,m_019,wallet,DE,4,0,1.0,1
F904128,,m_078,card_not_present,FR,19,0,0.618,0
F904129,54.85,m_061,card_present,ES,9,0,0.862,0
F904130,90.91,m_078,card_present,FR,2,0,0.754,0
F904131,35.48,m_155,card_present,FR,22,1,0.374,0
F904132,24.42,m_160,card_not_present,FR,9,0,0.603,0
F904133,25.29,m_098,wallet,FR,14,0,0.879,0
F904134,63.32,m_034,card_not_present,FR,12,1,0.756,0
F904135,19.68,m_097,card_not_present,FR,18,1,0.582,0
F904136,6.46,m_040,card_not_present,CH,9,0,0.776,0
F904137,23.27,m_148,card_present,FR,18,0,0.583,0
F904138,42.45,m_141,card_present,ES,0,0,0.547,0
F904139,2.59,m_036,bank_transfer,FR,23,0,0.946,0
F904140,137.75,m_090,wallet,FR,19,0,0.908,0
F904141,24.26,m_175,card_present,BE,3,0,1.0,0
F904142,27.5,m_067,card_not_present,FR,5,0,0.843,0
F904143,28.27,m_061,card_present,FR,20,0,0.769,0
F904144,58.62,m_160,card_present,FR,0,1,0.613,0
F904145,117.27,m_122,card_present,DE,7,0,0.79,0
F904146,5.42,m_102,card_not_present,CH,6,0,0.627,1
F904147,11.62,m_103,card_present,ES,12,0,0.559,0
F904148,33.04,m_132,card_not_present,FR,9,0,0.815,0
F904149,7.48,m_021,card_present,IT,19,0,0.727,0
F904150,49.9,m_095,card_present,FR,4,0,0.887,0
F904151,51.64,m_085,card_not_present,FR,9,0,0.741,0
F904152,33.22,m_091,card_not_present,DE,13,1,0.857,0
F904153,18.56,m_061,card_not_present,FR,6,0,0.914,0
F904154,52.47,m_097,card_not_present,FR,8,0,0.956,0
F904155,4.36,m_081,card_not_present,FR,21,0,0.687,0
F904156,75.48,m_097,card_not_present,FR,9,0,0.97,0
F904157,46.56,m_039,card_not_present,FR,2,0,0.655,0
F904158,8.65,m_169,card_not_present,FR,23,0,0.436,1
F904159,91.98,m_061,bank_transfer,IT,17,0,0.772,0
F904160,17.29,m_070,card_not_present,ES,19,0,0.461,0
F904161,15.94,m_062,bank_transfer,CH,21,0,0.738,0
F904162,4.48,m_051,card_present,FR,14,0,0.483,0
F904163,2.48,m_028,card_not_present,ES,15,0,0.51,0
F904164,25.74,m_007,card_not_present,ES,11,0,0.801,0
F904165,147.03,m_090,card_not_present,FR,9,0,0.761,0
F904166,2.69,m_046,card_present,FR,21,0,0.866,0
F904167,152.23,m_072,card_present,FR,3,0,0.759,0
F904168,22.9,m_079,bank_transfer,IT,20,0,0.855,0
F904169,17.05,m_113,card_present,ES,23,0,0.781,0
F904170,70.54,m_122,wallet,FR,2,0,0.628,0
F904171,19.7,m_123,wallet,FR,15,0,0.541,1
F904172,49.89,m_097,card_not_present,FR,20,0,0.658,0
F904173,12.27,m_011,bank_transfer,FR,6,0,1.0,0
F904174,57.83,m_178,card_not_present,DE,6,1,0.409,1
F904175,20.57,m_069,card_not_present,FR,5,0,0.771,0
F904176,69.59,m_176,card_not_present,FR,20,0,0.963,0
F904177,35.92,m_091,bank_transfer,FR,14,0,0.759,0
F904178,145.31,m_175,card_not_present,FR,2,0,0.664,0
F904179,28.11,m_121,card_not_present,DE,0,0,0.574,0
F904180,21.95,m_160,card_present,FR,12,0,0.929,0
F904181,76.6,m_134,card_not_present,FR,20,0,0.926,0
F904182,15.99,m_109,card_not_present,FR,20,0,0.752,0
F904183,21.44,m_037,card_not_present,BE,19,0,0.848,0
F904184,17.26,m_098,card_present,IT,0,0,0.874,0
F904185,28.84,m_034,bank_transfer,FR,22,0,0.673,0
F904186,149.8,m_112,card_not_present,FR,0,0,0.844,0
F904187,35.59,m_161,card_present,FR,19,0,0.713,0
F904188,53.69,m_097,card_not_present,FR,14,0,0.673,0
F904189,39.92,m_085,card_present,IT,2,1,0.83,0
F904190,23.51,m_101,wallet,FR,18,0,0.725,0
F904191,24.57,m_176,card_present,DE,10,0,1.0,0
F904192,4.64,m_039,card_not_present,FR,3,0,0.43,0
F904193,15.1,m_147,card_not_present,ES,6,1,0.562,0
F904194,48.51,m_044,wallet,FR,2,0,0.647,0
F904195,613.39,m_008,card_present,FR,18,0,0.703,0
F904196,30.1,m_053,card_not_present,FR,8,1,0.791,0
F904197,,m_067,card_present,FR,11,1,0.744,0
F904198,59.15,m_025,card_not_present,IT,8,0,0.658,1
F904199,51.68,m_053,card_present,FR,14,0,0.408,0
F904200,4.55,m_001,card_not_present,FR,6,1,0.79,0
F904201,27.32,m_176,wallet,BE,22,0,0.612,0
F904202,161.85,m_178,card_not_present,FR,0,0,0.441,0
F904203,17.55,m_031,card_present,CH,1,0,0.787,0
F904204,45.35,m_062,card_present,FR,15,0,0.368,0
F904205,20.88,m_002,card_not_present,FR,23,1,0.753,0
F904206,71.56,m_070,card_present,ES,12,1,0.47,0
F904207,24.89,m_047,card_not_present,FR,10,0,0.932,0
F904208,113.0,m_133,card_not_present,ES,16,0,0.614,0
F904209,156.74,m_102,card_present,ES,4,0,1.0,0
F904210,94.91,m_009,card_not_present,ES,0,0,0.387,0
F904211,21.47,m_024,card_not_present,DE,15,0,0.681,0
F904212,41.54,m_123,card_present,FR,3,0,0.953,0
F904213,31.63,m_120,card_not_present,FR,5,0,0.723,0
F904214,10.37,m_126,bank_transfer,FR,16,1,0.867,0
F904215,801.46,m_036,wallet,DE,19,0,0.515,0
F904216,117.64,m_007,card_not_present,FR,20,0,0.822,0
F904217,229.26,m_120,card_present,FR,13,0,0.6,0
F904218,8.36,m_177,card_present,FR,18,0,0.822,0
F904219,13.62,m_153,card_not_present,FR,8,0,0.61,0
F904220,55.18,m_067,wallet,FR,2,1,0.532,0
F904221,13.4,m_170,card_not_present,FR,13,1,0.479,0
F904222,268.87,m_093,card_not_present,FR,1,0,0.429,0
F904223,18.01,m_152,bank_transfer,FR,2,0,0.845,0
F904224,49.34,m_143,card_not_present,FR,12,0,0.768,1
F904225,10.7,m_082,card_not_present,IT,10,0,0.622,0
F904226,6.6,m_149,wallet,FR,8,0,0.86,0
F904227,8.69,m_038,card_present,FR,9,0,0.63,0
F904228,18.06,m_020,card_present,FR,20,0,0.953,0
F904229,34.76,m_006,card_not_present,FR,9,0,0.993,0
F904230,6.56,m_043,card_present,BE,10,0,0.867,0
F904231,21.11,m_164,card_present,FR,15,0,0.424,0
F904232,15.05,m_156,card_present,FR,10,1,1.0,0
F904233,82.49,m_161,card_not_present,FR,13,0,0.44,0
F904234,10.57,m_069,card_present,FR,19,0,1.0,0
F904235,174.31,m_110,wallet,FR,21,0,0.551,0
F904236,29.58,m_131,card_present,FR,13,0,0.679,0
F904237,26.52,m_064,card_present,FR,1,0,0.76,0
F904238,27.41,m_101,bank_transfer,IT,0,0,0.566,0
F904239,6.71,m_059,bank_transfer,FR,19,0,0.905,0
F904240,43.76,m_172,card_not_present,ES,1,0,0.705,0
F904241,8.33,m_115,bank_transfer,FR,18,0,0.814,0
F904242,22.2,m_117,card_present,DE,15,0,0.749,0
F904243,15.84,m_087,card_not_present,FR,21,0,0.753,0
F904244,53.0,m_103,card_not_present,FR,3,0,0.822,0
F904245,103.13,m_151,wallet,IT,11,0,0.262,0
F904246,89.79,m_030,card_not_present,FR,1,0,0.748,1
F904247,55.13,m_046,wallet,IT,19,1,0.476,0
F904248,54.08,m_004,card_not_present,FR,12,0,0.953,0
F904249,81.93,m_049,card_present,ES,21,0,0.819,0
F904250,38.45,m_064,card_present,FR,13,0,0.75,0
F904251,26.02,m_172,card_present,FR,19,0,0.989,0
F904252,219.25,m_179,wallet,BE,15,1,0.9,0
F904253,151.75,m_068,card_present,FR,18,0,0.75,0
F904254,67.16,m_062,card_present,FR,15,0,0.743,0
F904255,33.94,m_025,card_present,FR,12,1,0.703,0
F904256,46.54,m_048,card_not_present,FR,0,0,0.929,0
F904257,77.82,m_112,card_not_present,CH,22,0,0.625,0
F904258,6.48,m_123,wallet,FR,12,0,0.248,0
F904259,27.19,m_094,card_not_present,BE,8,0,0.712,0
F904260,66.16,m_039,wallet,FR,17,0,0.903,0
F904261,27.57,m_138,card_not_present,ES,11,0,0.698,0
F904262,10.24,m_148,card_not_present,ES,6,1,0.592,1
F904263,56.62,m_004,card_not_present,FR,4,0,0.877,0
F904264,37.19,m_114,card_present,CH,14,0,0.648,0
F904265,196.78,m_179,card_not_present,FR,4,0,0.682,1
F904266,83.25,m_158,card_not_present,FR,1,1,0.741,0
F904267,47.36,m_018,card_not_present,CH,14,0,0.762,0
F904268,17.45,m_088,card_not_present,FR,19,0,0.863,0
F904269,4.29,m_070,bank_transfer,FR,9,0,0.61,0
F904270,7.77,m_001,card_not_present,FR,4,0,0.592,0
F904271,12.46,m_087,wallet,FR,9,1,0.671,0
F904272,35.69,m_132,card_present,DE,18,0,0.606,0
F904273,254.67,m_111,card_not_present,BE,8,0,0.466,1
F904274,17.06,m_151,wallet,ES,8,0,0.468,1
F904275,97.33,m_038,card_not_present,DE,19,0,0.406,0
F904276,134.3,m_118,card_not_present,FR,8,0,0.52,0
F904277,120.68,m_030,card_present,FR,5,0,0.598,0
F904278,22.64,m_072,card_not_present,FR,22,0,0.752,0
F904279,190.54,m_035,wallet,FR,14,0,0.57,0
F904280,23.73,m_148,bank_transfer,DE,20,0,0.72,1
F904281,45.29,m_121,wallet,FR,5,0,0.574,0
F904282,35.95,m_172,card_not_present,FR,20,0,0.676,0
F904283,35.51,m_035,card_not_present,FR,14,0,0.588,0
F904284,49.05,m_026,card_not_present,FR,0,0,0.415,1
F904285,102.14,m_031,card_not_present,IT,3,1,0.745,0
F904286,14.26,m_055,wallet,DE,16,0,0.606,0
F904287,9.95,m_025,card_not_present,FR,0,0,0.508,1
F904288,34.02,m_110,wallet,FR,5,1,0.858,0
F904289,36.23,m_053,card_present,FR,22,0,0.564,0
F904290,109.77,m_041,card_present,FR,3,0,0.574,0
F904291,19.82,m_076,card_not_present,FR,18,0,0.72,1
F904292,6.66,m_063,card_present,IT,17,0,0.679,0
F904293,33.89,m_114,card_present,DE,7,0,0.822,0
F904294,27.74,m_159,card_present,ES,12,0,1.0,0
F904295,45.52,m_006,card_present,FR,16,0,0.428,0
F904296,29.33,m_018,wallet,ES,16,0,0.727,0
F904297,132.8,m_102,card_not_present,FR,2,0,0.518,0
F904298,112.95,m_174,card_present,FR,8,0,0.926,0
F904299,,m_048,card_present,FR,21,1,0.746,0
F904300,28.03,m_041,card_not_present,FR,19,0,0.657,0
F904301,18.46,m_115,card_not_present,CH,12,0,0.447,0
F904302,16.05,m_088,card_not_present,FR,5,0,0.898,0
F904303,53.34,m_119,bank_transfer,ES,19,0,0.599,0
F904304,17.38,m_019,card_present,CH,0,0,1.0,0
F904305,15.37,m_114,card_present,FR,16,0,0.809,0
F904306,2.68,m_179,card_present,FR,9,1,0.7,0
F904307,6.26,m_140,card_not_present,FR,20,0,0.542,0
F904308,15.86,m_083,bank_transfer,DE,8,0,0.755,0
F904309,34.4,m_073,card_not_present,DE,1,1,0.681,0
F904310,9.42,m_133,card_not_present,ES,0,0,0.521,0
F904311,20.42,m_029,card_not_present,FR,16,0,0.772,0
F904312,139.44,m_178,card_present,FR,14,0,0.792,0
F904313,42.57,m_073,card_present,ES,6,0,0.531,0
F904314,69.39,m_002,card_present,FR,10,0,0.66,0
F904315,34.38,m_139,card_present,DE,15,1,0.866,0
F904316,17.41,m_054,card_not_present,CH,1,1,0.621,1
F904317,113.17,m_157,card_not_present,FR,17,0,0.54,0
F904318,29.54,m_062,card_not_present,FR,5,0,0.602,0
F904319,67.37,m_042,card_not_present,FR,15,1,0.284,0
F904320,33.82,m_030,card_not_present,CH,21,0,0.344,0
F904321,3.62,m_114,card_not_present,FR,12,1,0.945,1
F904322,26.78,m_134,card_present,FR,5,0,0.671,0
F904323,17.25,m_045,wallet,FR,6,0,0.865,1
F904324,9.46,m_171,wallet,FR,12,0,0.928,0
F904325,19.39,m_172,bank_transfer,FR,0,0,1.0,0
F904326,12.02,m_163,card_present,FR,22,0,0.843,0
F904327,23.73,m_170,card_present,FR,19,0,0.747,0
F904328,55.4,m_169,card_not_present,ES,15,0,0.691,0
F904329,42.07,m_019,card_not_present,,12,0,0.701,0
F904330,123.5,m_051,wallet,DE,8,0,1.0,0
F904331,69.44,m_139,card_present,ES,18,0,0.635,0
F904332,106.63,m_035,bank_transfer,FR,23,0,0.612,0
F904333,36.82,m_174,card_present,FR,19,0,0.732,0
F904334,84.44,m_067,wallet,DE,1,1,0.802,0
F904335,17.01,m_106,card_present,DE,1,0,0.892,0
F904336,77.06,m_096,card_not_present,DE,2,0,1.0,0
F904337,138.64,m_029,card_not_present,ES,2,0,0.525,0
F904338,13.01,m_008,card_present,FR,11,0,0.553,0
F904339,160.43,m_056,card_not_present,,9,0,0.662,0
F904340,64.84,m_038,card_not_present,ES,17,0,0.539,0
F904341,89.31,m_043,card_not_present,DE,20,0,0.717,0
F904342,169.81,m_056,card_not_present,IT,21,0,0.939,1
F904343,122.8,m_007,card_not_present,ES,3,1,0.749,0
F904344,134.11,m_055,card_present,IT,1,0,0.703,0
F904345,51.36,m_179,card_not_present,IT,13,1,0.528,0
F904346,5.06,m_062,card_not_present,FR,5,0,1.0,0
F904347,53.0,m_028,card_not_present,FR,10,0,0.888,1
F904348,28.1,m_006,card_present,FR,13,0,0.459,0
F904349,1.58,m_046,bank_transfer,FR,18,0,1.0,0
F904350,280.62,m_006,card_present,CH,13,0,0.538,0
F904351,13.77,m_031,card_not_present,CH,5,0,0.632,0
F904352,52.92,m_064,card_present,DE,12,1,0.777,0
F904353,2.23,m_100,bank_transfer,DE,14,0,0.625,0
F904354,35.32,m_118,card_present,FR,6,0,0.708,0
F904355,77.33,m_166,card_not_present,FR,0,0,0.674,0
F904356,73.76,m_087,wallet,DE,0,0,0.414,0
F904357,121.94,m_057,card_present,FR,6,0,0.929,0
F904358,23.54,m_176,card_not_present,FR,3,0,0.931,0
F904359,29.81,m_037,card_not_present,FR,5,0,0.534,0
F904360,18.84,m_083,card_present,FR,4,0,0.727,0
F904361,42.84,m_120,card_present,IT,21,0,0.769,0
F904362,64.79,m_158,card_not_present,FR,18,0,0.787,0
F904363,99.24,m_130,card_present,FR,19,0,0.693,0
F904364,81.48,m_053,card_not_present,FR,7,1,0.78,0
F904365,19.52,m_178,card_not_present,DE,12,0,0.609,0
F904366,326.96,m_026,wallet,BE,22,1,0.705,0
F904367,57.48,m_031,wallet,IT,8,0,0.392,0
F904368,38.75,m_013,card_not_present,DE,11,0,0.716,0
F904369,59.22,m_165,card_not_present,FR,5,0,0.793,0
F904370,28.91,m_121,card_present,BE,22,0,0.642,0
F904371,15.43,m_142,card_present,FR,13,1,0.788,0
F904372,27.37,m_119,card_not_present,FR,1,1,0.816,1
F904373,22.7,m_077,card_not_present,ES,22,0,0.676,1
F904374,36.62,m_009,card_present,,17,1,1.0,0
F904375,22.2,m_083,wallet,CH,12,0,0.436,0
F904376,67.32,m_012,card_present,FR,19,0,0.82,0
F904377,195.83,m_007,card_not_present,FR,4,1,0.338,0
F904378,86.42,m_166,card_not_present,,12,0,0.444,0
F904379,85.05,m_131,wallet,FR,10,1,0.806,0
F904380,56.66,m_041,card_present,FR,1,0,0.602,0
F904381,63.41,m_156,card_not_present,FR,2,0,0.883,0
F904382,4.77,m_026,wallet,DE,7,0,0.735,0
F904383,,m_170,card_not_present,FR,18,0,0.784,0
F904384,15.89,m_100,card_not_present,FR,5,1,0.711,1
F904385,19.44,m_002,bank_transfer,FR,12,0,0.923,0
F904386,365.66,m_078,bank_transfer,FR,13,0,0.259,0
F904387,5.62,m_159,card_present,FR,20,0,0.421,1
F904388,57.37,m_093,card_not_present,ES,14,0,0.655,0
F904389,16.09,m_143,card_not_present,FR,4,0,0.713,0
F904390,226.4,m_089,card_present,ES,6,0,0.966,0
F904391,14.14,m_170,card_present,FR,16,0,0.526,0
F904392,33.2,m_101,card_not_present,ES,5,0,0.56,1
F904393,26.18,m_071,wallet,DE,13,0,0.656,0
F904394,10.15,m_104,card_present,FR,17,0,0.473,0
F904395,32.7,m_101,card_present,IT,18,0,0.723,0
F904396,10.73,m_162,card_not_present,FR,22,0,0.681,1
F904397,43.81,m_107,card_present,DE,8,0,0.645,0
F904398,9.31,m_105,card_present,CH,20,0,0.786,0
F904399,4.47,m_152,bank_transfer,FR,4,1,0.744,0
F904400,15.53,m_064,card_present,FR,22,1,1.0,0
F904401,22.9,m_044,card_not_present,DE,8,0,0.714,0
F904402,,m_109,card_present,FR,15,0,0.484,0
F904403,30.83,m_163,card_present,FR,6,0,0.068,0
F904404,28.39,m_024,wallet,ES,21,0,0.804,0
F904405,36.71,m_137,card_not_present,FR,6,0,0.696,1
F904406,85.47,m_017,card_not_present,FR,17,0,0.768,0
F904407,9.81,m_120,wallet,DE,15,1,0.509,0
F904408,17.69,m_058,card_not_present,BE,19,0,1.0,0
F904409,10.95,m_019,card_not_present,FR,10,0,0.916,0
F904410,17.36,m_010,bank_transfer,FR,2,0,0.749,0
F904411,143.32,m_013,card_present,IT,7,0,0.805,0
F904412,37.02,m_160,card_present,ES,4,1,0.579,0
F904413,22.43,m_164,card_not_present,ES,14,0,0.716,0
F904414,35.63,m_064,card_present,FR,5,0,0.861,0
F904415,83.03,m_020,card_present,FR,5,0,0.836,0
F904416,162.3,m_016,card_not_present,FR,22,0,0.884,1
F904417,5.36,m_023,card_not_present,DE,3,0,0.897,0
F904418,32.35,m_135,bank_transfer,IT,7,0,0.529,0
F904419,59.52,m_010,card_present,FR,21,1,0.727,0
F904420,53.22,m_027,bank_transfer,CH,18,0,0.456,0
F904421,21.06,m_163,card_present,IT,8,0,0.712,0
F904422,34.2,m_075,card_not_present,FR,23,1,0.754,0
F904423,31.94,m_082,card_present,FR,20,1,0.623,0
F904424,107.18,m_075,wallet,FR,9,1,0.923,0
F904425,13.86,m_162,bank_transfer,FR,11,0,0.858,0
F904426,42.76,m_141,card_not_present,BE,6,1,1.0,0
F904427,14.2,m_041,card_not_present,FR,0,1,0.875,0
F904428,78.66,m_065,card_not_present,FR,6,1,0.584,0
F904429,15.26,m_075,card_present,IT,21,0,0.721,0
F904430,36.21,m_070,card_present,FR,15,0,0.886,0
F904431,110.34,m_078,card_not_present,CH,20,0,0.722,0
F904432,26.74,m_071,wallet,FR,7,0,0.79,0
F904433,12.92,m_138,card_not_present,FR,7,0,0.669,0
F904434,73.68,m_015,card_present,FR,15,0,0.862,0
F904435,148.97,m_164,card_not_present,FR,21,0,0.422,0
F904436,14.27,m_142,card_not_present,ES,22,0,0.457,0
F904437,334.38,m_028,wallet,BE,11,1,0.795,0
F904438,108.48,m_177,card_not_present,BE,18,1,0.93,1
F904439,22.15,m_056,card_not_present,CH,4,0,0.769,0
F904440,27.15,m_073,card_not_present,FR,0,0,0.832,0
F904441,23.22,m_177,card_present,DE,21,0,0.431,0
F904442,72.51,m_114,card_present,FR,21,0,0.935,0
F904443,23.22,m_072,card_not_present,FR,0,0,0.722,0
F904444,15.03,m_152,card_not_present,ES,11,1,0.869,0
F904445,2.22,m_081,card_not_present,FR,11,0,0.594,0
F904446,140.59,m_080,wallet,ES,17,0,0.687,0
F904447,24.31,m_057,wallet,FR,10,0,0.349,0
F904448,25.19,m_090,card_not_present,DE,6,0,0.418,0
F904449,19.81,m_000,card_present,FR,17,0,0.594,0
F904450,11.96,m_009,card_not_present,FR,18,0,0.818,0
F904451,22.1,m_037,card_present,ES,20,1,0.917,0
F904452,1136.75,m_059,card_not_present,FR,3,1,0.591,0
F904453,3.99,m_154,card_present,FR,23,0,0.676,0
F904454,17.02,m_115,wallet,FR,15,0,0.817,0
F904455,101.65,m_103,card_not_present,FR,4,0,0.723,0
F904456,65.05,m_045,card_not_present,DE,4,1,0.882,1
F904457,70.56,m_162,bank_transfer,DE,21,0,0.748,0
F904458,38.77,m_081,card_not_present,ES,16,0,0.615,0
F904459,67.85,m_138,card_present,FR,6,0,0.756,0
F904460,43.95,m_123,card_not_present,FR,9,1,0.803,0
F904461,24.44,m_106,card_present,FR,19,0,0.769,0
F904462,39.4,m_019,card_not_present,FR,0,1,0.359,0
F904463,22.95,m_127,bank_transfer,BE,8,0,0.895,0
F904464,71.6,m_024,card_not_present,ES,21,0,0.838,0
F904465,19.9,m_179,card_not_present,ES,9,0,0.576,0
F904466,6.96,m_154,card_present,CH,5,1,0.875,1
F904467,56.05,m_110,card_present,FR,17,0,0.786,0
F904468,77.52,m_165,bank_transfer,FR,11,0,0.656,0
F904469,111.08,m_171,card_present,IT,20,0,1.0,0
F904470,31.13,m_029,wallet,ES,18,1,1.0,0
F904471,29.63,m_008,wallet,IT,21,0,0.773,0
F904472,6.47,m_090,card_present,FR,7,0,0.592,0
F904473,62.74,m_009,card_not_present,FR,3,1,0.48,0
F904474,40.68,m_144,card_not_present,BE,18,0,0.651,0
F904475,61.49,m_101,bank_transfer,FR,5,0,0.81,0
F904476,29.8,m_082,card_not_present,,16,0,0.984,0
F904477,15.92,m_172,card_not_present,BE,0,0,0.415,0
F904478,56.02,m_076,card_not_present,CH,0,0,0.794,0
F904479,63.77,m_045,card_not_present,FR,8,1,0.701,0
F904480,162.22,m_101,card_not_present,ES,17,0,0.679,0
F904481,13.93,m_069,card_present,DE,23,1,1.0,0
F904482,93.93,m_027,wallet,FR,2,0,0.854,0
F904483,9.23,m_058,card_present,IT,23,0,0.841,0
F904484,70.68,m_011,card_present,BE,9,0,0.88,0
F904485,483.72,m_066,card_not_present,FR,20,0,0.741,0
F904486,22.7,m_080,wallet,FR,11,0,0.577,0
F904487,90.96,m_159,card_not_present,ES,12,0,0.866,0
F904488,93.02,m_063,card_not_present,CH,6,0,0.602,1
F904489,68.38,m_130,wallet,FR,2,0,0.921,1
F904490,140.71,m_061,card_present,FR,4,0,0.944,0
F904491,12.6,m_066,card_present,CH,11,0,0.961,0
F904492,17.9,m_096,card_not_present,BE,8,0,0.881,0
F904493,,m_144,card_present,FR,22,0,0.42,0
F904494,124.32,m_078,card_present,CH,22,0,0.341,0
F904495,24.08,m_006,card_present,ES,8,0,0.767,0
F904496,30.82,m_107,card_present,DE,6,0,0.752,0
F904497,58.96,m_067,card_present,FR,15,1,0.791,0
F904498,32.56,m_021,card_present,FR,7,1,0.612,0
F904499,4.77,m_046,card_present,FR,19,0,0.711,0
F904500,11.0,m_104,card_not_present,FR,22,0,0.658,0
F904501,33.01,m_140,card_not_present,DE,19,0,0.689,0
F904502,11.2,m_179,wallet,DE,15,0,0.432,0
F904503,46.17,m_156,card_present,FR,13,0,0.633,0
F904504,40.07,m_099,wallet,DE,2,0,0.675,0
F904505,4.23,m_111,wallet,CH,2,0,0.652,0
F904506,69.28,m_100,card_not_present,DE,15,0,0.792,0
F904507,7.04,m_026,wallet,DE,7,0,1.0,0
F904508,31.03,m_171,card_not_present,ES,3,0,0.907,1
F904509,28.52,m_160,card_present,FR,5,0,0.791,0
F904510,35.22,m_140,card_not_present,BE,20,1,0.63,0
F904511,365.84,m_006,wallet,ES,1,0,0.311,0
F904512,67.78,m_062,card_not_present,FR,17,1,0.817,0
F904513,96.0,m_089,card_not_present,CH,0,0,0.784,1
F904514,19.23,m_061,wallet,IT,8,0,0.844,0
F904515,23.28,m_135,card_not_present,FR,5,0,0.838,0
F904516,20.22,m_013,wallet,CH,8,0,0.511,0
F904517,279.06,m_072,card_present,FR,18,0,0.62,0
F904518,31.99,m_157,bank_transfer,FR,19,0,0.511,0
F904519,65.88,m_129,card_present,DE,14,0,0.691,0
F904520,70.88,m_021,card_not_present,,20,0,0.853,0
F904521,10.23,m_029,card_present,FR,3,0,0.984,0
F904522,30.45,m_175,bank_transfer,DE,1,0,1.0,0
F904523,22.39,m_133,card_present,CH,0,0,0.723,0
F904524,27.48,m_041,wallet,FR,9,0,0.569,0
F904525,11.08,m_151,bank_transfer,FR,12,0,1.0,0
F904526,44.1,m_011,card_not_present,IT,22,0,0.885,0
F904527,115.69,m_029,card_not_present,FR,5,0,0.643,0
F904528,14.53,m_025,card_present,ES,18,0,0.968,0
F904529,22.01,m_074,card_not_present,CH,19,1,0.975,0
F904530,70.43,m_036,card_not_present,FR,8,0,0.371,1
F904531,21.72,m_035,card_present,FR,6,1,0.874,0
F904532,121.51,m_025,card_not_present,DE,1,0,0.816,0
F904533,5.48,m_043,card_present,FR,15,0,0.272,0
F904534,115.3,m_007,card_present,FR,14,0,0.705,0
F904535,36.81,m_006,card_not_present,,8,0,0.725,0
F904536,42.57,m_161,card_not_present,FR,12,1,0.96,0
F904537,25.79,m_170,card_present,FR,10,0,0.577,0
F904538,31.47,m_094,card_not_present,FR,19,0,0.448,0
F904539,41.61,m_151,card_present,FR,20,0,0.77,0
F904540,11.34,m_037,bank_transfer,IT,4,0,0.745,0
F904541,8.02,m_108,wallet,ES,21,0,0.744,0
F904542,77.82,m_106,card_not_present,BE,16,0,0.292,1
F904543,15.31,m_163,card_present,FR,12,0,0.604,0
F904544,16.67,m_152,wallet,FR,4,1,0.806,0
F904545,31.28,m_039,bank_transfer,FR,0,0,0.713,0
F904546,42.53,m_022,wallet,ES,3,1,0.935,0
F904547,409.4,m_132,card_not_present,FR,16,0,0.793,0
F904548,33.06,m_141,card_present,FR,9,0,0.613,0
F904549,26.18,m_044,card_present,FR,3,1,0.7,0
F904550,21.68,m_083,card_not_present,FR,4,0,0.315,0
F904551,125.68,m_071,card_present,FR,18,0,0.41,0
F904552,9.1,m_027,wallet,FR,1,0,0.624,0
F904553,131.74,m_027,wallet,FR,22,1,0.751,0
F904554,17.59,m_057,card_not_present,IT,18,0,0.712,0
F904555,107.61,m_062,wallet,FR,9,0,0.425,0
F904556,26.05,m_134,card_not_present,FR,20,0,0.536,0
F904557,8.48,m_055,card_not_present,FR,2,0,0.685,0
F904558,168.44,m_033,card_not_present,FR,15,0,0.912,0
F904559,60.56,m_087,card_not_present,BE,16,0,0.978,0
F904560,17.75,m_178,wallet,FR,18,0,0.739,0
F904561,18.09,m_035,card_not_present,CH,18,0,0.915,0
F904562,17.63,m_065,card_present,FR,23,0,0.398,0
F904563,33.53,m_057,card_present,FR,8,0,0.759,0
F904564,86.71,m_176,card_not_present,FR,18,1,0.744,0
F904565,12.44,m_070,wallet,FR,13,0,0.567,0
F904566,29.11,m_002,bank_transfer,FR,7,0,0.613,0
F904567,5.03,m_145,card_not_present,FR,17,1,0.97,0
F904568,25.34,m_093,bank_transfer,BE,1,0,0.832,0
F904569,88.25,m_007,card_not_present,IT,21,1,1.0,0
F904570,126.48,m_048,card_present,FR,8,0,0.737,0
F904571,156.53,m_149,card_not_present,BE,0,0,1.0,0
F904572,39.49,m_117,card_present,FR,12,0,0.622,1
F904573,9.59,m_147,bank_transfer,FR,14,0,0.598,0
F904574,18.58,m_175,card_not_present,FR,9,0,0.399,0
F904575,27.15,m_108,card_not_present,FR,1,0,0.717,0
F904576,76.7,m_148,card_present,ES,14,0,0.725,0
F904577,23.2,m_112,card_present,ES,5,0,0.932,0
F904578,18.25,m_028,card_not_present,DE,23,0,0.684,0
F904579,37.92,m_147,card_not_present,FR,22,0,0.671,0
F904580,19.0,m_124,card_not_present,FR,11,1,0.536,0
F904581,12.67,m_159,bank_transfer,FR,14,0,0.83,0
F904582,44.07,m_082,wallet,FR,4,0,0.668,0
F904583,27.67,m_119,card_not_present,FR,13,0,0.6,0
F904584,29.12,m_098,card_not_present,FR,5,0,0.759,0
F904585,32.69,m_030,card_not_present,IT,12,0,0.684,0
F904586,20.83,m_171,card_not_present,DE,17,0,1.0,0
F904587,26.47,m_155,card_present,IT,1,1,0.805,0
F904588,16.15,m_140,card_not_present,FR,4,0,0.752,0
F904589,34.12,m_156,card_not_present,FR,13,1,0.694,0
F904590,18.79,m_145,card_not_present,ES,0,0,0.642,0
F904591,45.31,m_055,card_present,FR,11,0,0.831,0
F904592,4.99,m_117,card_present,FR,17,0,0.675,0
F904593,16.33,m_174,bank_transfer,IT,12,0,0.387,0
F904594,81.73,m_054,card_not_present,IT,8,0,0.453,0
F904595,26.48,m_088,card_present,ES,11,1,1.0,0
F904596,89.25,m_005,wallet,ES,22,0,0.614,0
F904597,75.6,m_026,bank_transfer,FR,1,1,0.814,0
F904598,3.12,m_171,card_not_present,FR,6,1,0.486,0
F904599,3.18,m_086,card_not_present,DE,5,0,0.756,0
F904600,51.23,m_131,wallet,ES,8,0,0.674,0
F904601,25.61,m_116,card_not_present,FR,2,0,0.605,0
F904602,27.16,m_148,card_present,CH,14,0,0.73,0
F904603,122.17,m_021,bank_transfer,BE,12,0,1.0,0
F904604,36.23,m_145,card_present,DE,7,0,0.597,0
F904605,59.33,m_055,card_present,DE,15,1,0.694,0
F904606,5.2,m_083,wallet,FR,7,0,0.855,0
F904607,8.95,m_000,bank_transfer,FR,20,1,0.704,0
F904608,37.37,m_129,card_present,FR,18,0,0.891,0
F904609,66.52,m_102,card_not_present,ES,8,0,0.431,1
F904610,112.65,m_015,card_present,FR,2,0,0.628,1
F904611,23.33,m_079,card_present,DE,16,0,0.848,0
F904612,84.48,m_118,card_not_present,FR,19,0,0.878,0
F904613,47.63,m_020,card_present,FR,14,0,0.717,0
F904614,36.43,m_081,bank_transfer,FR,20,0,1.0,0
F904615,19.71,m_117,card_present,FR,15,0,0.571,0
F904616,34.32,m_164,card_present,ES,2,0,0.937,0
F904617,47.95,m_014,card_not_present,FR,10,0,0.646,0
F904618,159.13,m_047,card_not_present,CH,2,0,0.482,0
F904619,13.93,m_067,card_present,FR,14,0,0.673,0
F904620,16.08,m_045,card_not_present,FR,13,0,0.762,0
F904621,35.07,m_165,card_present,FR,21,0,0.337,0
F904622,7.61,m_171,card_present,FR,7,1,0.552,0
F904623,10.51,m_074,card_not_present,DE,14,0,0.655,0
F904624,,m_001,card_not_present,FR,13,0,0.759,0
F904625,36.11,m_055,wallet,FR,6,1,0.692,0
F904626,2.31,m_008,card_present,FR,13,0,0.556,0
F904627,103.05,m_115,card_present,FR,6,0,0.394,0
F904628,9.86,m_161,card_present,FR,0,1,0.371,0
F904629,44.23,m_144,wallet,DE,10,1,0.974,0
F904630,23.16,m_160,card_not_present,FR,1,0,0.895,0
F904631,130.21,m_024,card_not_present,DE,17,0,0.979,0
F904632,10.1,m_013,card_present,FR,7,0,0.736,0
F904633,63.42,m_164,card_not_present,ES,14,0,0.899,0
F904634,7.24,m_002,card_not_present,BE,18,0,0.794,0
F904635,39.96,m_173,card_present,DE,19,0,0.851,0
F904636,53.59,m_135,wallet,DE,4,1,1.0,1
F904637,98.26,m_056,card_not_present,FR,20,0,0.578,0
F904638,27.86,m_019,card_not_present,FR,23,1,0.776,1
F904639,41.07,m_063,card_not_present,IT,17,0,0.879,1
F904640,75.03,m_083,card_present,BE,11,0,0.789,0
F904641,33.54,m_057,card_not_present,IT,15,0,0.613,0
F904642,25.31,m_093,card_not_present,FR,9,0,1.0,1
F904643,25.77,m_160,card_present,BE,14,0,0.795,0
F904644,,m_020,card_not_present,ES,6,0,0.533,0
F904645,19.06,m_029,card_not_present,IT,8,0,0.444,0
F904646,27.47,m_081,card_present,FR,21,1,0.913,0
F904647,74.59,m_108,card_present,IT,5,0,0.613,0
F904648,99.42,m_125,card_not_present,FR,13,0,0.538,0
F904649,5.1,m_171,card_present,FR,13,0,0.885,0
F904650,74.7,m_091,card_present,FR,16,0,1.0,0
F904651,22.87,m_116,card_not_present,FR,21,0,0.854,0
F904652,53.31,m_021,card_not_present,DE,1,0,0.852,0
F904653,42.28,m_037,card_not_present,FR,1,0,0.841,0
F904654,23.17,m_070,card_not_present,FR,20,0,0.589,0
F904655,56.41,m_153,card_present,FR,10,0,0.571,0
F904656,68.89,m_078,bank_transfer,FR,17,0,0.696,0
F904657,28.31,m_045,card_present,FR,0,0,0.314,0
F904658,4.4,m_100,card_present,FR,5,0,0.792,0
F904659,26.91,m_004,card_present,CH,5,0,0.436,0
F904660,12.68,m_153,card_present,FR,12,0,0.667,0
F904661,32.36,m_152,card_not_present,FR,19,0,0.666,0
F904662,9.48,m_146,card_present,FR,2,1,0.717,0
F904663,115.49,m_087,card_not_present,CH,14,0,0.888,0
F904664,10.58,m_032,card_present,DE,3,1,0.805,0
F904665,18.84,m_006,card_present,FR,0,1,0.691,0
F904666,15.1,m_040,card_not_present,ES,3,0,0.709,0
F904667,12.32,m_027,bank_transfer,ES,5,0,1.0,0
F904668,10.19,m_067,bank_transfer,CH,2,0,0.664,0
F904669,24.22,m_092,card_present,DE,22,0,0.603,0
F904670,34.17,m_013,card_present,DE,0,0,0.797,0
F904671,10.5,m_067,card_present,FR,5,0,0.615,0
F904672,154.01,m_109,card_present,CH,18,0,1.0,0
F904673,16.58,m_153,card_present,DE,11,0,0.555,0
F904674,19.31,m_070,card_present,FR,8,0,0.722,0
F904675,13.46,m_103,card_present,FR,4,0,0.678,0
F904676,17.73,m_012,bank_transfer,FR,1,0,0.676,0
F904677,69.5,m_048,card_not_present,IT,9,0,0.908,1
F904678,135.91,m_067,wallet,FR,20,0,0.648,0
F904679,35.33,m_074,wallet,FR,18,0,0.467,0
F904680,45.97,m_174,card_not_present,FR,7,0,0.846,0
F904681,27.39,m_157,card_present,IT,23,1,0.728,0
F904682,43.81,m_055,bank_transfer,FR,12,1,0.452,0
F904683,35.63,m_041,card_not_present,FR,13,0,0.504,1
F904684,25.56,m_118,card_present,FR,0,0,1.0,0
F904685,33.19,m_079,card_not_present,BE,17,0,0.706,0
F904686,429.53,m_066,card_present,IT,4,0,0.733,0
F904687,24.84,m_139,card_present,ES,10,1,0.593,0
F904688,,m_092,card_not_present,DE,6,0,0.377,0
F904689,57.27,m_126,card_present,FR,16,0,0.616,0
F904690,28.94,m_170,card_present,CH,12,1,0.836,0
F904691,33.36,m_116,card_present,FR,21,0,0.503,1
F904692,69.82,m_172,card_present,FR,2,0,0.849,0
F904693,65.6,m_148,card_present,BE,8,0,0.724,0
F904694,126.6,m_090,card_present,BE,5,0,0.829,0
F904695,45.22,m_139,card_not_present,FR,4,0,0.818,0
F904696,21.26,m_072,wallet,CH,0,1,0.678,0
F904697,41.59,m_013,card_not_present,FR,2,0,0.637,0
F904698,58.65,m_060,card_present,BE,16,1,0.605,0
F904699,14.58,m_074,card_not_present,ES,13,0,0.781,0
F904700,3.43,m_074,card_not_present,DE,3,1,0.592,0
F904701,20.43,m_031,card_present,FR,4,0,0.742,0
F904702,68.41,m_063,wallet,DE,7,1,0.755,0
F904703,108.91,m_091,card_not_present,BE,11,0,0.742,0
F904704,29.31,m_124,card_present,BE,23,0,0.354,0
F904705,74.07,m_164,card_present,IT,13,0,0.854,0
F904706,49.55,m_009,card_present,FR,22,0,0.667,0
F904707,741.04,m_024,card_not_present,FR,4,0,0.938,0
F904708,182.47,m_047,card_present,BE,8,1,0.743,0
F904709,33.98,m_097,card_present,FR,8,0,0.877,0
F904710,28.43,m_018,card_present,FR,0,1,0.662,0
F904711,174.84,m_046,card_not_present,BE,19,0,0.832,0
F904712,95.01,m_021,card_not_present,BE,18,1,0.636,0
F904713,205.18,m_096,card_not_present,FR,6,1,0.489,1
F904714,34.96,m_105,wallet,FR,2,0,0.823,0
F904715,32.56,m_092,bank_transfer,FR,6,0,0.578,0
F904716,8.87,m_039,card_not_present,IT,14,0,0.891,0
F904717,48.96,m_107,card_not_present,FR,6,0,0.919,0
F904718,180.57,m_179,card_not_present,IT,10,0,0.949,0
F904719,14.25,m_000,card_not_present,FR,16,0,1.0,0
F904720,39.78,m_036,card_present,FR,18,0,0.684,0
F904721,6.92,m_059,bank_transfer,BE,16,0,0.484,0
F904722,122.29,m_086,card_not_present,FR,1,1,1.0,1
F904723,38.2,m_124,wallet,FR,13,0,1.0,0
F904724,25.72,m_105,card_not_present,IT,21,0,0.46,0
F904725,51.26,m_090,card_not_present,FR,7,0,1.0,0
F904726,20.61,m_114,card_not_present,FR,6,0,0.827,0
F904727,75.35,m_066,card_present,FR,20,0,0.665,0
F904728,48.96,m_096,card_present,ES,8,0,0.89,0
F904729,5.96,m_158,card_present,BE,3,0,0.619,0
F904730,11.04,m_164,wallet,FR,21,0,0.544,0
F904731,31.71,m_067,card_not_present,FR,4,0,0.671,1
F904732,376.42,m_080,card_present,IT,11,0,0.815,0
F904733,18.68,m_082,bank_transfer,DE,17,0,0.519,0
F904734,52.32,m_121,card_not_present,FR,22,0,0.762,0
F904735,183.29,m_071,card_not_present,FR,3,1,0.875,1
F904736,6.65,m_149,card_present,FR,5,0,0.513,0
F904737,12.9,m_038,card_not_present,FR,15,0,0.598,0
F904738,9.48,m_002,card_not_present,FR,10,0,0.726,0
F904739,15.79,m_039,card_not_present,ES,23,0,0.66,0
F904740,23.31,m_114,wallet,ES,1,0,1.0,0
F904741,142.42,m_104,card_not_present,FR,2,0,1.0,0
F904742,155.41,m_166,card_not_present,IT,12,0,0.755,0
F904743,82.45,m_130,wallet,BE,17,0,0.872,0
F904744,59.1,m_003,bank_transfer,FR,8,0,0.622,0
F904745,55.6,m_115,wallet,CH,3,0,0.307,0
F904746,176.26,m_126,card_present,FR,15,0,1.0,0
F904747,111.77,m_173,wallet,FR,0,0,0.854,0
F904748,25.65,m_043,card_not_present,FR,21,0,0.991,0
F904749,40.4,m_021,card_not_present,FR,13,0,0.76,0
F904750,55.7,m_135,card_not_present,FR,9,0,0.67,0
F904751,120.71,m_048,card_present,CH,0,0,1.0,0
F904752,110.95,m_085,wallet,FR,2,0,0.756,0
F904753,60.13,m_120,wallet,FR,8,0,0.65,0
F904754,11.17,m_153,card_not_present,CH,11,1,0.372,1
F904755,13.36,m_041,card_present,CH,15,0,0.698,0
F904756,98.03,m_082,bank_transfer,FR,2,1,1.0,0
F904757,61.21,m_154,wallet,FR,11,1,0.947,0
F904758,123.58,m_100,card_not_present,DE,3,0,0.529,0
F904759,108.42,m_131,wallet,BE,11,0,0.726,0
F904760,76.54,m_103,card_not_present,CH,5,0,0.479,0
F904761,8.68,m_118,card_present,FR,4,1,0.559,0
F904762,79.3,m_063,card_not_present,FR,9,0,0.837,0
F904763,32.75,m_103,card_present,FR,20,0,0.905,0
F904764,33.75,m_165,card_not_present,BE,23,0,0.867,0
F904765,65.75,m_054,card_present,DE,15,0,0.971,0
F904766,30.33,m_016,card_not_present,IT,3,0,0.814,0
F904767,1.84,m_122,bank_transfer,BE,19,0,0.694,0
F904768,68.75,m_007,card_not_present,CH,2,0,0.776,0
F904769,40.77,m_126,card_present,FR,12,0,0.576,1
F904770,8.18,m_091,card_present,IT,5,0,0.81,0
F904771,24.91,m_037,card_present,FR,14,0,0.944,0
F904772,9.24,m_073,card_not_present,FR,19,0,0.736,0
F904773,50.15,m_087,wallet,FR,3,0,0.6,0
F904774,10.02,m_027,wallet,FR,0,0,0.627,0
F904775,133.93,m_106,card_present,FR,15,0,0.386,0
F904776,52.26,m_017,card_not_present,FR,1,0,0.83,0
F904777,23.41,m_120,card_present,CH,8,0,0.884,0
F904778,15.34,m_109,card_not_present,BE,2,1,0.667,0
F904779,37.62,m_080,bank_transfer,FR,11,0,0.636,0
F904780,67.72,m_164,card_present,DE,5,0,1.0,0
F904781,26.75,m_038,card_present,IT,7,0,0.657,0
F904782,54.65,m_019,card_not_present,DE,22,0,0.724,0
F904783,50.78,m_149,wallet,IT,2,0,0.62,0
F904784,11.09,m_131,card_not_present,FR,18,0,0.753,0
F904785,19.73,m_036,card_present,FR,8,0,0.9,0
F904786,81.53,m_063,card_not_present,FR,22,0,0.681,0
F904787,108.09,m_168,card_not_present,IT,1,0,0.452,0
F904788,14.79,m_038,card_not_present,BE,14,0,0.465,0
F904789,17.95,m_102,card_present,CH,0,0,0.773,0
F904790,112.98,m_080,wallet,FR,2,0,0.641,0
F904791,83.87,m_105,card_not_present,,9,0,0.327,0
F904792,24.82,m_109,card_not_present,DE,22,0,0.946,0
F904793,29.47,m_005,card_not_present,FR,6,0,0.737,1
F904794,22.04,m_005,card_present,DE,15,0,0.646,0
F904795,139.79,m_011,card_present,IT,11,1,0.612,0
F904796,183.53,m_042,card_not_present,IT,21,0,1.0,0
F904797,23.92,m_170,card_present,FR,23,0,0.702,0
F904798,23.7,m_013,card_not_present,DE,10,0,0.789,0
F904799,34.0,m_049,card_present,IT,2,0,0.571,0
F904800,31.86,m_113,card_not_present,FR,13,0,0.794,0
F904801,30.17,m_076,card_not_present,IT,0,0,0.559,0
F904802,63.98,m_050,card_present,FR,20,0,0.734,0
F904803,25.79,m_067,bank_transfer,FR,20,0,0.61,0
F904804,56.93,m_023,wallet,FR,18,0,0.746,0
F904805,82.13,m_057,card_present,FR,14,0,0.724,0
F904806,11.8,m_138,card_present,IT,4,0,0.795,0
F904807,21.68,m_069,card_not_present,FR,20,0,0.763,0
F904808,66.57,m_089,card_not_present,ES,5,0,0.702,0
F904809,31.15,m_150,card_present,FR,20,0,0.758,0
F904810,124.8,m_034,card_present,FR,7,0,0.762,0
F904811,10.44,m_067,card_present,FR,1,0,0.508,0
F904812,54.43,m_168,card_present,FR,14,0,0.559,0
F904813,121.89,m_140,card_present,FR,7,1,0.713,0
F904814,85.47,m_155,card_not_present,CH,4,0,0.766,0
F904815,45.61,m_071,bank_transfer,ES,12,0,1.0,0
F904816,69.92,m_097,card_present,BE,4,0,0.707,0
F904817,17.86,m_017,card_present,BE,12,0,0.597,0
F904818,55.58,m_027,card_not_present,ES,19,0,0.829,0
F904819,57.34,m_066,card_not_present,BE,18,1,0.854,0
F904820,50.75,m_117,card_present,FR,0,0,1.0,0
F904821,33.43,m_015,card_present,IT,5,0,0.662,0
F904822,84.93,m_030,bank_transfer,CH,13,0,0.411,0
F904823,42.98,m_158,card_not_present,FR,9,0,0.444,0
F904824,64.72,m_027,card_not_present,CH,7,0,0.89,0
F904825,27.22,m_164,card_not_present,FR,9,0,0.692,0
F904826,34.36,m_120,card_not_present,BE,2,0,0.324,0
F904827,17.16,m_088,card_present,DE,3,0,0.568,0
F904828,101.42,m_062,wallet,FR,12,0,0.918,0
F904829,,m_018,card_present,FR,10,1,0.754,0
F904830,7.84,m_073,bank_transfer,IT,5,0,0.299,0
F904831,19.31,m_129,card_not_present,CH,11,0,0.749,0
F904832,62.09,m_121,card_not_present,FR,14,0,0.426,0
F904833,13.75,m_088,card_present,ES,15,0,0.473,0
F904834,22.85,m_141,card_not_present,FR,1,0,0.629,0
F904835,50.12,m_063,card_present,FR,18,0,0.82,0
F904836,19.12,m_110,card_present,FR,23,0,0.776,0
F904837,32.13,m_135,card_not_present,FR,5,0,0.976,0
F904838,19.2,m_105,card_present,ES,3,0,0.873,0
F904839,18.1,m_093,card_not_present,FR,13,0,0.95,0
F904840,20.93,m_129,card_present,FR,16,1,0.535,0
F904841,15.06,m_119,card_not_present,BE,15,1,0.913,0
F904842,32.64,m_039,card_not_present,FR,18,0,0.778,0
F904843,25.34,m_031,card_present,ES,11,0,0.72,0
F904844,5.89,m_002,card_present,IT,4,0,0.537,0
F904845,20.75,m_016,bank_transfer,DE,3,0,0.975,0
F904846,35.91,m_067,card_present,FR,9,0,0.711,0
F904847,3.12,m_030,card_present,CH,3,0,0.658,0
F904848,54.76,m_005,card_present,DE,12,0,0.734,0
F904849,29.6,m_054,card_not_present,FR,12,0,0.84,0
F904850,6.06,m_031,card_present,FR,9,1,0.696,0
F904851,92.71,m_052,card_not_present,FR,12,0,0.556,0
F904852,59.62,m_017,card_not_present,BE,1,0,0.639,0
F904853,50.75,m_078,card_present,FR,6,0,0.799,0
F904854,12.82,m_028,card_present,IT,17,0,0.651,0
F904855,17.7,m_161,card_not_present,ES,18,0,0.776,0
F904856,15.61,m_060,card_not_present,DE,0,0,0.567,1
F904857,87.16,m_094,card_not_present,FR,1,0,1.0,0
F904858,9.98,m_178,card_present,FR,1,0,0.836,0
F904859,13.11,m_038,card_present,FR,8,0,0.4,0
F904860,215.89,m_114,card_not_present,IT,4,0,0.429,0
F904861,159.55,m_018,card_not_present,BE,17,0,0.696,1
F904862,242.78,m_170,card_not_present,IT,13,0,0.49,0
F904863,25.89,m_108,card_not_present,,9,0,0.556,0
F904864,68.75,m_136,card_not_present,FR,1,0,0.799,0
F904865,32.78,m_064,card_present,BE,21,0,0.761,1
F904866,42.32,m_118,card_not_present,FR,1,0,0.536,0
F904867,278.57,m_062,card_not_present,BE,14,0,0.868,1
F904868,8.58,m_055,wallet,CH,2,0,0.922,0
F904869,17.73,m_020,card_present,BE,10,1,0.815,0
F904870,19.61,m_018,card_not_present,FR,10,1,0.565,0
F904871,5.92,m_124,card_present,FR,2,0,0.88,0
F904872,4.64,m_004,card_not_present,FR,9,0,0.629,0
F904873,41.49,m_144,wallet,FR,3,1,0.981,0
F904874,13.75,m_037,wallet,FR,0,0,0.739,0
F904875,24.76,m_024,card_present,FR,10,0,0.733,0
F904876,44.6,m_123,card_present,CH,3,0,0.754,0
F904877,43.69,m_179,card_not_present,FR,12,1,0.579,1
F904878,112.9,m_124,card_not_present,FR,15,0,0.865,0
F904879,,m_104,card_present,BE,0,0,0.707,0
F904880,79.47,m_098,card_present,IT,11,0,0.356,0
F904881,45.15,m_128,card_not_present,DE,18,0,0.85,0
F904882,11.37,m_027,card_not_present,BE,5,0,0.442,0
F904883,23.22,m_000,wallet,IT,20,0,1.0,0
F904884,57.31,m_031,card_present,BE,9,0,0.748,0
F904885,37.56,m_052,card_not_present,FR,16,0,0.768,0
F904886,51.19,m_134,card_not_present,BE,11,0,1.0,0
F904887,29.69,m_065,card_present,FR,16,0,0.691,1
F904888,73.27,m_150,wallet,FR,12,0,0.772,0
F904889,15.49,m_078,wallet,FR,12,0,0.484,0
F904890,35.46,m_088,card_not_present,FR,0,0,0.844,0
F904891,3.01,m_175,card_not_present,FR,12,1,0.665,0
F904892,4.22,m_165,card_present,FR,17,0,0.843,0
F904893,20.55,m_066,card_present,FR,19,1,0.929,0
F904894,12.44,m_141,card_not_present,DE,21,0,0.605,0
F904895,25.57,m_029,card_not_present,DE,15,0,0.642,0
F904896,104.43,m_165,card_not_present,CH,15,0,0.492,0
F904897,30.75,m_118,card_not_present,FR,2,0,0.639,0
F904898,169.21,m_152,wallet,ES,20,0,1.0,0
F904899,68.93,m_010,bank_transfer,FR,17,0,1.0,0
F904900,78.84,m_096,card_present,FR,6,0,0.837,0
F904901,27.01,m_080,card_not_present,FR,1,1,0.907,0
F904902,3.86,m_126,card_present,FR,7,0,0.67,1
F904903,71.94,m_010,wallet,FR,7,0,0.756,0
F904904,31.53,m_000,card_not_present,FR,6,0,0.724,0
F904905,29.27,m_079,card_not_present,FR,0,0,0.513,0
F904906,15.04,m_121,card_present,FR,15,0,0.573,0
F904907,9.56,m_127,card_present,BE,0,0,0.97,0
F904908,9.36,m_054,card_not_present,CH,19,0,0.626,0
F904909,11.66,m_126,card_not_present,FR,17,0,0.429,0
F904910,44.68,m_024,card_present,FR,19,0,0.91,0
F904911,19.12,m_158,card_not_present,BE,22,0,0.53,0
F904912,43.82,m_113,card_not_present,FR,5,1,0.537,0
F904913,20.86,m_068,bank_transfer,FR,23,0,0.691,0
F904914,21.98,m_073,bank_transfer,DE,14,0,0.507,0
F904915,178.33,m_031,card_not_present,FR,17,0,0.691,0
F904916,100.16,m_027,card_not_present,ES,2,1,0.719,0
F904917,4.59,m_083,card_present,BE,23,0,0.833,0
F904918,93.82,m_023,card_present,ES,6,1,0.839,1
F904919,46.63,m_016,card_not_present,FR,8,0,1.0,0
F904920,26.57,m_144,card_not_present,FR,21,0,0.73,0
F904921,7.61,m_063,wallet,FR,8,0,0.211,0
F904922,204.3,m_043,card_present,CH,21,0,0.786,0
F904923,25.05,m_087,card_present,,6,0,0.77,1
F904924,43.5,m_020,card_present,DE,21,1,0.795,0
F904925,17.93,m_124,card_present,FR,19,0,0.635,0
F904926,46.38,m_076,card_present,FR,1,0,0.862,0
F904927,14.19,m_078,bank_transfer,FR,5,1,1.0,0
F904928,86.15,m_127,card_not_present,DE,4,0,0.378,0
F904929,31.53,m_022,card_not_present,FR,7,1,0.647,0
F904930,12.66,m_077,card_not_present,DE,13,0,0.499,0
F904931,13.12,m_080,card_not_present,ES,13,0,0.429,0
F904932,44.12,m_125,card_present,IT,21,0,0.901,0
F904933,34.13,m_081,card_present,FR,0,0,0.62,0
F904934,,m_052,card_not_present,IT,17,0,0.474,1
F904935,98.94,m_140,card_present,ES,22,0,0.668,0
F904936,18.61,m_119,card_not_present,CH,0,0,0.801,0
F904937,,m_151,wallet,,19,0,0.637,0
F904938,109.48,m_042,card_not_present,IT,22,0,0.728,1
F904939,15.78,m_135,card_not_present,IT,4,0,0.611,0
F904940,73.82,m_028,card_present,FR,10,0,0.811,0
F904941,21.67,m_000,card_present,FR,4,0,0.929,0
F904942,105.58,m_105,card_not_present,DE,23,0,0.758,0
F904943,138.84,m_006,bank_transfer,FR,17,1,0.73,0
F904944,35.32,m_146,card_not_present,ES,23,0,1.0,0
F904945,8.62,m_148,card_not_present,FR,11,0,0.81,0
F904946,58.36,m_042,card_not_present,BE,11,0,0.563,0
F904947,7.53,m_039,bank_transfer,FR,12,0,0.389,0
F904948,29.54,m_080,card_not_present,FR,20,0,0.805,0
F904949,14.78,m_084,card_not_present,CH,14,0,0.758,0
F904950,71.37,m_086,card_not_present,FR,4,0,0.683,0
F904951,262.13,m_033,bank_transfer,ES,13,0,0.639,0
F904952,9.87,m_154,card_not_present,FR,23,0,0.51,0
F904953,35.06,m_124,wallet,FR,1,1,0.538,0
F904954,10.03,m_048,card_present,FR,19,0,0.65,0
F904955,70.24,m_044,bank_transfer,FR,3,1,1.0,0
F904956,7.24,m_079,card_not_present,FR,23,0,0.579,0
F904957,112.36,m_062,wallet,FR,0,0,0.695,0
F904958,50.4,m_139,card_not_present,FR,6,0,0.727,0
F904959,38.3,m_055,wallet,DE,22,0,0.699,0
F904960,56.48,m_045,card_present,CH,6,0,1.0,0
F904961,8.61,m_011,card_present,DE,14,0,0.378,0
F904962,46.84,m_133,card_present,FR,22,0,0.83,0
F904963,211.43,m_096,card_present,BE,22,0,0.769,0
F904964,10.04,m_041,card_not_present,CH,6,0,0.872,0
F904965,10.02,m_061,card_not_present,FR,15,1,0.832,0
F904966,8.51,m_074,wallet,FR,15,0,0.505,1
F904967,13.73,m_124,wallet,BE,7,0,0.594,0
F904968,20.67,m_140,bank_transfer,FR,20,1,0.525,1
F904969,25.66,m_033,card_present,BE,14,0,0.859,0
F904970,28.49,m_005,card_present,FR,15,0,0.662,0
F904971,62.23,m_177,card_present,FR,10,0,0.762,0
F904972,37.97,m_172,card_not_present,FR,1,0,0.745,0
F904973,74.34,m_126,bank_transfer,DE,3,1,0.784,0
F904974,13.13,m_050,card_not_present,BE,18,0,0.822,0
F904975,21.18,m_070,wallet,BE,1,0,0.69,0
F904976,126.42,m_102,card_not_present,FR,4,0,0.998,0
F904977,223.46,m_113,card_present,DE,0,1,0.665,0
F904978,21.94,m_158,card_not_present,IT,0,0,0.637,1
F904979,9.39,m_049,card_not_present,FR,16,0,0.931,0
F904980,16.84,m_162,card_not_present,ES,9,0,0.5,0
F904981,22.79,m_095,card_not_present,DE,8,0,0.627,0
F904982,37.98,m_069,card_not_present,FR,14,0,0.518,0
F904983,44.35,m_008,card_present,FR,16,0,0.703,0
F904984,145.71,m_027,card_present,BE,21,0,0.633,0
F904985,10.28,m_128,card_not_present,FR,18,0,0.84,0
F904986,23.98,m_063,card_present,FR,17,0,0.665,0
F904987,8.01,m_167,card_present,FR,18,0,0.725,0
F904988,119.91,m_077,card_not_present,FR,2,1,0.708,0
F904989,74.73,m_058,card_not_present,IT,6,0,0.746,0
F904990,,m_121,card_not_present,FR,22,0,0.876,0
F904991,50.25,m_007,card_present,FR,4,0,0.674,0
F904992,64.92,m_026,card_not_present,BE,11,0,0.683,0
F904993,78.07,m_048,wallet,FR,18,1,0.569,0
F904994,17.69,m_154,card_present,FR,20,1,0.716,1
F904995,66.43,m_040,bank_transfer,FR,18,0,0.806,0
F904996,13.47,m_092,card_present,FR,17,0,0.812,0
F904997,67.5,m_106,card_not_present,IT,22,1,0.927,0
F904998,46.49,m_164,bank_transfer,BE,5,1,0.691,1
F904999,26.4,m_063,card_present,DE,16,0,0.883,0
F905000,21.14,m_145,card_not_present,FR,20,0,0.744,0
F905001,26.01,m_051,card_not_present,ES,14,0,0.632,0
F905002,84.36,m_169,wallet,CH,0,0,0.848,0
F905003,10.8,m_063,card_not_present,ES,6,1,0.869,1
F905004,36.28,m_141,card_not_present,FR,21,0,0.755,0
F905005,9.91,m_056,card_present,FR,21,0,0.531,0
F905006,25.27,m_122,card_present,FR,14,0,0.595,0
F905007,41.41,m_065,card_present,ES,8,0,0.928,0
F905008,41.93,m_145,card_not_present,FR,23,0,1.0,0
F905009,30.37,m_143,wallet,ES,4,0,0.95,0
F905010,6.89,m_044,card_not_present,ES,12,0,0.659,0
F905011,37.76,m_157,card_not_present,FR,11,0,0.526,1
F905012,15.14,m_087,card_not_present,FR,17,0,0.865,0
F905013,4.26,m_072,card_not_present,FR,8,1,0.777,0
F905014,5.24,m_113,wallet,FR,18,0,0.829,0
F905015,31.05,m_171,card_not_present,IT,20,0,0.752,0
F905016,14.01,m_081,card_present,FR,1,0,0.602,0
F905017,70.42,m_027,card_not_present,DE,20,0,0.765,0
F905018,105.94,m_178,card_not_present,FR,1,0,0.369,0
F905019,11.5,m_055,card_present,FR,10,0,0.304,0
F905020,35.7,m_123,card_not_present,FR,12,0,0.547,0
F905021,17.57,m_141,card_not_present,BE,4,0,0.655,0
F905022,25.65,m_156,card_not_present,FR,22,0,0.83,0
F905023,41.41,m_106,card_present,FR,21,0,0.946,0
F905024,21.34,m_101,card_present,FR,21,0,0.457,0
F905025,9.15,m_120,wallet,IT,19,0,0.76,0
F905026,44.72,m_161,card_present,DE,22,0,0.537,0
F905027,15.32,m_127,card_not_present,CH,19,1,0.683,0
F905028,36.34,m_026,wallet,ES,10,0,0.533,0
F905029,112.36,m_101,card_not_present,FR,1,0,0.717,0
F905030,35.33,m_169,card_not_present,FR,23,0,0.719,0
F905031,,m_164,card_not_present,FR,21,0,0.964,0
F905032,22.99,m_049,card_not_present,FR,16,1,0.801,0
F905033,102.87,m_059,card_present,BE,7,0,0.535,0
F905034,142.3,m_172,bank_transfer,ES,15,1,0.636,0
F905035,38.31,m_035,card_present,BE,4,0,0.827,0
F905036,82.54,m_037,bank_transfer,FR,16,0,0.639,0
F905037,55.81,m_005,card_present,FR,7,0,0.637,0
F905038,23.17,m_162,wallet,FR,14,0,0.669,0
F905039,7.99,m_141,card_not_present,DE,5,0,0.923,0
F905040,93.21,m_103,card_present,ES,6,0,0.718,0
F905041,39.14,m_062,bank_transfer,IT,14,0,0.854,0
F905042,87.57,m_081,card_present,FR,7,0,0.55,0
F905043,32.98,m_176,card_present,FR,4,1,0.561,0
F905044,49.34,m_123,card_present,ES,10,0,0.299,0
F905045,35.95,m_157,card_not_present,CH,0,1,0.552,1
F905046,20.67,m_057,card_not_present,FR,9,0,0.777,0
F905047,48.66,m_031,card_not_present,IT,23,1,0.666,0
F905048,11.5,m_099,card_present,FR,20,0,0.663,0
F905049,4.46,m_115,bank_transfer,IT,3,0,0.494,0
F905050,41.0,m_008,card_present,CH,6,0,1.0,0
F905051,4.57,m_049,card_not_present,FR,20,0,0.931,0
F905052,20.39,m_005,card_not_present,DE,5,0,0.689,0
F905053,88.13,m_145,bank_transfer,ES,11,0,0.691,0
F905054,7.3,m_131,card_not_present,FR,21,0,0.821,0
F905055,,m_165,card_present,CH,6,1,0.495,1
F905056,72.78,m_006,card_not_present,DE,12,0,0.781,0
F905057,30.65,m_058,card_not_present,IT,21,0,0.519,0
F905058,25.54,m_123,card_present,CH,22,0,0.715,0
F905059,14.66,m_150,card_present,ES,16,0,0.604,0
F905060,14.13,m_000,card_not_present,FR,3,0,0.628,0
F905061,13.04,m_040,card_not_present,DE,8,0,0.554,0
F905062,86.44,m_163,card_not_present,DE,3,0,0.676,0
F905063,18.31,m_021,card_present,FR,11,0,0.947,0
F905064,38.36,m_017,bank_transfer,IT,18,0,0.853,0
F905065,176.86,m_125,card_not_present,FR,6,0,0.723,0
F905066,37.01,m_012,card_not_present,FR,15,0,0.365,0
F905067,31.46,m_136,card_present,IT,17,0,0.907,0
F905068,61.7,m_065,card_present,FR,10,0,0.523,0
F905069,12.87,m_081,card_not_present,FR,10,0,0.463,0
F905070,7.61,m_024,wallet,IT,16,0,0.69,0
F905071,19.61,m_008,bank_transfer,ES,14,1,0.515,0
F905072,5.19,m_131,wallet,FR,17,0,0.646,0
F905073,40.69,m_050,bank_transfer,FR,20,1,0.695,0
F905074,257.7,m_166,card_not_present,DE,14,1,0.948,1
F905075,49.7,m_049,card_not_present,CH,15,0,0.791,0
F905076,21.93,m_025,card_not_present,FR,7,1,0.879,0
F905077,8.3,m_081,card_not_present,IT,1,0,0.571,0
F905078,160.69,m_127,card_not_present,BE,15,0,0.643,0
F905079,47.57,m_024,card_not_present,IT,16,0,0.771,0
F905080,7.41,m_081,card_present,IT,5,0,0.638,0
F905081,70.0,m_030,wallet,BE,12,1,0.563,0
F905082,47.73,m_069,bank_transfer,ES,21,0,0.929,0
F905083,9.58,m_111,card_not_present,DE,17,0,0.64,0
F905084,8.12,m_128,card_present,ES,7,0,0.905,0
F905085,23.5,m_047,card_not_present,FR,2,0,0.956,0
F905086,249.48,m_075,card_not_present,DE,19,0,0.543,0
F905087,7.23,m_103,card_present,FR,21,0,0.667,0
F905088,16.15,m_059,card_present,FR,14,0,0.688,1
F905089,48.31,m_157,card_not_present,FR,1,0,0.647,0
F905090,40.03,m_043,card_present,FR,2,0,0.723,0
F905091,4.27,m_098,wallet,BE,15,0,0.494,0
F905092,5.67,m_063,card_present,CH,18,0,0.749,0
F905093,68.55,m_068,bank_transfer,CH,14,0,0.856,0
F905094,41.15,m_097,card_present,IT,12,1,0.6,1
F905095,115.46,m_032,wallet,IT,21,0,0.63,0
F905096,12.14,m_167,card_not_present,FR,17,0,0.684,0
F905097,66.95,m_129,card_not_present,FR,13,0,0.416,1
F905098,16.15,m_038,card_present,CH,14,0,0.804,0
F905099,34.19,m_140,card_not_present,FR,6,0,0.926,0
F905100,13.86,m_165,card_not_present,CH,1,0,0.964,0
F905101,33.72,m_150,card_present,FR,22,0,0.587,0
F905102,47.41,m_152,card_present,FR,5,0,1.0,0
F905103,15.29,m_103,bank_transfer,CH,2,1,0.742,0
F905104,210.76,m_054,card_not_present,FR,21,0,0.661,0
F905105,154.48,m_125,card_not_present,FR,7,0,0.63,0
F905106,20.22,m_030,card_not_present,FR,0,0,0.58,0
F905107,33.42,m_088,card_not_present,FR,9,0,0.834,0
F905108,145.88,m_005,wallet,FR,3,0,0.711,0
F905109,18.11,m_110,card_present,BE,14,0,0.601,0
F905110,30.65,m_159,card_not_present,ES,14,0,0.439,0
F905111,136.75,m_109,card_present,CH,7,1,0.579,0
F905112,8.81,m_008,card_present,IT,8,0,0.702,0
F905113,12.18,m_096,card_not_present,,10,0,0.911,0
F905114,34.01,m_162,card_not_present,FR,7,1,0.618,0
F905115,97.03,m_062,card_not_present,IT,12,0,0.834,0
F905116,25.1,m_126,card_not_present,FR,10,1,0.886,0
F905117,13.79,m_022,card_present,FR,0,0,0.513,0
F905118,109.6,m_128,card_not_present,FR,9,0,0.562,0
F905119,40.01,m_139,card_not_present,FR,21,0,0.363,0
F905120,49.27,m_079,wallet,DE,0,0,0.611,0
F905121,155.96,m_034,card_not_present,CH,7,1,0.468,0
F905122,135.48,m_049,card_not_present,IT,8,0,0.725,0
F905123,8.23,m_053,card_present,FR,5,0,0.6,0
F905124,16.74,m_097,bank_transfer,FR,8,0,0.57,0
F905125,3.09,m_066,card_not_present,IT,6,1,0.507,0
F905126,17.97,m_151,wallet,DE,3,0,0.761,0
F905127,17.13,m_001,card_present,IT,9,0,0.789,0
F905128,199.9,m_072,card_present,FR,17,0,0.719,0
F905129,9.01,m_073,card_present,ES,22,1,0.525,0
F905130,50.16,m_139,card_present,IT,1,0,1.0,0
F905131,72.99,m_131,bank_transfer,FR,7,0,0.761,0
F905132,69.27,m_001,bank_transfer,FR,15,0,0.861,0
F905133,49.58,m_010,card_not_present,BE,22,0,0.946,0
F905134,14.73,m_101,card_not_present,FR,5,1,0.681,0
F905135,7.47,m_050,bank_transfer,BE,15,0,0.73,0
F905136,15.72,m_070,bank_transfer,ES,11,1,0.707,0
F905137,193.1,m_162,wallet,FR,6,0,0.291,0
F905138,179.05,m_136,card_present,DE,5,0,0.888,0
F905139,8.51,m_173,card_not_present,FR,12,1,0.876,0
F905140,26.38,m_060,card_not_present,FR,8,0,0.81,0
F905141,210.75,m_019,bank_transfer,FR,8,0,0.537,0
F905142,205.97,m_008,card_not_present,FR,19,0,0.312,0
F905143,48.94,m_149,bank_transfer,ES,20,1,0.723,0
F905144,8.88,m_176,card_not_present,FR,12,0,0.813,0
F905145,111.68,m_112,card_present,DE,15,0,0.647,0
F905146,11.0,m_014,card_present,ES,16,0,0.472,0
F905147,70.74,m_017,card_not_present,FR,23,0,1.0,0
F905148,25.74,m_036,wallet,ES,5,0,0.827,0
F905149,16.77,m_172,wallet,CH,7,0,0.824,0
F905150,37.37,m_099,wallet,BE,1,0,0.897,0
F905151,85.72,m_073,card_present,FR,15,0,0.849,0
F905152,40.26,m_158,card_not_present,FR,17,0,0.818,0
F905153,7.86,m_066,card_present,FR,1,0,0.76,0
F905154,4.32,m_037,wallet,BE,1,1,0.509,0
F905155,18.61,m_149,card_not_present,DE,7,1,0.744,0
F905156,52.6,m_137,card_not_present,FR,3,0,0.646,0
F905157,113.73,m_117,card_not_present,CH,4,0,1.0,1
F905158,98.45,m_002,card_not_present,BE,2,1,1.0,0
F905159,48.37,m_141,card_not_present,FR,2,0,0.604,0
F905160,77.31,m_025,card_not_present,FR,10,0,0.978,0
F905161,169.21,m_135,card_not_present,FR,2,0,0.653,0
F905162,18.53,m_022,card_not_present,ES,8,0,0.437,0
F905163,16.63,m_129,card_not_present,CH,8,0,0.721,0
F905164,109.74,m_083,card_present,FR,6,0,1.0,0
F905165,6.76,m_057,card_present,FR,8,0,0.725,0
F905166,,m_134,bank_transfer,FR,8,1,0.617,0
F905167,61.9,m_012,wallet,DE,12,1,0.783,0
F905168,16.18,m_022,card_present,ES,9,0,0.62,0
F905169,44.03,m_014,card_not_present,ES,16,0,0.508,0
F905170,7.17,m_178,card_present,FR,4,0,0.867,0
F905171,97.36,m_067,card_present,FR,10,0,0.626,0
F905172,,m_012,bank_transfer,IT,17,0,0.785,0
F905173,7.12,m_020,card_present,ES,4,0,0.7,0
F905174,356.32,m_067,card_not_present,FR,10,0,0.785,0
F905175,22.26,m_131,bank_transfer,IT,2,0,0.659,0
F905176,237.5,m_088,card_not_present,BE,12,1,0.456,0
F905177,145.26,m_079,card_present,FR,7,0,0.727,0
F905178,43.05,m_154,card_not_present,FR,13,0,0.79,0
F905179,23.45,m_063,card_present,CH,17,0,0.686,0
F905180,50.99,m_031,card_not_present,FR,9,0,0.429,0
F905181,19.68,m_166,card_present,DE,1,0,0.869,0
F905182,6.5,m_107,card_not_present,BE,20,0,0.642,0
F905183,87.4,m_149,card_not_present,FR,0,0,0.733,1
F905184,123.04,m_089,card_not_present,BE,3,0,0.683,0
F905185,30.43,m_101,card_present,FR,10,0,0.715,0
F905186,36.56,m_026,card_present,FR,23,1,0.566,0
F905187,64.85,m_110,wallet,FR,16,0,0.648,0
F905188,18.76,m_028,card_present,FR,15,0,0.861,0
F905189,29.98,m_067,card_not_present,FR,20,0,0.367,0
F905190,22.04,m_036,wallet,FR,17,0,0.697,0
F905191,180.88,m_055,card_present,FR,13,0,0.647,0
F905192,31.3,m_169,card_not_present,BE,13,0,0.833,0
F905193,66.69,m_008,card_present,FR,6,0,0.992,0
F905194,18.67,m_151,card_not_present,FR,8,0,0.334,0
F905195,102.27,m_149,card_not_present,FR,13,0,0.712,0
F905196,38.83,m_143,card_present,FR,5,1,0.793,0
F905197,108.69,m_095,wallet,DE,7,0,0.758,0
F905198,47.22,m_013,wallet,ES,23,0,0.58,0
F905199,16.52,m_157,card_present,FR,8,0,0.927,0
F905200,74.74,m_145,card_present,CH,10,0,0.719,0
F905201,38.43,m_000,card_not_present,FR,20,0,0.825,0
F905202,57.87,m_078,wallet,BE,20,1,0.623,0
F905203,44.39,m_075,card_present,FR,23,0,0.549,0
F905204,80.31,m_013,card_not_present,CH,13,0,0.738,0
F905205,9.69,m_168,card_not_present,FR,6,0,0.905,0
F905206,5.84,m_131,card_present,IT,19,0,0.371,0
F905207,24.33,m_134,wallet,FR,18,0,0.749,0
F905208,22.2,m_060,card_not_present,FR,11,1,0.662,0
F905209,112.72,m_138,card_not_present,FR,5,0,0.873,0
F905210,21.53,m_057,card_not_present,FR,8,0,0.878,0
F905211,77.48,m_103,card_present,DE,14,0,0.915,1
F905212,247.53,m_163,card_present,FR,21,0,0.532,0
F905213,50.0,m_132,wallet,DE,5,0,0.75,0
F905214,17.47,m_161,card_present,FR,21,0,0.971,0
F905215,25.99,m_002,bank_transfer,DE,17,0,0.893,0
F905216,49.43,m_001,card_present,CH,17,0,0.697,0
F905217,68.07,m_094,card_not_present,FR,23,0,0.558,0
F905218,6.65,m_171,bank_transfer,FR,3,0,0.829,0
F905219,193.84,m_135,card_not_present,FR,14,0,1.0,1
F905220,18.3,m_037,card_present,BE,3,0,0.74,0
F905221,38.1,m_019,card_not_present,DE,6,0,0.568,1
F905222,109.31,m_104,card_present,DE,13,0,0.245,0
F905223,44.28,m_051,card_not_present,FR,17,0,0.372,0
F905224,5.94,m_064,card_not_present,DE,12,0,0.759,1
F905225,8.99,m_026,card_not_present,FR,15,0,0.751,0
F905226,42.1,m_097,card_present,IT,10,0,0.794,0
F905227,15.27,m_061,card_present,DE,5,0,0.581,0
F905228,45.04,m_055,card_present,DE,22,1,0.803,1
F905229,71.72,m_003,card_present,FR,19,0,0.951,0
F905230,,m_152,wallet,BE,15,1,0.533,0
F905231,43.59,m_094,card_present,FR,1,0,0.803,1
F905232,50.92,m_113,wallet,FR,7,0,0.668,0
F905233,42.37,m_127,card_not_present,,15,1,0.714,0
F905234,6.54,m_175,card_not_present,DE,11,1,0.618,0
F905235,29.02,m_041,card_not_present,FR,14,0,0.852,0
F905236,8.15,m_027,card_present,DE,6,1,0.499,0
F905237,322.02,m_158,card_not_present,FR,2,0,0.998,0
F905238,2.78,m_008,card_present,,15,0,0.803,0
F905239,15.34,m_103,card_present,FR,16,1,0.642,0
F905240,48.59,m_068,card_present,FR,5,0,0.811,0
F905241,67.16,m_011,card_not_present,FR,6,1,0.764,0
F905242,138.11,m_047,wallet,BE,2,0,0.98,0
F905243,14.82,m_030,card_not_present,FR,14,0,0.718,0
F905244,47.16,m_101,card_present,FR,12,1,0.661,0
F905245,9.33,m_069,wallet,BE,1,0,0.675,0
F905246,71.47,m_132,card_present,FR,6,0,0.691,0
F905247,20.75,m_117,card_present,FR,13,1,0.738,0
F905248,25.54,m_059,card_not_present,FR,2,0,0.782,0
F905249,66.73,m_081,wallet,FR,12,1,0.576,0
F905250,65.48,m_155,card_present,IT,5,1,0.937,1
F905251,25.43,m_095,card_present,FR,11,0,0.88,0
F905252,36.76,m_160,card_not_present,,17,1,0.525,0
F905253,4.71,m_125,card_not_present,IT,2,0,0.716,0
F905254,114.24,m_000,bank_transfer,FR,7,0,0.664,0
F905255,12.6,m_118,wallet,IT,21,0,0.855,0
F905256,27.21,m_086,card_not_present,DE,13,0,0.736,0
F905257,29.19,m_116,wallet,FR,18,0,0.51,0
F905258,24.42,m_046,card_not_present,FR,1,0,0.332,0
F905259,150.08,m_090,wallet,FR,11,0,0.609,0
F905260,101.35,m_152,wallet,FR,10,0,0.96,0
F905261,37.28,m_152,card_not_present,BE,13,0,0.879,0
F905262,38.9,m_021,card_not_present,DE,22,0,0.572,0
F905263,,m_139,card_present,FR,8,1,0.777,0
F905264,68.14,m_117,card_present,FR,23,1,0.777,0
F905265,63.91,m_048,card_not_present,IT,2,0,0.72,0
F905266,14.03,m_044,card_not_present,IT,10,0,0.561,0
F905267,14.37,m_067,card_present,FR,10,1,0.93,0
F905268,74.16,m_052,card_not_present,FR,20,0,0.464,0
F905269,34.74,m_006,card_present,FR,5,0,0.457,0
F905270,34.67,m_138,card_not_present,FR,14,1,0.782,0
F905271,11.86,m_144,bank_transfer,ES,22,0,0.307,0
F905272,17.18,m_017,card_not_present,FR,20,0,0.516,0
F905273,45.51,m_026,card_present,BE,15,0,0.482,0
F905274,18.17,m_028,card_present,FR,21,0,1.0,0
F905275,22.89,m_035,card_present,CH,16,1,0.911,0
F905276,13.0,m_099,card_not_present,FR,8,1,0.994,1
F905277,15.47,m_039,card_not_present,FR,21,0,0.945,0
F905278,33.7,m_093,wallet,FR,7,0,0.864,0
F905279,14.07,m_000,card_present,FR,14,0,0.64,0
F905280,66.59,m_133,card_present,IT,17,0,0.834,0
F905281,9.9,m_031,wallet,FR,2,0,0.639,0
F905282,424.96,m_103,card_present,FR,21,0,0.773,0
F905283,91.43,m_153,card_not_present,FR,0,0,0.977,0
F905284,234.61,m_149,bank_transfer,FR,15,1,0.65,0
F905285,54.47,m_145,card_not_present,FR,17,0,0.731,0
F905286,28.99,m_000,card_present,FR,12,0,0.323,0
F905287,13.28,m_018,card_present,BE,4,0,0.653,0
F905288,60.82,m_066,card_present,FR,8,0,0.676,0
F905289,15.61,m_065,card_present,FR,17,0,0.868,0
F905290,58.54,m_111,card_not_present,BE,0,0,0.855,0
F905291,60.87,m_137,card_present,BE,18,0,0.629,0
F905292,88.06,m_047,card_not_present,BE,5,1,0.768,0
F905293,126.43,m_134,card_not_present,FR,9,0,0.575,0
F905294,90.9,m_168,wallet,FR,3,0,1.0,0
F905295,182.12,m_036,card_not_present,FR,2,1,0.554,0
F905296,14.2,m_012,wallet,ES,21,0,0.752,0
F905297,26.38,m_065,card_not_present,FR,1,0,0.728,0
F905298,63.46,m_040,card_not_present,FR,6,0,0.803,0
F905299,35.71,m_092,card_present,IT,3,0,1.0,0
F905300,16.62,m_124,card_not_present,FR,10,0,0.825,0
F905301,11.16,m_054,bank_transfer,FR,2,1,0.675,0
F905302,10.84,m_058,card_not_present,DE,7,0,0.642,1
F905303,31.91,m_093,card_present,FR,15,0,0.595,1
F905304,21.63,m_010,card_not_present,IT,5,0,0.748,0
F905305,69.77,m_010,wallet,ES,7,0,0.561,0
F905306,11.12,m_153,card_not_present,FR,13,0,0.693,0
F905307,101.64,m_044,card_not_present,IT,8,0,0.735,0
F905308,9.09,m_025,card_not_present,FR,0,0,0.906,1
F905309,17.98,m_131,card_present,DE,18,0,0.789,0
F905310,7.58,m_076,card_present,ES,15,1,0.742,0
F905311,53.81,m_111,card_not_present,CH,17,0,0.872,0
F905312,273.56,m_068,card_not_present,FR,17,0,0.76,0
F905313,6.39,m_039,card_present,BE,14,0,0.609,0
F905314,20.66,m_085,card_not_present,ES,21,0,0.814,0
F905315,67.88,m_016,card_not_present,BE,22,0,0.877,0
F905316,73.72,m_004,card_not_present,FR,18,1,0.678,0
F905317,31.94,m_074,card_present,DE,17,0,0.579,0
F905318,13.48,m_138,card_present,ES,19,0,0.647,0
F905319,12.29,m_073,card_not_present,FR,22,1,0.757,0
F905320,22.23,m_173,wallet,FR,23,0,0.527,0
F905321,15.25,m_143,card_not_present,FR,17,0,0.53,0
F905322,106.91,m_134,card_not_present,ES,14,0,0.624,0
F905323,222.0,m_071,card_present,IT,10,0,0.856,0
F905324,34.08,m_151,card_not_present,FR,20,0,0.704,0
F905325,93.93,m_150,card_present,CH,2,0,0.566,0
F905326,18.83,m_158,card_not_present,FR,15,1,0.59,0
F905327,2.43,m_031,wallet,FR,10,0,1.0,0
F905328,31.1,m_143,wallet,CH,14,0,0.914,0
F905329,62.75,m_161,card_present,ES,6,0,0.802,0
F905330,21.76,m_123,card_not_present,CH,6,0,1.0,1
F905331,53.9,m_174,card_present,FR,12,0,0.75,0
F905332,251.32,m_114,card_present,FR,22,0,0.659,0
F905333,9.16,m_170,card_present,FR,0,0,0.753,0
F905334,45.64,m_063,card_not_present,BE,0,0,0.615,0
F905335,31.61,m_035,wallet,CH,11,0,0.609,0
F905336,14.45,m_030,wallet,ES,7,0,0.798,0
F905337,160.11,m_041,card_not_present,FR,23,0,0.81,0
F905338,58.8,m_043,wallet,ES,1,0,0.855,0
F905339,7.32,m_074,card_not_present,FR,16,0,0.871,0
F905340,21.71,m_053,card_present,DE,0,0,0.669,0
F905341,49.87,m_057,card_present,ES,7,0,0.869,0
F905342,33.13,m_085,card_present,ES,18,0,0.869,0
F905343,20.86,m_118,card_not_present,FR,3,0,0.863,0
F905344,20.53,m_077,card_present,FR,1,0,0.833,1
F905345,38.37,m_149,bank_transfer,ES,7,0,0.99,0
F905346,51.31,m_159,card_not_present,FR,8,1,0.556,0
F905347,145.66,m_171,card_present,FR,18,0,0.968,0
F905348,217.07,m_035,card_not_present,FR,17,1,0.575,0
F905349,14.19,m_029,wallet,IT,4,1,0.359,0
F905350,38.47,m_077,card_not_present,FR,7,0,0.834,0
F905351,58.27,m_102,card_present,FR,2,0,0.819,0
F905352,137.67,m_128,card_not_present,ES,0,0,0.643,0
F905353,110.43,m_008,card_not_present,ES,4,0,0.539,0
F905354,21.9,m_162,card_not_present,CH,13,0,0.697,0
F905355,15.07,m_153,wallet,FR,9,0,0.778,0
F905356,98.25,m_127,card_not_present,FR,15,1,0.805,0
F905357,80.21,m_094,card_not_present,IT,19,0,0.729,0
F905358,55.01,m_079,card_not_present,FR,19,0,0.976,0
F905359,85.49,m_090,card_not_present,IT,6,0,0.887,0
F905360,17.87,m_023,bank_transfer,FR,3,1,0.489,0
F905361,21.59,m_012,card_not_present,CH,3,0,0.704,0
F905362,60.53,m_174,wallet,FR,17,0,0.833,0
F905363,66.44,m_128,card_not_present,ES,1,0,0.686,0
F905364,22.71,m_061,card_present,FR,9,0,0.353,0
F905365,22.88,m_072,card_not_present,FR,12,1,0.714,0
F905366,256.77,m_135,card_present,FR,6,1,0.702,0
F905367,47.75,m_074,card_present,IT,9,0,0.719,0
F905368,93.91,m_030,card_not_present,ES,15,0,0.606,0
F905369,29.11,m_028,card_present,FR,17,0,0.769,0
F905370,7.7,m_167,wallet,FR,9,0,0.724,0
F905371,44.23,m_072,wallet,ES,1,1,0.675,0
F905372,22.66,m_004,bank_transfer,FR,15,0,0.749,0
F905373,91.05,m_164,card_present,DE,6,1,0.615,0
F905374,38.04,m_130,card_not_present,IT,23,1,0.301,0
F905375,10.46,m_155,card_not_present,DE,18,0,0.827,0
F905376,22.62,m_083,wallet,DE,17,0,0.69,0
F905377,10.97,m_138,card_present,FR,13,1,0.623,0
F905378,22.11,m_138,card_not_present,FR,3,0,0.785,0
F905379,24.86,m_125,card_not_present,BE,15,0,0.668,0
F905380,106.79,m_039,card_present,FR,8,0,0.99,0
F905381,234.17,m_029,card_not_present,FR,2,0,0.752,0
F905382,27.54,m_068,wallet,IT,22,0,1.0,0
F905383,28.66,m_101,bank_transfer,DE,12,0,0.545,0
F905384,47.95,m_120,card_not_present,FR,14,0,0.851,0
F905385,16.14,m_046,card_not_present,DE,18,0,0.529,0
F905386,94.55,m_136,card_present,,9,1,0.76,0
F905387,34.9,m_042,card_not_present,BE,13,0,0.653,0
F905388,,m_032,bank_transfer,IT,15,0,0.735,0
F905389,21.93,m_087,bank_transfer,ES,6,0,0.928,0
F905390,15.47,m_071,card_not_present,DE,12,1,0.795,0
F905391,34.51,m_039,card_not_present,IT,5,0,0.771,1
F905392,72.35,m_144,card_present,FR,17,0,0.836,0
F905393,259.67,m_107,bank_transfer,BE,5,0,0.81,0
F905394,22.22,m_102,bank_transfer,FR,14,1,0.429,0
F905395,7.85,m_153,card_present,FR,19,1,0.857,0
F905396,10.96,m_035,card_not_present,FR,16,0,1.0,0
F905397,79.98,m_000,card_not_present,FR,16,0,0.59,0
F905398,48.04,m_028,card_present,FR,14,0,0.526,0
F905399,82.41,m_111,card_not_present,DE,5,0,0.782,0
F905400,18.83,m_111,card_not_present,FR,19,0,0.883,0
F905401,4.43,m_111,card_not_present,DE,6,0,0.597,0
F905402,7.88,m_038,card_present,CH,23,0,0.795,0
F905403,70.24,m_174,card_not_present,FR,8,0,0.841,0
F905404,22.09,m_137,card_not_present,FR,15,0,0.481,0
F905405,22.71,m_167,card_not_present,FR,22,0,0.65,0
F905406,21.53,m_085,wallet,IT,14,0,0.846,0
F905407,12.87,m_032,card_present,BE,4,0,0.667,0
F905408,23.47,m_058,card_not_present,IT,8,0,0.572,0
F905409,58.32,m_137,card_present,FR,12,0,0.929,0
F905410,36.5,m_045,card_not_present,FR,8,0,0.769,0
F905411,25.04,m_078,card_not_present,FR,16,0,0.574,0
F905412,14.65,m_004,card_not_present,DE,21,0,0.935,0
F905413,18.97,m_011,card_not_present,CH,19,1,0.991,1
F905414,7.4,m_064,card_not_present,IT,21,0,0.429,1
F905415,17.99,m_133,wallet,IT,14,0,0.867,0
F905416,,m_033,card_not_present,BE,9,0,0.7,0
F905417,43.96,m_167,wallet,FR,1,1,0.524,0
F905418,24.73,m_022,card_present,BE,10,0,0.875,0
F905419,41.54,m_175,card_not_present,FR,21,0,0.543,0
F905420,75.51,m_000,card_not_present,FR,9,0,0.647,1
F905421,48.6,m_122,wallet,IT,7,0,0.757,0
F905422,14.28,m_157,card_present,DE,12,0,0.723,0
F905423,19.96,m_132,card_not_present,BE,12,0,1.0,0
F905424,12.94,m_044,card_present,FR,22,0,0.396,0
F905425,3.61,m_065,bank_transfer,FR,16,0,0.74,0
F905426,181.88,m_110,card_not_present,FR,8,0,1.0,0
F905427,41.12,m_144,card_present,FR,15,0,0.537,0
F905428,41.48,m_100,card_not_present,FR,3,0,0.579,0
F905429,33.59,m_087,card_present,FR,4,0,0.872,0
F905430,64.42,m_011,card_not_present,FR,8,0,0.878,0
F905431,47.92,m_010,card_not_present,FR,17,0,1.0,0
F905432,49.47,m_128,card_present,ES,20,0,0.296,0
F905433,112.29,m_147,card_present,ES,23,0,0.919,0
F905434,23.09,m_062,card_not_present,FR,3,0,0.585,0
F905435,61.84,m_143,card_present,FR,5,0,0.656,0
F905436,12.24,m_146,card_not_present,DE,10,0,0.769,0
F905437,76.58,m_137,card_not_present,FR,7,0,0.591,0
F905438,,m_105,card_not_present,DE,0,1,0.564,1
F905439,165.73,m_148,card_present,FR,3,0,0.722,0
F905440,13.81,m_082,wallet,CH,19,0,0.965,1
F905441,19.37,m_111,card_not_present,FR,7,0,0.696,0
F905442,161.75,m_092,card_present,ES,16,0,0.614,0
F905443,17.44,m_023,wallet,DE,16,0,0.498,0
F905444,21.31,m_057,card_present,ES,5,0,0.71,0
F905445,30.0,m_143,card_not_present,FR,15,0,0.963,0
F905446,109.9,m_088,card_not_present,FR,6,0,0.55,1
F905447,34.96,m_033,card_not_present,IT,10,0,0.555,0
F905448,6.43,m_101,wallet,DE,1,1,0.589,0
F905449,9.35,m_111,card_not_present,FR,1,0,0.868,1
F905450,125.52,m_107,card_not_present,DE,4,0,0.681,1
F905451,9.99,m_077,card_present,FR,17,1,0.91,0
F905452,81.92,m_141,card_present,IT,1,1,0.579,0
F905453,15.02,m_164,card_present,DE,10,0,0.728,0
F905454,15.38,m_057,card_present,ES,13,0,0.614,0
F905455,10.84,m_056,card_not_present,BE,23,0,0.781,0
F905456,32.24,m_016,card_not_present,FR,2,1,0.998,0
F905457,15.09,m_120,wallet,FR,15,0,0.714,0
F905458,41.07,m_120,card_present,FR,2,1,0.325,0
F905459,99.53,m_169,card_not_present,CH,9,0,0.447,0
F905460,29.05,m_109,wallet,FR,10,0,0.528,0
F905461,3.47,m_165,wallet,FR,19,0,0.785,0
F905462,14.72,m_002,wallet,FR,13,1,0.701,0
F905463,29.16,m_070,card_present,FR,22,0,0.643,0
F905464,47.21,m_127,card_present,FR,0,0,0.583,0
F905465,9.61,m_120,card_not_present,FR,1,0,0.739,0
F905466,63.94,m_064,bank_transfer,FR,19,0,0.462,0
F905467,20.88,m_130,card_not_present,CH,22,0,0.821,0
F905468,134.32,m_127,card_not_present,FR,16,0,0.675,1
F905469,69.3,m_176,card_not_present,FR,18,0,0.77,0
F905470,37.53,m_122,card_present,FR,8,0,0.682,0
F905471,27.98,m_055,bank_transfer,DE,21,0,0.467,0
F905472,42.19,m_156,card_present,FR,11,0,0.822,0
F905473,55.05,m_170,bank_transfer,DE,3,0,0.62,0
F905474,8.47,m_171,card_present,BE,19,0,0.582,0
F905475,23.78,m_062,card_not_present,ES,6,0,1.0,0
F905476,62.95,m_079,bank_transfer,FR,6,0,0.802,0
F905477,56.76,m_026,card_present,FR,22,0,0.735,0
F905478,40.53,m_101,bank_transfer,FR,11,0,0.887,0
F905479,282.7,m_079,wallet,ES,6,0,0.924,1
F905480,158.11,m_088,card_present,CH,16,0,0.499,0
F905481,19.58,m_125,card_not_present,IT,21,1,0.725,0
F905482,49.74,m_125,card_not_present,IT,4,0,0.487,0
F905483,20.0,m_125,bank_transfer,FR,19,1,0.621,0
F905484,20.88,m_151,card_not_present,FR,0,0,0.822,1
F905485,84.81,m_134,card_not_present,FR,2,0,0.581,0
F905486,29.44,m_093,card_present,CH,4,1,0.751,1
F905487,12.24,m_174,wallet,IT,6,0,0.644,0
F905488,17.45,m_163,card_present,IT,4,1,0.458,0
F905489,112.38,m_049,card_not_present,IT,3,1,0.67,0
F905490,3.51,m_036,card_not_present,CH,0,0,0.718,0
F905491,28.5,m_066,wallet,FR,1,1,0.757,0
F905492,27.76,m_007,card_present,FR,20,0,0.509,0
F905493,302.03,m_073,wallet,FR,9,0,0.734,0
F905494,16.47,m_053,card_not_present,IT,6,0,0.624,0
F905495,56.31,m_080,card_present,CH,1,0,0.4,0
F905496,18.09,m_007,card_present,FR,2,0,0.684,0
F905497,31.53,m_046,bank_transfer,FR,12,0,0.572,0
F905498,14.1,m_053,card_not_present,CH,21,0,0.706,0
F905499,31.66,m_004,card_present,FR,18,0,0.713,0
F905500,52.73,m_035,card_present,FR,22,0,1.0,0
F905501,30.74,m_105,card_not_present,CH,2,0,0.653,1
F905502,14.6,m_013,card_not_present,FR,13,0,1.0,1
F905503,6.23,m_148,bank_transfer,DE,23,0,0.457,0
F905504,18.98,m_002,card_present,FR,8,0,0.945,0
F905505,13.36,m_028,bank_transfer,IT,7,0,1.0,0
F905506,24.22,m_056,card_present,FR,8,0,0.575,0
F905507,27.57,m_081,card_present,BE,2,0,0.565,1
F905508,14.62,m_063,card_not_present,ES,1,0,0.819,0
F905509,73.3,m_080,card_not_present,DE,3,1,0.692,0
F905510,32.4,m_036,card_present,CH,20,0,0.693,0
F905511,24.81,m_050,card_not_present,ES,2,1,0.505,1
F905512,54.89,m_018,card_not_present,FR,23,0,0.995,0
F905513,43.29,m_177,card_not_present,FR,9,1,0.431,0
F905514,6.36,m_179,card_not_present,FR,20,1,0.673,0
F905515,33.35,m_056,card_not_present,FR,16,1,0.643,0
F905516,48.1,m_159,card_present,DE,19,0,0.668,0
F905517,32.23,m_084,card_not_present,FR,21,0,0.97,0
F905518,60.28,m_046,card_present,BE,20,0,0.599,0
F905519,7.84,m_017,card_not_present,DE,18,0,0.594,0
F905520,31.68,m_134,card_present,DE,7,0,1.0,0
F905521,25.82,m_046,card_not_present,FR,3,1,0.888,0
F905522,6.52,m_038,card_not_present,FR,1,0,0.633,0
F905523,14.76,m_154,bank_transfer,BE,15,0,0.262,0
F905524,7.88,m_059,card_present,IT,17,0,0.443,0
F905525,67.25,m_141,card_present,FR,11,0,0.52,0
F905526,26.28,m_131,card_not_present,FR,2,1,0.759,0
F905527,27.15,m_176,card_not_present,FR,16,1,0.447,0
F905528,162.44,m_096,card_present,BE,1,0,1.0,0
F905529,24.87,m_149,card_present,ES,13,0,0.882,0
F905530,27.54,m_034,bank_transfer,CH,8,0,0.598,0
F905531,104.63,m_001,card_not_present,ES,22,0,0.61,0
F905532,55.4,m_132,card_present,FR,15,1,0.668,0
F905533,16.51,m_019,card_present,FR,11,0,0.809,0
F905534,6.3,m_140,card_present,ES,4,0,0.33,0
F905535,161.45,m_139,card_not_present,DE,0,0,0.623,0
F905536,29.48,m_094,card_not_present,ES,4,1,0.475,0
F905537,13.22,m_136,card_present,FR,21,1,0.644,0
F905538,13.65,m_025,card_present,FR,10,0,0.97,1
F905539,50.12,m_163,card_not_present,CH,19,1,0.68,1
F905540,8.34,m_155,wallet,FR,16,0,0.591,0
F905541,21.19,m_140,card_not_present,FR,1,0,0.663,1
F905542,17.74,m_054,card_present,FR,17,0,0.442,0
F905543,3.63,m_043,card_not_present,BE,8,0,0.576,0
F905544,49.95,m_014,card_present,FR,2,1,0.954,0
F905545,84.89,m_139,card_not_present,FR,10,0,0.573,0
F905546,34.31,m_164,card_present,ES,11,0,0.79,0
F905547,51.7,m_065,wallet,DE,11,0,0.754,0
F905548,161.03,m_027,bank_transfer,FR,6,0,0.753,0
F905549,14.55,m_051,card_not_present,ES,3,0,0.836,1
F905550,44.82,m_112,card_present,FR,20,0,0.63,0
F905551,26.4,m_141,card_not_present,FR,15,0,0.533,0
F905552,1.41,m_013,card_present,CH,7,0,0.849,0
F905553,53.86,m_167,card_present,ES,20,0,0.703,0
F905554,42.63,m_144,bank_transfer,BE,2,0,0.711,0
F905555,11.69,m_056,card_present,FR,13,0,0.718,0
F905556,12.1,m_025,card_not_present,FR,7,0,0.823,0
F905557,51.67,m_121,card_not_present,ES,10,0,0.605,0
F905558,433.62,m_036,card_not_present,IT,17,0,0.381,1
F905559,10.61,m_054,card_present,IT,0,0,0.653,0
F905560,79.99,m_044,card_present,CH,19,0,0.764,0
F905561,25.33,m_044,card_present,IT,11,0,0.69,0
F905562,55.53,m_085,card_not_present,FR,3,0,0.789,0
F905563,22.18,m_106,card_present,BE,22,0,1.0,0
F905564,13.78,m_035,wallet,FR,0,1,0.824,0
F905565,367.57,m_167,bank_transfer,FR,22,0,0.549,0
F905566,90.33,m_135,card_not_present,CH,4,0,0.727,0
F905567,79.38,m_002,wallet,FR,8,0,0.717,0
F905568,52.07,m_033,card_not_present,FR,8,0,0.578,0
F905569,4.19,m_063,card_present,ES,7,0,0.439,0
F905570,217.99,m_119,card_present,FR,21,0,1.0,0
F905571,33.88,m_178,card_present,ES,17,0,0.73,0
F905572,6.37,m_087,card_present,IT,18,0,0.728,0
F905573,11.3,m_050,card_present,BE,10,0,0.515,0
F905574,31.88,m_138,card_present,,18,1,0.841,0
F905575,214.95,m_080,wallet,FR,10,0,0.431,0
F905576,22.75,m_088,card_not_present,ES,14,0,0.572,0
F905577,41.43,m_106,bank_transfer,FR,9,1,0.792,0
F905578,34.61,m_045,card_not_present,BE,11,0,0.564,0
F905579,17.16,m_065,card_not_present,IT,12,0,0.776,0
F905580,18.94,m_017,card_not_present,FR,15,1,0.578,0
F905581,49.51,m_145,card_present,FR,9,0,0.548,0
F905582,69.49,m_043,wallet,IT,1,0,0.455,0
F905583,65.27,m_138,card_not_present,IT,11,0,0.643,0
F905584,80.34,m_089,card_not_present,FR,21,1,0.812,0
F905585,11.73,m_166,bank_transfer,ES,17,0,0.745,0
F905586,58.53,m_107,card_not_present,FR,6,0,0.734,0
F905587,21.27,m_142,card_present,FR,5,0,1.0,0
F905588,13.67,m_167,wallet,FR,2,1,0.609,0
F905589,39.59,m_105,card_not_present,FR,3,1,0.402,1
F905590,34.97,m_009,wallet,FR,22,0,0.944,0
F905591,75.42,m_056,card_present,FR,18,0,0.879,0
F905592,14.08,m_086,card_not_present,ES,4,1,0.691,1
F905593,44.67,m_021,card_not_present,IT,0,0,0.554,0
F905594,2.94,m_150,card_not_present,FR,3,0,0.649,0
F905595,45.8,m_081,card_not_present,FR,9,0,0.985,0
F905596,13.55,m_026,card_not_present,DE,14,1,0.639,0
F905597,53.78,m_061,card_present,DE,14,0,0.938,1
F905598,31.52,m_068,card_not_present,FR,2,0,0.508,1
F905599,70.06,m_024,card_not_present,FR,22,0,0.689,0
F905600,84.18,m_036,card_present,CH,6,0,0.56,0
F905601,42.99,m_013,card_not_present,FR,18,0,0.995,0
F905602,24.42,m_001,card_present,BE,23,0,0.619,0
F905603,48.81,m_093,card_present,BE,17,0,0.766,0
F905604,36.54,m_092,card_not_present,BE,14,1,0.492,1
F905605,65.0,m_144,card_not_present,BE,2,1,0.558,0
F905606,,m_006,card_present,BE,12,0,0.892,0
F905607,79.67,m_113,wallet,FR,20,0,0.577,0
F905608,33.92,m_001,card_present,BE,2,0,0.988,0
F905609,47.17,m_130,card_not_present,FR,9,0,0.516,0
F905610,40.33,m_030,card_not_present,FR,4,0,0.488,0
F905611,52.0,m_058,bank_transfer,DE,11,0,0.747,0
F905612,19.94,m_121,card_present,FR,0,0,0.873,0
F905613,23.58,m_171,card_present,FR,7,0,0.742,0
F905614,6.24,m_116,card_present,IT,11,0,0.599,0
F905615,14.29,m_008,card_present,DE,19,0,0.706,0
F905616,115.97,m_045,card_not_present,FR,8,1,0.655,1
F905617,14.39,m_019,card_present,IT,4,0,1.0,0
F905618,64.57,m_001,card_present,BE,1,0,0.975,1
F905619,25.6,m_159,bank_transfer,FR,5,0,0.875,0
F905620,6.99,m_068,card_present,FR,17,0,0.92,0
F905621,,m_085,wallet,FR,9,0,0.67,0
F905622,90.45,m_042,card_present,FR,7,1,0.798,0
F905623,54.68,m_026,card_not_present,IT,19,1,0.991,0
F905624,3.58,m_094,card_not_present,,12,0,0.837,0
F905625,134.48,m_133,card_not_present,BE,14,0,0.782,0
F905626,12.3,m_048,card_present,IT,23,0,0.825,0
F905627,299.66,m_152,card_not_present,FR,10,0,0.518,1
F905628,26.65,m_086,card_not_present,BE,0,0,0.753,0
F905629,15.76,m_131,card_not_present,FR,19,0,0.568,0
F905630,55.17,m_162,card_present,ES,23,0,0.907,0
F905631,30.34,m_081,card_not_present,FR,15,0,0.886,0
F905632,78.13,m_049,card_present,FR,4,0,0.788,0
F905633,15.73,m_033,card_not_present,IT,10,0,0.365,0
F905634,29.36,m_160,card_present,ES,2,0,0.862,0
F905635,5.51,m_006,bank_transfer,FR,1,0,0.56,0
F905636,180.65,m_052,card_present,FR,15,0,0.921,0
F905637,20.18,m_115,card_present,IT,9,0,0.629,0
F905638,,m_011,card_not_present,FR,9,0,0.746,0
F905639,106.21,m_118,card_not_present,ES,16,0,0.61,1
F905640,13.6,m_058,card_not_present,DE,18,0,0.595,1
F905641,94.43,m_000,card_present,IT,12,0,1.0,0
F905642,74.86,m_074,card_not_present,FR,15,0,0.57,0
F905643,45.7,m_025,card_not_present,FR,7,0,1.0,0
F905644,33.45,m_096,card_present,FR,17,0,0.552,0
F905645,122.83,m_118,card_present,ES,16,0,0.666,0
F905646,127.44,m_055,card_not_present,IT,8,0,0.732,0
F905647,80.4,m_122,bank_transfer,CH,13,1,1.0,0
F905648,168.31,m_101,card_not_present,ES,2,0,0.635,0
F905649,31.36,m_032,card_not_present,FR,8,0,0.956,0
F905650,67.63,m_043,bank_transfer,FR,15,0,0.782,0
F905651,162.97,m_133,card_not_present,FR,1,1,0.597,0
F905652,23.93,m_019,card_present,FR,9,0,0.941,0
F905653,11.25,m_165,wallet,FR,1,0,0.574,0
F905654,13.92,m_034,card_not_present,FR,15,0,0.583,1
F905655,85.23,m_008,bank_transfer,ES,19,1,0.57,1
F905656,13.97,m_129,card_not_present,FR,6,0,0.738,0
F905657,28.53,m_140,card_not_present,CH,18,0,0.958,0
F905658,5.48,m_038,card_present,FR,5,1,0.688,0
F905659,16.72,m_139,card_not_present,FR,1,0,0.668,0
F905660,65.35,m_015,card_not_present,,18,1,0.681,1
F905661,18.28,m_081,card_not_present,ES,1,1,0.692,1
F905662,28.01,m_164,bank_transfer,DE,16,0,0.903,0
F905663,57.93,m_055,card_not_present,FR,12,0,0.792,0
F905664,34.06,m_140,wallet,DE,21,1,0.623,0
F905665,21.86,m_039,card_not_present,FR,3,0,0.584,0
F905666,41.9,m_169,card_not_present,FR,8,0,0.736,0
F905667,186.62,m_169,card_present,FR,17,0,0.661,0
F905668,33.66,m_015,card_not_present,FR,10,0,0.44,0
F905669,65.03,m_061,card_present,ES,14,0,0.865,0
F905670,8.29,m_049,bank_transfer,CH,6,0,0.813,0
F905671,90.88,m_069,card_not_present,FR,9,1,0.664,1
F905672,109.62,m_107,card_present,FR,12,0,1.0,0
F905673,59.8,m_165,card_not_present,,8,1,0.776,0
F905674,31.99,m_135,card_not_present,DE,5,1,0.604,0
F905675,9.17,m_125,card_present,FR,13,1,0.523,0
F905676,93.13,m_164,wallet,FR,5,0,0.704,1
F905677,100.79,m_168,card_not_present,FR,4,0,0.685,0
F905678,38.22,m_101,card_present,IT,18,1,0.805,0
F905679,33.94,m_067,card_present,FR,18,0,1.0,0
F905680,14.11,m_146,bank_transfer,FR,16,0,0.788,0
F905681,33.39,m_048,card_present,FR,6,0,0.445,0
F905682,81.18,m_095,wallet,FR,9,0,0.76,0
F905683,194.55,m_151,card_not_present,FR,6,0,0.698,0
F905684,83.82,m_112,card_present,FR,8,1,0.901,0
F905685,72.56,m_078,card_not_present,FR,5,0,1.0,0
F905686,25.73,m_064,card_not_present,DE,2,0,0.533,0
F905687,57.2,m_089,card_not_present,FR,6,0,0.838,0
F905688,7.02,m_127,card_present,ES,16,0,0.815,0
F905689,26.41,m_176,wallet,FR,15,1,0.479,0
F905690,45.86,m_164,bank_transfer,BE,14,0,0.95,0
F905691,32.3,m_090,card_not_present,IT,3,0,0.724,0
F905692,22.91,m_040,card_present,FR,23,0,0.684,0
F905693,101.97,m_063,card_not_present,IT,13,0,0.654,0
F905694,90.6,m_116,card_present,FR,1,0,0.772,0
F905695,43.95,m_116,card_not_present,IT,23,1,0.709,0
F905696,55.53,m_109,card_present,FR,10,0,0.659,0
F905697,81.36,m_026,card_not_present,FR,6,0,0.74,0
F905698,124.78,m_025,card_present,ES,10,0,0.925,0
F905699,47.53,m_151,card_present,FR,14,0,1.0,0
F905700,16.87,m_083,card_not_present,BE,15,0,1.0,0
F905701,141.32,m_175,card_present,FR,21,0,0.492,0
F905702,87.24,m_103,card_not_present,CH,9,0,0.555,0
F905703,135.58,m_077,card_present,FR,6,0,0.708,0
F905704,47.49,m_142,card_present,FR,23,0,0.683,0
F905705,1021.24,m_074,wallet,BE,20,0,0.807,0
F905706,19.51,m_074,card_not_present,IT,23,0,0.548,0
F905707,25.58,m_156,wallet,CH,16,0,0.861,0
F905708,13.16,m_062,card_present,FR,0,0,0.628,0
F905709,137.49,m_062,card_present,FR,6,0,0.934,0
F905710,45.39,m_161,card_not_present,FR,2,0,0.744,0
F905711,81.77,m_023,card_present,FR,23,0,0.651,0
F905712,64.07,m_107,card_present,FR,5,0,0.789,0
F905713,37.5,m_053,card_present,FR,17,0,0.731,0
F905714,,m_062,card_present,DE,15,1,0.77,0
F905715,9.08,m_169,card_present,FR,17,0,1.0,0
F905716,165.99,m_068,bank_transfer,ES,2,0,0.769,0
F905717,30.63,m_099,bank_transfer,FR,18,0,0.574,0
F905718,37.68,m_022,card_present,FR,22,0,1.0,0
F905719,113.09,m_177,card_not_present,ES,23,0,0.692,0
F905720,143.55,m_046,bank_transfer,IT,17,0,0.94,0
F905721,71.27,m_061,card_present,DE,0,0,0.944,0
F905722,24.16,m_001,card_not_present,FR,20,1,0.891,1
F905723,110.62,m_033,card_not_present,FR,6,0,0.404,0
F905724,292.13,m_008,card_not_present,FR,12,0,0.529,0
F905725,9.9,m_105,card_not_present,BE,16,1,0.876,0
F905726,69.49,m_062,card_present,CH,17,0,0.601,0
F905727,99.75,m_157,card_present,ES,0,0,1.0,0
F905728,93.36,m_163,card_present,FR,18,0,0.75,0
F905729,34.41,m_022,card_not_present,ES,11,0,0.51,0
F905730,38.17,m_006,wallet,FR,3,0,0.423,0
F905731,18.09,m_161,card_present,FR,17,0,0.709,0
F905732,74.85,m_100,card_present,FR,1,0,0.828,0
F905733,22.86,m_032,wallet,FR,5,0,0.726,0
F905734,12.01,m_066,wallet,BE,17,0,0.699,0
F905735,28.47,m_113,card_not_present,FR,9,1,0.994,0
F905736,12.32,m_106,card_not_present,FR,9,0,0.684,0
F905737,40.47,m_144,card_present,ES,1,0,0.42,0
F905738,4.16,m_110,card_present,FR,21,0,0.33,0
F905739,42.15,m_068,card_present,IT,8,0,0.32,0
F905740,432.52,m_110,card_not_present,IT,21,0,0.734,1
F905741,50.28,m_104,wallet,BE,15,0,0.786,0
F905742,78.84,m_078,card_not_present,FR,6,0,0.876,0
F905743,52.72,m_165,card_present,FR,9,0,0.598,0
F905744,29.75,m_135,card_not_present,DE,19,0,0.475,0
F905745,51.49,m_058,card_not_present,DE,21,0,1.0,0
F905746,15.66,m_145,card_present,FR,9,0,0.825,0
F905747,18.65,m_084,card_present,FR,1,0,0.487,0
F905748,43.55,m_013,card_present,ES,18,0,0.849,0
F905749,7.55,m_027,card_not_present,ES,12,0,0.982,0
F905750,10.16,m_044,card_not_present,FR,11,0,0.975,0
F905751,128.29,m_175,card_present,FR,21,0,0.619,0
F905752,3.86,m_090,bank_transfer,CH,21,1,0.668,0
F905753,33.0,m_026,card_present,BE,9,0,0.588,0
F905754,45.24,m_100,card_not_present,FR,7,0,0.553,0
F905755,19.72,m_096,card_not_present,FR,3,0,0.579,0
F905756,33.76,m_144,card_present,CH,1,1,0.887,0
F905757,5.42,m_166,card_not_present,FR,12,0,0.783,0
F905758,52.58,m_025,wallet,FR,17,0,0.739,0
F905759,19.4,m_080,card_present,BE,0,0,0.572,0
F905760,2.22,m_167,wallet,FR,20,0,0.713,1
F905761,219.39,m_066,card_not_present,FR,21,1,0.529,0
F905762,156.43,m_065,card_not_present,IT,20,0,0.53,0
F905763,10.48,m_005,card_present,CH,5,0,0.567,0
F905764,59.09,m_054,card_not_present,FR,7,0,0.525,0
F905765,11.03,m_150,bank_transfer,CH,19,0,0.699,0
F905766,24.72,m_107,card_present,ES,6,0,0.39,0
F905767,131.48,m_031,card_present,BE,8,0,0.935,0
F905768,24.28,m_058,card_not_present,FR,8,0,0.677,0
F905769,46.68,m_141,card_present,FR,18,0,0.607,0
F905770,19.84,m_012,bank_transfer,DE,20,0,0.609,0
F905771,19.33,m_128,bank_transfer,DE,15,0,0.729,0
F905772,189.14,m_116,card_not_present,FR,14,0,0.801,0
F905773,14.02,m_152,card_not_present,FR,4,0,0.579,0
F905774,99.2,m_091,card_not_present,FR,6,0,0.715,0
F905775,110.84,m_148,bank_transfer,FR,9,1,0.648,0
F905776,15.14,m_126,card_not_present,BE,11,0,0.614,0
F905777,227.61,m_009,card_not_present,BE,9,0,0.362,0
F905778,20.07,m_124,card_not_present,ES,14,1,0.858,1
F905779,211.66,m_085,bank_transfer,FR,16,0,0.964,0
F905780,,m_035,card_present,BE,13,0,0.7,0
F905781,30.1,m_104,card_not_present,DE,17,0,0.828,0
F905782,8.2,m_034,card_not_present,BE,2,0,0.493,0
F905783,71.08,m_010,card_present,FR,1,0,0.848,0
F905784,8.92,m_059,card_present,ES,15,0,0.702,0
F905785,30.94,m_166,card_present,DE,8,0,0.702,0
F905786,33.84,m_087,card_present,CH,17,0,0.508,0
F905787,5.88,m_093,card_present,ES,14,1,0.834,0
F905788,10.25,m_069,wallet,ES,19,0,1.0,0
F905789,87.9,m_056,bank_transfer,ES,20,0,0.824,0
F905790,70.85,m_024,card_not_present,CH,23,0,0.461,0
F905791,46.35,m_167,wallet,ES,8,0,0.757,0
F905792,5.77,m_177,card_not_present,FR,4,0,0.887,0
F905793,10.69,m_103,card_not_present,IT,3,0,0.86,0
F905794,83.14,m_032,card_present,CH,14,1,0.739,0
F905795,18.57,m_159,card_not_present,FR,22,1,0.678,0
F905796,62.47,m_125,card_present,CH,5,1,0.512,0
F905797,12.57,m_149,card_not_present,BE,15,0,0.765,0
F905798,32.91,m_018,card_not_present,FR,10,0,0.872,0
F905799,16.76,m_091,card_not_present,DE,9,1,0.745,0
F905800,91.63,m_077,card_present,ES,9,0,0.851,0
F905801,41.32,m_149,card_present,FR,20,1,0.665,0
F905802,,m_011,card_not_present,FR,20,0,0.662,0
F905803,30.8,m_164,card_not_present,FR,10,0,0.695,0
F905804,25.44,m_093,wallet,FR,8,0,0.687,0
F905805,16.71,m_020,card_not_present,FR,13,0,0.693,0
F905806,126.73,m_047,card_present,FR,10,0,0.948,0
F905807,17.57,m_171,card_not_present,FR,7,0,0.836,0
F905808,9.67,m_046,card_not_present,FR,1,0,1.0,0
F905809,97.64,m_173,card_present,BE,23,0,0.61,0
F905810,38.84,m_085,card_not_present,IT,9,0,0.88,0
F905811,93.22,m_047,card_not_present,ES,5,0,0.68,0
F905812,23.98,m_166,card_not_present,FR,16,1,0.768,0
F905813,15.88,m_092,wallet,FR,8,0,0.602,0
F905814,211.56,m_011,card_present,FR,11,1,0.84,0
F905815,5.0,m_171,card_not_present,BE,6,0,0.961,0
F905816,43.17,m_122,card_present,FR,11,0,0.645,0
F905817,92.01,m_179,card_not_present,IT,13,1,0.649,0
F905818,25.95,m_116,wallet,DE,0,0,0.864,0
F905819,28.32,m_158,card_not_present,CH,19,0,0.995,0
F905820,17.21,m_047,bank_transfer,IT,16,1,1.0,0
F905821,10.12,m_153,card_not_present,FR,3,0,0.682,0
F905822,119.43,m_099,card_not_present,BE,23,0,0.914,0
F905823,60.14,m_093,card_present,IT,14,0,0.714,0
F905824,95.22,m_019,card_present,FR,7,0,0.938,0
F905825,44.14,m_049,card_not_present,FR,22,0,0.629,0
F905826,51.17,m_065,card_not_present,FR,13,0,0.868,0
F905827,29.78,m_103,card_not_present,FR,21,0,0.986,0
F905828,23.91,m_037,card_present,BE,2,0,0.491,0
F905829,27.12,m_033,bank_transfer,ES,23,1,0.842,0
F905830,106.22,m_178,card_present,FR,5,0,0.436,0
F905831,47.1,m_066,card_present,IT,13,0,0.744,0
F905832,11.35,m_141,card_not_present,ES,18,0,0.725,0
F905833,14.54,m_013,wallet,DE,13,0,1.0,0
F905834,28.13,m_178,wallet,FR,10,0,0.36,0
F905835,65.85,m_041,card_not_present,FR,11,0,0.471,0
F905836,25.26,m_136,card_present,DE,12,1,0.588,0
F905837,41.59,m_087,card_not_present,FR,10,0,1.0,0
F905838,4.26,m_113,card_not_present,FR,0,1,0.872,0
F905839,62.75,m_100,card_not_present,FR,18,0,0.686,0
F905840,63.88,m_076,wallet,FR,22,0,0.671,0
F905841,47.92,m_101,card_not_present,ES,20,0,0.649,0
F905842,73.08,m_173,wallet,ES,1,1,0.758,0
F905843,180.35,m_054,card_not_present,FR,0,0,0.743,1
F905844,110.22,m_134,card_not_present,FR,0,0,0.779,0
F905845,79.28,m_133,card_not_present,FR,13,0,0.457,0
F905846,55.73,m_045,card_present,DE,17,0,0.94,0
F905847,14.52,m_055,card_present,FR,18,0,0.705,0
F905848,28.1,m_115,card_not_present,ES,22,0,0.485,0
F905849,,m_072,card_not_present,ES,17,0,0.676,1
F905850,,m_169,card_not_present,ES,21,1,0.906,0
F905851,3.49,m_076,wallet,FR,2,0,0.976,0
F905852,17.5,m_064,card_not_present,FR,11,1,0.629,0
F905853,114.91,m_103,card_not_present,IT,17,0,0.596,0
F905854,229.83,m_043,card_not_present,ES,19,0,0.431,0
F905855,358.52,m_068,bank_transfer,FR,20,0,0.874,0
F905856,263.9,m_017,wallet,IT,14,0,0.729,0
F905857,158.96,m_063,wallet,ES,4,1,0.874,0
F905858,16.74,m_101,card_present,FR,13,0,0.633,0
F905859,11.27,m_072,card_present,DE,5,1,0.624,0
F905860,22.4,m_133,card_present,IT,7,1,0.722,0
F905861,3.45,m_095,card_present,FR,8,0,0.688,0
F905862,15.76,m_170,card_present,DE,16,0,0.481,0
F905863,36.47,m_164,card_present,IT,9,0,0.655,0
F905864,9.46,m_147,card_present,FR,13,0,0.882,0
F905865,51.55,m_154,card_not_present,IT,18,0,0.656,0
F905866,36.92,m_172,bank_transfer,FR,13,0,0.679,0
F905867,158.69,m_093,card_not_present,BE,22,0,0.891,0
F905868,10.97,m_036,card_not_present,FR,12,0,0.593,0
F905869,55.8,m_024,card_present,IT,1,0,0.649,0
F905870,38.61,m_106,card_not_present,IT,2,0,0.387,1
F905871,24.53,m_053,card_present,BE,17,1,0.591,1
F905872,14.29,m_018,card_present,FR,13,0,0.427,0
F905873,11.22,m_094,bank_transfer,FR,1,1,0.703,0
F905874,15.75,m_013,card_not_present,FR,23,0,0.557,0
F905875,16.34,m_083,card_not_present,IT,19,0,0.785,0
F905876,10.56,m_095,card_not_present,FR,9,0,0.604,1
F905877,4.39,m_101,card_not_present,CH,4,0,0.403,0
F905878,12.35,m_113,card_not_present,DE,5,0,0.53,0
F905879,172.43,m_122,card_present,IT,1,0,0.755,0
F905880,128.83,m_061,card_present,IT,11,0,0.872,0
F905881,88.75,m_021,card_present,DE,2,1,0.525,0
F905882,12.28,m_159,bank_transfer,FR,20,0,0.837,0
F905883,33.07,m_005,card_not_present,CH,20,0,0.301,0
F905884,15.01,m_019,card_not_present,FR,22,0,1.0,0
F905885,16.72,m_026,card_present,FR,5,0,0.888,0
F905886,29.01,m_020,card_present,FR,3,0,0.75,0
F905887,46.83,m_131,card_present,FR,9,1,0.527,0
F905888,27.51,m_081,card_present,FR,16,0,0.771,0
F905889,3.39,m_076,card_present,FR,14,0,0.583,0
F905890,21.01,m_132,card_not_present,DE,5,1,0.814,0
F905891,254.15,m_024,wallet,FR,0,0,0.935,0
F905892,298.49,m_131,wallet,FR,15,0,0.619,0
F905893,6.21,m_103,card_not_present,CH,15,0,0.504,0
F905894,,m_051,card_not_present,FR,16,0,0.605,0
F905895,42.83,m_090,card_not_present,FR,0,0,0.442,0
F905896,39.24,m_175,card_present,DE,5,0,0.548,0
F905897,2.3,m_061,card_not_present,IT,20,0,0.638,0
F905898,34.08,m_009,card_not_present,FR,3,1,0.661,0
F905899,43.65,m_037,bank_transfer,ES,21,0,0.585,0
F905900,4.03,m_025,card_not_present,FR,20,0,0.624,0
F905901,10.66,m_117,card_not_present,FR,23,0,0.686,0
F905902,44.94,m_032,card_present,ES,23,0,0.821,0
F905903,11.36,m_024,card_present,BE,23,0,0.658,0
F905904,109.87,m_122,card_present,IT,1,0,0.57,0
F905905,55.39,m_023,card_present,CH,15,0,0.9,0
F905906,66.15,m_135,card_not_present,FR,3,0,0.615,0
F905907,13.28,m_155,card_present,CH,14,1,0.763,0
F905908,59.01,m_006,card_present,IT,20,0,0.372,0
F905909,3.24,m_026,wallet,BE,12,1,0.722,0
F905910,41.4,m_176,wallet,FR,2,0,0.959,0
F905911,176.26,m_154,card_not_present,BE,12,0,0.603,0
F905912,9.51,m_066,card_present,BE,13,0,0.964,0
F905913,30.0,m_108,card_not_present,ES,12,0,0.596,0
F905914,11.28,m_136,wallet,FR,21,0,0.54,0
F905915,32.14,m_051,card_present,FR,22,0,1.0,0
F905916,159.18,m_091,card_present,FR,16,0,0.637,0
F905917,14.94,m_057,bank_transfer,ES,18,0,1.0,0
F905918,43.51,m_014,bank_transfer,FR,6,0,0.976,0
F905919,47.66,m_042,card_not_present,CH,20,0,0.604,0
F905920,,m_146,card_not_present,FR,15,0,0.531,0
F905921,128.74,m_073,card_present,BE,6,0,0.767,0
F905922,9.76,m_097,card_not_present,DE,0,0,1.0,1
F905923,29.53,m_123,card_not_present,,6,0,0.744,1
F905924,58.19,m_023,card_not_present,FR,6,1,0.603,0
F905925,14.51,m_000,card_present,FR,12,0,0.713,0
F905926,22.66,m_078,card_not_present,FR,13,0,1.0,0
F905927,68.11,m_140,card_present,FR,20,0,0.913,0
F905928,20.73,m_129,card_present,FR,20,0,0.837,0
F905929,21.38,m_126,wallet,FR,10,0,1.0,0
F905930,9.49,m_171,card_present,BE,19,0,0.956,0
F905931,84.46,m_026,card_not_present,FR,8,0,0.651,0
F905932,22.37,m_098,card_present,ES,3,0,0.707,0
F905933,24.99,m_170,wallet,FR,2,0,0.672,0
F905934,68.1,m_045,card_present,FR,13,0,0.82,0
F905935,79.83,m_173,card_present,DE,16,0,0.915,0
F905936,98.66,m_086,card_present,IT,11,0,0.5,0
F905937,46.94,m_177,card_present,ES,15,0,0.811,0
F905938,49.9,m_075,card_not_present,IT,23,0,0.983,0
F905939,92.83,m_169,card_not_present,ES,11,0,0.579,0
F905940,51.4,m_156,bank_transfer,FR,15,0,0.406,0
F905941,56.47,m_032,card_not_present,CH,18,1,0.848,0
F905942,63.03,m_148,wallet,CH,1,0,0.808,0
F905943,17.19,m_048,card_present,ES,1,0,1.0,0
F905944,33.74,m_162,card_present,FR,5,0,0.71,0
F905945,7.67,m_135,card_not_present,CH,2,1,0.965,0
F905946,23.42,m_172,card_not_present,FR,3,0,1.0,1
F905947,18.44,m_178,card_not_present,FR,22,0,0.766,0
F905948,23.68,m_133,card_not_present,ES,19,1,0.796,0
F905949,,m_146,card_not_present,BE,9,1,0.841,0
F905950,210.52,m_081,card_not_present,CH,13,0,0.665,1
F905951,80.68,m_077,card_present,FR,14,0,0.819,0
F905952,7.98,m_033,card_not_present,BE,5,0,0.254,1
F905953,186.71,m_088,card_not_present,CH,18,0,0.459,0
F905954,8.71,m_021,card_not_present,DE,14,0,0.772,0
F905955,30.04,m_045,bank_transfer,IT,1,0,0.66,0
F905956,154.7,m_112,card_not_present,FR,9,0,0.983,0
F905957,88.62,m_168,card_not_present,FR,5,1,0.56,0
F905958,49.56,m_022,card_present,FR,15,0,0.931,0
F905959,62.28,m_037,card_present,CH,20,0,0.866,0
F905960,20.87,m_101,card_present,IT,20,0,0.929,0
F905961,9.69,m_104,card_present,DE,4,0,1.0,0
F905962,28.64,m_158,card_present,DE,14,0,0.735,0
F905963,32.11,m_178,card_not_present,IT,16,0,0.677,0
F905964,183.79,m_149,card_not_present,,7,0,0.559,1
F905965,16.76,m_022,card_not_present,DE,18,1,0.663,0
F905966,40.14,m_109,card_present,DE,3,0,0.755,0
F905967,,m_174,card_not_present,ES,15,0,0.63,0
F905968,29.01,m_121,wallet,BE,10,0,0.659,0
F905969,19.81,m_047,card_present,IT,3,1,0.565,0
F905970,7.22,m_016,card_not_present,FR,10,0,0.621,0
F905971,45.49,m_086,wallet,FR,9,0,0.791,0
F905972,18.36,m_045,card_present,FR,19,1,0.993,0
F905973,26.1,m_052,card_not_present,FR,7,0,0.609,0
F905974,8.5,m_026,card_present,IT,3,0,0.718,0
F905975,55.78,m_035,wallet,CH,19,0,0.643,0
F905976,27.15,m_092,card_not_present,IT,19,0,0.672,1
F905977,4.72,m_048,bank_transfer,CH,5,1,0.888,0
F905978,27.2,m_127,card_present,FR,15,0,0.738,0
F905979,62.61,m_122,wallet,FR,9,1,1.0,0
F905980,59.93,m_035,card_present,FR,3,0,0.663,0
F905981,11.36,m_130,card_present,IT,15,0,0.976,0
F905982,19.92,m_051,bank_transfer,FR,1,0,0.445,0
F905983,8.91,m_143,card_present,FR,15,0,0.745,0
F905984,57.55,m_158,card_not_present,FR,18,0,0.526,0
F905985,20.5,m_077,card_present,FR,22,0,1.0,0
F905986,24.53,m_086,card_not_present,FR,22,0,0.891,1
F905987,149.98,m_097,card_not_present,FR,20,0,0.462,0
F905988,12.38,m_101,card_present,BE,21,0,0.481,0
F905989,,m_017,card_not_present,BE,19,0,0.774,0
F905990,24.37,m_161,card_not_present,FR,16,1,0.757,1
F905991,47.52,m_093,card_present,FR,16,0,0.739,0
F905992,92.13,m_081,card_present,FR,4,0,0.588,0
F905993,36.5,m_121,card_not_present,DE,12,0,0.646,0
F905994,11.36,m_132,card_present,FR,22,0,1.0,0
F905995,11.42,m_146,card_not_present,FR,23,0,0.472,0
F905996,6.96,m_040,card_present,BE,17,0,0.522,0
F905997,21.18,m_112,card_present,FR,17,0,0.662,0
F905998,34.67,m_140,card_present,CH,15,1,0.781,0
F905999,36.62,m_149,card_present,FR,22,1,0.42,0
F906000,49.45,m_042,wallet,FR,8,0,0.882,0
F906001,30.94,m_111,card_present,FR,8,0,0.82,0
F906002,276.32,m_108,card_present,CH,20,1,0.613,0
F906003,15.01,m_145,bank_transfer,BE,18,0,0.619,0
F906004,104.0,m_094,card_present,FR,1,0,0.768,0
F906005,85.47,m_056,card_present,FR,15,0,0.874,0
F906006,20.93,m_041,card_not_present,FR,8,0,0.893,0
F906007,26.36,m_089,card_present,FR,18,0,1.0,0
F906008,45.99,m_121,card_present,FR,13,0,0.892,0
F906009,34.14,m_000,card_present,BE,13,0,0.864,0
F906010,135.65,m_115,card_present,DE,10,0,0.62,0
F906011,,m_173,card_present,DE,0,0,0.692,0
F906012,74.34,m_025,card_not_present,IT,11,1,1.0,0
F906013,146.8,m_142,card_present,FR,0,0,0.847,0
F906014,36.56,m_006,wallet,FR,0,0,0.615,1
F906015,13.65,m_113,card_not_present,FR,7,0,0.858,0
F906016,37.54,m_094,bank_transfer,FR,11,0,0.75,0
F906017,8.08,m_001,wallet,CH,3,0,0.689,0
F906018,20.35,m_007,card_not_present,DE,22,1,0.788,1
F906019,8.77,m_135,bank_transfer,,4,0,0.829,0
F906020,10.97,m_069,card_not_present,IT,19,0,0.831,0
F906021,54.45,m_152,card_not_present,FR,13,0,0.641,0
F906022,41.3,m_056,wallet,FR,21,0,0.827,0
F906023,49.72,m_165,card_present,FR,17,1,0.654,0
F906024,38.89,m_160,card_not_present,DE,3,0,0.265,0
F906025,,m_078,card_not_present,FR,14,0,0.76,0
F906026,17.18,m_094,card_not_present,FR,22,0,0.537,0
F906027,10.63,m_146,card_not_present,FR,20,0,1.0,0
F906028,29.32,m_109,card_not_present,ES,1,0,0.621,0
F906029,33.63,m_130,card_not_present,FR,7,0,0.956,0
F906030,23.59,m_171,card_not_present,FR,6,0,0.488,0
F906031,116.12,m_076,card_not_present,BE,1,0,0.807,0
F906032,78.43,m_146,card_not_present,IT,19,0,1.0,0
F906033,29.69,m_121,card_not_present,FR,19,0,0.686,0
F906034,,m_013,wallet,DE,18,1,0.844,0
F906035,5.63,m_118,card_present,FR,6,0,0.474,0
F906036,46.01,m_016,card_not_present,FR,6,0,0.786,0
F906037,9.19,m_158,wallet,DE,13,0,0.813,0
F906038,119.42,m_117,card_not_present,FR,8,0,0.954,0
F906039,17.1,m_076,card_present,FR,14,0,0.717,0
F906040,61.33,m_091,wallet,FR,22,0,0.846,0
F906041,9.27,m_143,card_present,FR,18,0,0.701,0
F906042,59.41,m_027,card_not_present,FR,19,0,0.903,0
F906043,255.51,m_139,card_not_present,FR,21,0,0.745,0
F906044,9.6,m_131,card_not_present,FR,18,0,0.723,0
F906045,45.13,m_100,card_present,FR,1,0,0.684,0
F906046,18.29,m_146,card_not_present,FR,12,0,0.508,0
F906047,133.46,m_155,card_not_present,IT,0,0,0.816,0
F906048,53.9,m_095,card_not_present,BE,3,0,0.574,1
F906049,87.49,m_098,card_present,FR,5,0,0.909,0
F906050,7.64,m_164,bank_transfer,FR,0,1,0.76,0
F906051,8.81,m_094,card_not_present,FR,23,0,0.493,0
F906052,120.75,m_001,card_present,BE,16,0,0.437,0
F906053,54.83,m_126,card_not_present,ES,14,1,0.474,0
F906054,118.27,m_028,card_not_present,DE,6,0,0.842,0
F906055,77.74,m_114,bank_transfer,CH,2,1,0.784,0
F906056,8.1,m_057,card_not_present,FR,21,0,0.704,0
F906057,5.67,m_014,bank_transfer,FR,13,1,0.798,0
F906058,122.22,m_071,card_not_present,BE,17,0,0.939,0
F906059,20.29,m_175,card_present,FR,21,1,0.96,0
F906060,94.02,m_020,card_not_present,FR,11,0,0.908,0
F906061,4.46,m_098,card_not_present,BE,3,0,0.372,0
F906062,33.74,m_147,card_present,DE,14,0,0.935,0
F906063,30.3,m_018,wallet,ES,15,1,0.724,0
F906064,29.85,m_020,card_not_present,FR,15,0,0.673,0
F906065,68.69,m_086,card_not_present,DE,2,0,0.698,0
F906066,13.12,m_123,wallet,FR,14,1,0.691,0
F906067,207.29,m_024,card_not_present,DE,7,0,0.799,0
F906068,11.37,m_049,card_present,FR,17,0,0.904,1
F906069,11.88,m_146,card_present,FR,12,0,0.778,0
F906070,37.7,m_145,wallet,ES,20,0,0.58,0
F906071,47.21,m_108,wallet,IT,4,0,1.0,0
F906072,8.06,m_087,wallet,CH,12,0,0.637,0
F906073,165.38,m_157,card_present,FR,6,1,0.713,0
F906074,95.76,m_136,card_present,FR,0,0,0.647,0
F906075,27.52,m_074,card_present,CH,4,0,0.625,0
F906076,2.71,m_039,card_not_present,FR,7,0,0.961,0
F906077,85.47,m_120,card_present,FR,4,0,0.855,0
F906078,29.42,m_024,card_not_present,FR,9,1,0.766,1
F906079,14.31,m_038,card_present,FR,20,0,0.816,0
F906080,22.5,m_173,card_present,FR,12,1,0.743,0
F906081,71.68,m_146,card_present,FR,7,0,0.825,0
F906082,2.72,m_112,wallet,BE,22,0,1.0,0
F906083,59.89,m_086,card_not_present,FR,21,0,0.635,0
F906084,95.65,m_098,card_not_present,ES,18,0,0.589,0
F906085,125.89,m_008,wallet,FR,7,0,0.608,0
F906086,61.62,m_177,card_not_present,FR,6,0,1.0,1
F906087,25.9,m_151,card_not_present,FR,11,0,0.846,0
F906088,99.84,m_046,bank_transfer,FR,13,0,0.749,0
F906089,14.7,m_133,card_not_present,FR,8,0,0.866,1
F906090,16.7,m_000,card_present,CH,9,0,0.833,0
F906091,40.13,m_162,card_present,ES,1,1,1.0,0
F906092,11.32,m_110,bank_transfer,FR,23,0,0.634,0
F906093,19.81,m_045,card_present,BE,9,0,0.795,0
F906094,3.47,m_117,card_not_present,DE,3,0,0.527,0
F906095,15.53,m_076,card_present,FR,23,0,0.49,0
F906096,28.44,m_034,card_not_present,ES,17,0,0.85,0
F906097,119.85,m_060,wallet,CH,1,1,0.71,0
F906098,3.85,m_015,card_not_present,IT,3,0,0.565,0
F906099,49.29,m_064,card_not_present,FR,4,0,0.837,0
F906100,64.09,m_142,card_not_present,FR,8,0,0.808,0
F906101,15.41,m_095,card_present,FR,23,1,0.937,0
F906102,43.38,m_145,wallet,FR,23,0,0.798,0
F906103,153.1,m_037,card_not_present,FR,3,0,0.635,0
F906104,102.08,m_093,card_not_present,FR,20,0,0.669,0
F906105,78.45,m_021,card_not_present,,8,0,0.702,0
F906106,70.14,m_073,bank_transfer,CH,22,0,0.635,0
F906107,27.56,m_155,card_present,IT,8,0,0.607,0
F906108,56.6,m_032,card_not_present,DE,9,0,0.73,0
F906109,,m_135,card_present,FR,12,0,0.544,0
F906110,112.93,m_037,wallet,FR,15,0,0.688,0
F906111,9.03,m_176,card_not_present,CH,9,0,0.829,0
F906112,39.93,m_173,card_present,FR,15,0,0.87,0
F906113,30.39,m_003,card_not_present,BE,16,0,0.595,1
F906114,15.01,m_153,card_not_present,FR,14,1,0.846,0
F906115,34.53,m_062,card_present,IT,6,1,0.624,0
F906116,28.82,m_102,wallet,DE,3,0,0.874,0
F906117,26.66,m_165,card_not_present,FR,15,0,0.915,0
F906118,75.17,m_053,card_present,FR,0,0,0.79,0
F906119,301.09,m_079,card_not_present,IT,20,0,0.792,0
F906120,8.72,m_004,card_not_present,IT,13,1,0.83,1
F906121,1.36,m_033,card_present,FR,1,1,0.807,0
F906122,80.53,m_173,wallet,ES,0,0,0.73,0
F906123,48.3,m_175,card_not_present,FR,21,0,0.774,0
F906124,204.31,m_149,card_not_present,ES,20,0,0.634,0
F906125,73.69,m_138,card_present,FR,1,0,0.521,0
F906126,171.88,m_083,card_not_present,CH,20,0,0.833,0
F906127,120.3,m_015,card_not_present,FR,6,0,0.491,0
F906128,10.51,m_018,wallet,FR,5,1,1.0,0
F906129,35.24,m_010,card_not_present,FR,5,0,0.709,1
F906130,27.31,m_085,card_not_present,IT,17,0,1.0,0
F906131,65.75,m_065,wallet,DE,23,0,0.627,1
F906132,31.74,m_014,wallet,CH,22,0,0.861,0
F906133,58.11,m_117,card_not_present,FR,3,0,0.688,0
F906134,42.85,m_093,card_present,DE,0,0,0.341,0
F906135,6.01,m_052,card_present,FR,4,0,0.81,0
F906136,145.71,m_009,card_not_present,DE,6,0,0.884,0
F906137,16.88,m_015,card_not_present,DE,23,0,0.524,0
F906138,222.77,m_079,card_not_present,ES,21,0,0.742,0
F906139,20.68,m_143,wallet,IT,1,1,0.65,0
F906140,136.99,m_055,card_not_present,DE,21,0,0.713,0
F906141,30.43,m_079,card_not_present,FR,2,0,0.839,0
F906142,,m_166,card_not_present,DE,11,0,0.387,0
F906143,59.31,m_136,bank_transfer,FR,11,0,0.719,0
F906144,58.26,m_169,card_not_present,ES,4,0,0.824,0
F906145,47.98,m_113,card_not_present,FR,8,1,0.84,0
F906146,52.75,m_027,card_not_present,FR,11,0,0.685,0
F906147,35.57,m_000,bank_transfer,FR,9,0,0.553,0
F906148,94.79,m_114,wallet,BE,3,1,0.289,0
F906149,20.53,m_084,wallet,FR,5,0,0.659,1
F906150,42.02,m_118,card_present,IT,3,0,0.61,0
F906151,18.76,m_082,bank_transfer,FR,5,0,0.909,0
F906152,44.04,m_028,card_present,FR,9,0,0.614,0
F906153,45.49,m_128,card_not_present,FR,17,0,0.815,0
F906154,30.72,m_170,card_not_present,FR,8,0,0.756,0
F906155,41.57,m_172,card_not_present,FR,8,0,0.458,0
F906156,6.27,m_034,card_present,DE,19,0,1.0,0
F906157,20.77,m_142,card_not_present,FR,5,0,0.743,0
F906158,26.83,m_094,card_not_present,FR,15,0,0.614,0
F906159,6.28,m_023,card_not_present,FR,13,0,0.72,0
F906160,52.41,m_105,card_not_present,FR,5,0,0.792,0
F906161,17.48,m_135,card_not_present,FR,11,0,0.603,0
F906162,43.29,m_060,card_present,FR,19,0,0.76,0
F906163,49.13,m_175,card_not_present,FR,8,0,0.755,0
F906164,69.83,m_026,card_present,DE,15,0,0.803,0
F906165,15.64,m_162,card_present,BE,4,0,0.842,0
F906166,17.51,m_043,card_present,CH,3,0,0.471,0
F906167,6.88,m_003,card_present,ES,14,0,0.488,0
F906168,,m_133,bank_transfer,ES,2,0,0.82,0
F906169,45.13,m_068,card_present,ES,6,0,0.27,0
F906170,48.93,m_010,card_not_present,FR,17,0,0.471,0
F906171,55.82,m_058,card_not_present,CH,8,0,0.897,0
F906172,16.1,m_138,card_present,FR,13,0,0.749,0
F906173,77.95,m_095,wallet,CH,21,0,0.572,0
F906174,107.81,m_094,bank_transfer,BE,8,1,0.471,0
F906175,16.4,m_038,card_present,BE,10,0,0.645,0
F906176,92.59,m_033,card_not_present,DE,11,0,0.615,0
F906177,53.4,m_012,card_present,FR,23,1,0.737,0
F906178,6.89,m_135,card_present,FR,4,0,0.881,0
F906179,11.56,m_036,card_not_present,DE,2,0,0.591,0
F906180,33.88,m_173,card_not_present,IT,21,0,0.746,0
F906181,27.76,m_054,card_not_present,FR,7,0,1.0,0
F906182,89.8,m_030,card_present,FR,16,0,0.777,0
F906183,139.96,m_156,card_present,ES,23,0,0.879,0
F906184,66.19,m_045,card_not_present,FR,0,0,0.494,0
F906185,31.11,m_098,card_present,BE,15,0,0.398,0
F906186,29.89,m_060,card_not_present,IT,5,1,0.877,0
F906187,50.82,m_003,card_not_present,IT,2,0,0.595,0
F906188,14.19,m_007,card_present,FR,4,1,0.857,0
F906189,124.83,m_030,card_not_present,FR,10,0,0.618,0
F906190,38.93,m_169,card_present,FR,3,1,0.603,0
F906191,26.91,m_118,card_present,DE,19,0,0.985,0
F906192,7.92,m_177,card_present,FR,22,1,1.0,0
F906193,21.21,m_080,card_present,FR,7,0,0.664,0
F906194,85.42,m_004,card_present,ES,5,0,0.441,0
F906195,16.64,m_054,bank_transfer,,22,0,0.674,0
F906196,10.31,m_143,wallet,FR,18,0,0.703,0
F906197,7.24,m_003,card_present,FR,17,1,0.536,0
F906198,19.96,m_009,card_not_present,FR,10,0,0.738,0
F906199,87.27,m_090,card_present,CH,13,0,0.733,0
F906200,31.38,m_122,card_present,IT,11,0,0.957,0
F906201,4.44,m_095,bank_transfer,BE,22,0,0.721,0
F906202,106.54,m_141,card_present,IT,6,0,0.79,1
F906203,25.3,m_087,wallet,FR,14,0,0.841,0
F906204,69.8,m_139,card_not_present,FR,6,1,0.999,1
F906205,20.26,m_067,wallet,FR,11,0,0.885,0
F906206,57.95,m_160,wallet,FR,23,0,1.0,0
F906207,45.31,m_011,card_not_present,IT,14,0,0.624,0
F906208,79.8,m_026,card_not_present,FR,6,0,0.781,1
F906209,56.72,m_083,card_present,FR,11,0,0.705,0
F906210,9.19,m_108,card_present,FR,17,0,0.76,0
F906211,24.63,m_130,card_not_present,BE,13,0,0.818,0
F906212,64.02,m_006,card_present,DE,16,0,0.549,0
F906213,20.31,m_002,card_present,CH,23,0,0.698,0
F906214,4.53,m_176,wallet,ES,4,0,0.676,0
F906215,3.86,m_040,card_present,FR,5,0,0.674,0
F906216,,m_046,wallet,ES,22,1,0.487,0
F906217,35.18,m_174,card_not_present,BE,15,0,0.689,0
F906218,114.33,m_098,card_not_present,FR,1,0,0.926,0
F906219,16.82,m_123,card_not_present,IT,13,0,0.626,0
F906220,33.25,m_056,card_present,FR,16,0,0.866,0
F906221,20.12,m_017,card_not_present,DE,8,0,0.858,0
F906222,20.7,m_013,card_not_present,BE,23,0,0.825,0
F906223,3.67,m_157,card_not_present,FR,19,0,0.837,1
F906224,81.11,m_042,card_present,FR,12,0,0.797,0
F906225,5.09,m_096,card_not_present,IT,15,0,0.926,0
F906226,38.01,m_071,card_not_present,FR,18,1,0.835,0
F906227,45.43,m_057,bank_transfer,DE,16,0,0.72,0
F906228,19.17,m_131,card_not_present,DE,5,0,0.705,0
F906229,29.45,m_086,wallet,FR,4,0,0.775,0
F906230,33.2,m_145,wallet,FR,22,0,0.898,0
F906231,47.51,m_121,card_present,FR,16,0,0.478,0
F906232,54.57,m_085,card_present,FR,8,0,0.819,0
F906233,11.86,m_135,card_present,FR,16,0,0.681,0
F906234,18.94,m_061,wallet,FR,21,0,0.506,0
F906235,96.15,m_107,bank_transfer,BE,6,0,0.939,0
F906236,19.56,m_044,card_not_present,FR,14,1,0.944,0
F906237,33.12,m_075,wallet,FR,6,0,0.71,0
F906238,45.87,m_132,card_not_present,IT,2,1,0.645,1
F906239,20.81,m_142,card_not_present,FR,11,0,0.501,0
F906240,18.36,m_163,card_present,FR,20,0,0.534,0
F906241,15.95,m_067,wallet,DE,0,0,0.865,0
F906242,148.44,m_156,card_not_present,ES,4,0,0.384,0
F906243,18.03,m_023,card_not_present,FR,16,0,0.874,0
F906244,22.16,m_022,card_present,FR,21,0,0.883,0
F906245,6.17,m_144,card_present,DE,4,0,0.729,0
F906246,7.19,m_088,wallet,IT,1,0,0.653,0
F906247,24.9,m_149,card_present,FR,8,1,0.732,0
F906248,91.03,m_123,card_present,FR,2,0,0.34,1
F906249,11.29,m_024,card_not_present,FR,21,0,0.552,0
F906250,34.44,m_161,card_present,IT,19,0,0.357,0
F906251,23.96,m_151,wallet,DE,8,1,1.0,0
F906252,56.22,m_103,wallet,FR,19,1,0.832,0
F906253,28.14,m_024,card_present,FR,22,0,0.721,0
F906254,30.59,m_171,card_not_present,CH,16,0,0.907,0
F906255,27.28,m_095,bank_transfer,FR,14,0,0.557,0
F906256,247.8,m_009,card_not_present,FR,16,0,0.598,0
F906257,49.67,m_045,wallet,DE,13,0,0.902,0
F906258,78.92,m_010,card_not_present,ES,8,0,1.0,0
F906259,41.72,m_081,card_present,FR,15,0,0.801,0
F906260,30.46,m_046,card_present,FR,5,1,0.951,0
F906261,21.83,m_009,card_not_present,ES,4,0,0.73,1
F906262,53.03,m_153,card_present,ES,8,0,0.997,0
F906263,49.88,m_013,card_not_present,FR,16,0,0.49,0
F906264,3.67,m_175,card_present,FR,0,0,0.556,0
F906265,8.36,m_158,card_not_present,DE,3,0,0.642,0
F906266,362.92,m_145,card_present,FR,23,1,0.765,0
F906267,63.68,m_178,card_not_present,FR,5,0,0.534,0
F906268,84.25,m_113,card_not_present,FR,11,0,0.448,0
F906269,52.28,m_021,card_not_present,FR,3,0,0.867,1
F906270,27.71,m_013,card_not_present,FR,18,0,0.828,0
F906271,62.03,m_037,card_not_present,ES,18,0,0.584,0
F906272,741.6,m_090,bank_transfer,BE,16,1,0.454,0
F906273,20.2,m_082,bank_transfer,FR,16,0,0.817,0
F906274,30.79,m_112,bank_transfer,FR,11,1,1.0,0
F906275,151.15,m_063,bank_transfer,BE,12,0,0.413,0
F906276,105.28,m_096,wallet,,23,0,0.78,1
F906277,120.02,m_136,card_not_present,FR,8,0,0.782,0
F906278,22.88,m_002,card_present,BE,2,0,0.78,0
F906279,7.53,m_173,card_not_present,IT,18,1,0.821,0
F906280,60.46,m_101,bank_transfer,FR,9,0,0.738,0
F906281,129.72,m_128,bank_transfer,BE,8,0,0.865,0
F906282,12.74,m_167,card_present,BE,19,0,0.692,0
F906283,55.09,m_059,wallet,ES,4,0,0.89,0
F906284,36.92,m_084,card_present,FR,19,0,0.685,0
F906285,26.33,m_132,card_present,FR,15,0,0.875,0
F906286,64.98,m_123,card_present,FR,11,0,0.832,0
F906287,108.41,m_008,card_not_present,IT,13,0,0.89,0
F906288,48.74,m_061,card_not_present,FR,4,1,1.0,0
F906289,63.18,m_101,card_present,FR,16,0,0.796,0
F906290,6.06,m_160,bank_transfer,ES,10,0,0.53,0
F906291,82.88,m_063,card_not_present,BE,11,1,0.79,0
F906292,27.44,m_172,card_not_present,FR,10,0,0.563,0
F906293,315.2,m_177,card_present,ES,7,0,0.807,0
F906294,27.88,m_015,wallet,CH,11,1,0.74,0
F906295,18.28,m_008,card_not_present,IT,22,0,0.904,0
F906296,54.62,m_073,card_not_present,FR,8,1,0.373,0
F906297,16.22,m_126,card_present,CH,6,1,0.95,0
F906298,42.46,m_008,wallet,IT,4,0,0.565,0
F906299,25.08,m_035,card_present,FR,20,1,0.743,0
F906300,104.2,m_124,card_not_present,FR,7,0,0.708,0
F906301,11.09,m_032,card_present,DE,13,0,0.474,1
F906302,15.51,m_045,card_not_present,FR,7,0,0.819,0
F906303,52.08,m_120,wallet,FR,21,0,0.639,0
F906304,15.7,m_008,card_present,IT,2,0,0.959,0
F906305,103.66,m_021,bank_transfer,ES,15,0,0.615,0
F906306,36.16,m_091,card_not_present,BE,20,0,0.829,0
F906307,30.63,m_044,bank_transfer,FR,11,0,0.998,0
F906308,26.46,m_042,bank_transfer,FR,22,0,0.771,0
F906309,69.19,m_097,card_not_present,FR,17,0,0.825,0
F906310,61.38,m_017,card_not_present,FR,15,0,0.838,0
F906311,54.79,m_106,card_not_present,DE,23,0,0.761,0
F906312,12.22,m_060,card_present,ES,7,0,0.481,0
F906313,98.51,m_106,card_not_present,FR,0,0,0.603,0
F906314,13.82,m_073,card_not_present,IT,12,1,0.938,0
F906315,70.08,m_152,card_not_present,FR,0,0,0.725,0
F906316,22.99,m_149,bank_transfer,FR,12,0,0.666,0
F906317,23.24,m_118,card_not_present,DE,22,0,0.538,1
F906318,39.3,m_133,card_not_present,IT,17,0,0.442,1
F906319,10.29,m_037,wallet,FR,13,1,0.522,0
F906320,74.12,m_075,wallet,IT,2,0,0.866,0
F906321,91.59,m_159,card_present,FR,19,0,0.674,0
F906322,5.81,m_154,card_present,ES,20,0,1.0,0
F906323,21.93,m_121,card_present,FR,9,0,0.714,0
F906324,23.61,m_032,card_present,DE,22,0,0.54,0
F906325,30.7,m_055,card_not_present,ES,21,1,0.814,0
F906326,35.14,m_026,card_not_present,CH,22,0,1.0,0
F906327,76.78,m_121,wallet,DE,8,1,0.396,1
F906328,31.19,m_091,wallet,FR,7,0,0.603,0
F906329,29.23,m_069,wallet,DE,10,0,0.835,0
F906330,120.52,m_047,card_not_present,DE,9,0,0.548,0
F906331,21.86,m_001,card_present,FR,12,0,0.793,0
F906332,69.11,m_072,card_present,FR,13,0,0.543,0
F906333,6.48,m_019,card_not_present,IT,15,0,0.989,0
F906334,68.79,m_024,wallet,IT,20,0,0.707,0
F906335,12.57,m_088,bank_transfer,IT,22,1,0.701,0
F906336,45.49,m_015,card_not_present,FR,12,0,0.672,1
F906337,66.03,m_049,card_present,FR,1,0,0.87,0
F906338,16.53,m_164,wallet,FR,6,0,1.0,0
F906339,20.98,m_096,card_not_present,IT,13,0,0.585,0
F906340,74.95,m_044,wallet,DE,15,0,0.427,0
F906341,43.31,m_064,card_not_present,BE,23,0,0.603,1
F906342,,m_149,card_not_present,DE,15,0,0.636,0
F906343,8.05,m_153,bank_transfer,IT,13,0,1.0,0
F906344,21.56,m_045,card_not_present,DE,1,0,0.722,0
F906345,39.87,m_162,card_not_present,FR,6,0,0.887,0
F906346,63.58,m_131,card_present,FR,7,0,0.74,0
F906347,3.74,m_097,card_not_present,DE,0,0,0.799,0
F906348,135.12,m_031,bank_transfer,FR,16,0,1.0,0
F906349,,m_034,card_not_present,CH,0,0,1.0,0
F906350,,m_000,card_not_present,DE,11,0,0.802,0
F906351,29.51,m_016,wallet,FR,3,0,0.525,0
F906352,31.68,m_011,wallet,DE,20,0,0.868,0
F906353,18.27,m_027,wallet,DE,19,0,0.986,0
F906354,129.97,m_014,card_present,FR,8,0,0.627,0
F906355,122.22,m_072,card_not_present,BE,16,0,0.692,1
F906356,148.09,m_151,card_not_present,,16,0,0.6,1
F906357,44.39,m_013,card_present,FR,6,0,0.62,0
F906358,153.43,m_101,bank_transfer,FR,15,0,0.566,0
F906359,120.9,m_134,card_not_present,FR,1,1,0.851,0
F906360,22.21,m_024,card_present,FR,11,0,0.754,0
F906361,29.56,m_100,card_present,FR,14,1,0.548,0
F906362,36.86,m_135,card_not_present,FR,17,0,0.83,0
F906363,15.16,m_083,card_not_present,FR,12,0,0.81,0
F906364,16.31,m_121,bank_transfer,DE,9,0,0.804,0
F906365,17.9,m_073,bank_transfer,FR,11,0,0.318,0
F906366,12.0,m_086,card_not_present,CH,3,0,0.931,0
F906367,20.77,m_023,card_present,FR,5,1,0.758,1
F906368,42.6,m_101,bank_transfer,FR,21,1,0.947,0
F906369,7.51,m_007,card_present,FR,19,1,0.109,0
F906370,60.32,m_164,card_present,FR,15,0,0.835,0
F906371,14.99,m_099,wallet,FR,16,1,0.863,0
F906372,6.57,m_146,card_present,IT,10,0,0.705,0
F906373,,m_029,card_not_present,FR,5,0,0.725,0
F906374,214.49,m_025,card_not_present,FR,19,0,0.894,0
F906375,14.86,m_090,card_present,FR,16,0,0.721,0
F906376,88.26,m_156,card_not_present,FR,20,0,0.754,0
F906377,43.94,m_074,card_present,DE,7,0,1.0,0
F906378,47.21,m_076,card_present,BE,16,0,0.566,0
F906379,34.88,m_148,card_present,FR,11,1,0.651,0
F906380,130.74,m_116,wallet,FR,4,0,0.633,0
F906381,9.26,m_077,card_not_present,IT,16,0,0.54,0
F906382,64.84,m_140,card_not_present,FR,11,1,0.579,0
F906383,,m_123,card_not_present,IT,22,0,0.303,0
F906384,79.12,m_077,card_present,FR,10,1,0.324,0
F906385,203.24,m_135,card_present,DE,18,0,0.638,0
F906386,21.21,m_031,card_not_present,BE,14,0,0.863,0
F906387,25.13,m_121,card_present,BE,18,0,0.713,0
F906388,30.07,m_159,wallet,FR,13,0,0.841,0
F906389,3.93,m_138,wallet,FR,0,0,0.745,0
F906390,59.54,m_007,card_present,FR,11,0,0.91,0
F906391,13.87,m_142,card_present,FR,11,0,0.841,0
F906392,15.12,m_156,card_present,FR,16,0,0.788,0
F906393,44.21,m_160,card_not_present,FR,12,0,0.398,0
F906394,53.43,m_127,card_not_present,FR,7,0,0.661,0
F906395,11.16,m_096,card_present,FR,5,0,0.875,0
F906396,73.97,m_031,card_not_present,BE,17,0,0.845,0
F906397,282.75,m_166,card_not_present,FR,3,1,0.944,0
F906398,26.86,m_109,card_present,FR,16,0,0.74,0
F906399,53.38,m_046,wallet,FR,1,0,0.852,0
F906400,12.27,m_155,bank_transfer,FR,8,0,0.684,0
F906401,141.97,m_091,bank_transfer,CH,1,0,0.735,0
F906402,45.36,m_052,card_present,DE,0,0,0.532,0
F906403,18.09,m_059,card_not_present,ES,12,0,0.772,0
F906404,27.58,m_037,card_not_present,FR,9,1,0.522,0
F906405,70.39,m_092,card_not_present,ES,10,0,0.831,1
F906406,24.97,m_107,wallet,FR,8,0,0.625,0
F906407,23.91,m_031,card_present,FR,1,0,0.706,0
F906408,25.59,m_068,card_not_present,FR,10,0,0.729,0
F906409,49.63,m_169,wallet,FR,23,1,0.679,0
F906410,8.6,m_094,bank_transfer,FR,14,0,0.715,0
F906411,80.42,m_082,card_present,FR,20,0,0.895,0
F906412,42.59,m_087,wallet,FR,15,0,0.561,0
F906413,31.24,m_158,wallet,FR,15,0,0.773,0
F906414,133.96,m_002,card_not_present,BE,15,0,0.702,0
F906415,19.08,m_066,card_not_present,FR,19,1,0.806,0
F906416,11.09,m_112,card_present,FR,22,0,0.982,0
F906417,71.66,m_008,card_not_present,BE,22,0,0.599,0
F906418,41.51,m_080,card_not_present,FR,2,0,0.772,0
F906419,33.95,m_004,card_not_present,FR,17,0,0.977,0
F906420,39.68,m_036,card_present,CH,10,0,0.717,0
F906421,8.39,m_043,card_not_present,FR,0,0,0.521,0
F906422,150.58,m_074,card_present,FR,1,0,0.804,0
F906423,76.12,m_120,card_not_present,DE,3,1,0.691,0
F906424,283.47,m_102,card_not_present,FR,5,1,0.88,0
F906425,4.33,m_027,card_not_present,ES,12,1,0.807,0
F906426,19.5,m_113,wallet,FR,23,0,0.542,0
F906427,29.37,m_069,card_present,FR,2,0,0.608,0
F906428,12.16,m_062,card_not_present,FR,22,1,0.657,0
F906429,33.55,m_083,wallet,BE,14,0,0.916,0
F906430,19.2,m_172,card_not_present,DE,21,1,0.439,0
F906431,82.32,m_006,bank_transfer,ES,19,0,0.745,0
F906432,45.1,m_143,card_not_present,IT,23,1,0.646,0
F906433,17.53,m_173,wallet,FR,14,0,0.403,0
F906434,47.2,m_017,card_not_present,DE,15,0,0.626,0
F906435,74.84,m_100,wallet,FR,12,0,0.984,0
F906436,504.11,m_059,card_not_present,DE,11,0,1.0,0
F906437,14.27,m_023,card_present,FR,17,0,0.882,0
F906438,54.66,m_020,wallet,FR,11,0,0.97,0
F906439,70.99,m_111,card_not_present,FR,14,0,0.415,1
F906440,6.18,m_161,card_present,FR,3,0,0.66,0
F906441,54.17,m_158,bank_transfer,FR,19,1,0.577,0
F906442,54.46,m_116,card_not_present,FR,2,0,0.868,0
F906443,14.96,m_171,card_not_present,DE,12,0,0.451,0
F906444,19.72,m_133,card_not_present,FR,12,0,0.847,0
F906445,23.46,m_064,card_present,FR,15,0,0.844,0
F906446,13.25,m_086,card_not_present,DE,21,0,0.603,0
F906447,27.8,m_079,card_not_present,FR,10,0,0.676,0
F906448,9.05,m_138,card_not_present,DE,15,1,0.477,0
F906449,29.31,m_166,card_not_present,ES,13,0,1.0,0
F906450,129.81,m_101,card_present,FR,22,0,0.965,0
F906451,21.93,m_175,card_present,FR,15,1,0.915,0
F906452,2.77,m_111,card_not_present,FR,9,0,0.569,0
F906453,30.03,m_060,card_present,FR,16,0,0.471,0
F906454,56.9,m_112,card_not_present,ES,4,1,0.64,0
F906455,69.75,m_079,card_present,FR,21,1,1.0,0
F906456,177.56,m_072,card_present,FR,12,0,0.823,0
F906457,150.74,m_010,wallet,ES,12,0,0.624,0
F906458,20.45,m_097,card_present,IT,6,0,0.992,0
F906459,47.75,m_039,card_not_present,FR,5,0,0.829,0
F906460,30.09,m_136,card_not_present,ES,12,1,0.819,0
F906461,14.1,m_050,card_present,IT,22,0,0.702,0
F906462,11.06,m_032,card_not_present,FR,8,0,0.591,0
F906463,21.37,m_135,card_not_present,IT,5,1,0.917,0
F906464,43.01,m_019,card_not_present,FR,6,0,0.727,0
F906465,48.95,m_005,card_not_present,FR,21,0,0.805,0
F906466,9.59,m_029,card_not_present,IT,13,0,0.956,0
F906467,34.51,m_167,bank_transfer,FR,22,1,0.878,0
F906468,61.49,m_144,card_present,FR,21,0,0.785,0
F906469,24.48,m_017,card_not_present,ES,11,0,0.658,0
F906470,84.39,m_152,card_not_present,FR,3,0,0.889,0
F906471,67.44,m_043,card_present,FR,1,1,0.764,0
F906472,74.32,m_062,card_not_present,FR,5,0,0.755,0
F906473,,m_168,card_present,FR,15,0,1.0,0
F906474,27.8,m_005,wallet,FR,12,0,0.779,0
F906475,46.43,m_079,wallet,ES,20,0,0.869,0
F906476,307.62,m_139,bank_transfer,FR,21,0,0.842,0
F906477,37.62,m_046,card_not_present,FR,0,0,0.747,0
F906478,15.81,m_012,card_present,FR,19,0,0.605,1
F906479,279.07,m_114,card_not_present,ES,3,0,0.629,1
F906480,9.51,m_177,card_present,CH,21,0,0.812,0
F906481,139.47,m_020,card_not_present,FR,21,0,0.78,0
F906482,45.84,m_172,card_not_present,DE,11,1,0.702,1
F906483,196.31,m_016,card_present,FR,18,0,0.825,0
F906484,43.17,m_157,card_present,DE,4,1,0.503,0
F906485,14.24,m_023,card_not_present,FR,22,0,0.794,0
F906486,62.69,m_092,card_present,FR,16,1,0.933,0
F906487,13.0,m_062,card_not_present,ES,14,0,0.529,0
F906488,9.32,m_012,card_present,FR,13,0,0.697,0
F906489,8.84,m_168,card_not_present,FR,9,0,0.693,0
F906490,225.9,m_172,card_not_present,FR,18,0,0.846,0
F906491,26.35,m_132,card_not_present,FR,21,0,0.755,0
F906492,45.15,m_129,wallet,BE,8,0,1.0,0
F906493,34.97,m_040,card_present,IT,2,0,0.632,0
F906494,86.5,m_157,card_not_present,CH,1,1,0.919,0
F906495,68.73,m_170,card_present,FR,4,0,0.989,0
F906496,92.01,m_146,wallet,FR,22,0,1.0,0
F906497,39.55,m_008,card_not_present,DE,19,0,0.519,0
F906498,7.96,m_047,card_present,CH,11,0,0.718,0
F906499,41.02,m_104,card_present,FR,19,0,0.676,0
F906500,28.43,m_151,card_not_present,CH,21,0,0.696,0
F906501,11.28,m_075,card_not_present,FR,11,1,0.938,0
F906502,202.94,m_079,card_not_present,ES,3,0,0.775,1
F906503,5.69,m_006,card_present,FR,22,1,0.785,0
F906504,40.05,m_040,card_not_present,FR,17,0,0.637,0
F906505,415.45,m_128,card_not_present,BE,20,0,0.64,1
F906506,51.73,m_139,bank_transfer,FR,13,1,0.644,0
F906507,161.06,m_155,bank_transfer,FR,7,1,0.945,1
F906508,87.38,m_107,card_present,FR,9,0,0.576,0
F906509,13.62,m_100,card_present,FR,15,0,0.898,0
F906510,39.34,m_132,card_not_present,CH,23,0,0.984,0
F906511,9.98,m_147,card_present,FR,12,0,0.835,0
F906512,204.83,m_013,card_not_present,FR,10,0,0.863,0
F906513,44.08,m_111,card_not_present,FR,5,0,0.745,0
F906514,384.61,m_105,card_not_present,FR,2,0,0.79,0
F906515,137.37,m_090,card_present,FR,13,0,0.565,0
F906516,125.15,m_007,bank_transfer,IT,13,0,0.697,0
F906517,30.29,m_032,card_not_present,BE,6,0,0.761,0
F906518,123.67,m_046,card_not_present,FR,16,0,0.69,1
F906519,5.64,m_161,card_not_present,FR,2,0,0.665,0
F906520,21.81,m_004,card_present,DE,17,0,0.532,0
F906521,156.58,m_110,card_present,CH,10,1,0.6,0
F906522,10.19,m_035,card_present,FR,20,0,0.477,0
F906523,82.86,m_026,card_not_present,CH,8,0,0.486,0
F906524,93.01,m_160,card_not_present,DE,10,0,0.624,0
F906525,44.62,m_165,card_present,BE,15,0,0.476,0
F906526,4.89,m_149,card_not_present,FR,3,0,0.787,0
F906527,58.51,m_051,card_not_present,FR,0,0,0.468,0
F906528,11.5,m_160,card_not_present,FR,17,1,0.843,0
F906529,234.82,m_132,card_not_present,BE,23,0,0.513,0
F906530,121.17,m_079,card_not_present,BE,5,0,0.926,0
F906531,9.57,m_025,card_not_present,ES,7,0,0.688,0
F906532,3.69,m_064,card_not_present,FR,13,0,0.854,0
F906533,17.94,m_032,card_not_present,FR,0,1,0.531,1
F906534,14.6,m_053,card_present,ES,10,0,0.756,0
F906535,11.69,m_128,card_present,FR,21,0,0.748,0
F906536,24.98,m_037,card_present,FR,13,0,0.833,0
F906537,37.15,m_135,card_present,IT,16,0,0.714,0
F906538,101.78,m_122,card_not_present,FR,13,0,0.548,0
F906539,37.94,m_149,card_not_present,FR,17,0,0.988,0
F906540,44.42,m_153,card_not_present,FR,3,0,0.766,1
F906541,159.36,m_137,bank_transfer,CH,11,1,0.735,1
F906542,,m_168,bank_transfer,FR,13,0,0.729,0
F906543,23.37,m_074,card_present,FR,10,0,0.873,0
F906544,337.56,m_054,card_present,FR,14,1,0.934,0
F906545,180.74,m_172,wallet,FR,7,0,0.903,0
F906546,21.55,m_040,card_present,FR,9,0,0.827,0
F906547,42.75,m_131,card_not_present,DE,14,0,0.752,0
F906548,70.65,m_160,card_not_present,IT,1,0,0.842,1
F906549,77.7,m_006,bank_transfer,ES,13,0,0.654,1
F906550,20.12,m_021,wallet,FR,3,0,0.646,0
F906551,15.65,m_111,card_present,FR,17,0,0.569,0
F906552,31.0,m_152,card_not_present,IT,19,0,0.978,0
F906553,46.78,m_165,card_present,FR,18,1,0.754,0
F906554,21.98,m_073,card_present,FR,5,0,1.0,0
F906555,23.02,m_131,card_present,DE,2,0,0.669,0
F906556,20.1,m_000,card_not_present,FR,16,0,0.799,1
F906557,98.26,m_031,wallet,IT,11,0,0.576,0
F906558,16.05,m_169,card_present,BE,23,1,0.825,0
F906559,68.44,m_153,bank_transfer,FR,9,0,0.814,0
F906560,45.5,m_122,card_present,CH,23,0,0.826,0
F906561,56.87,m_084,card_not_present,FR,9,0,0.488,0
F906562,30.41,m_029,card_not_present,DE,18,0,0.689,0
F906563,10.16,m_127,card_present,FR,23,0,0.866,0
F906564,188.96,m_145,card_present,ES,17,0,0.935,0
F906565,31.33,m_070,card_not_present,FR,0,1,0.8,0
F906566,22.06,m_023,card_not_present,IT,0,0,0.566,0
F906567,38.05,m_136,card_present,FR,12,0,0.706,0
F906568,39.86,m_041,card_present,BE,18,0,0.589,0
F906569,21.15,m_138,card_not_present,FR,10,0,0.778,0
F906570,35.32,m_013,card_not_present,FR,11,0,0.782,0
F906571,81.14,m_045,card_not_present,FR,2,0,0.519,0
F906572,27.02,m_047,card_not_present,FR,3,0,0.817,0
F906573,47.27,m_100,card_not_present,FR,22,1,0.504,0
F906574,65.78,m_032,card_not_present,FR,17,1,0.666,0
F906575,156.3,m_174,card_present,ES,0,0,0.782,0
F906576,60.77,m_018,card_present,FR,15,0,0.621,0
F906577,76.54,m_133,card_not_present,FR,9,0,1.0,0
F906578,10.66,m_040,card_not_present,FR,12,0,0.528,0
F906579,110.11,m_059,wallet,CH,14,1,0.369,0
F906580,27.38,m_174,card_not_present,DE,11,0,0.689,0
F906581,29.65,m_152,card_present,FR,15,0,0.515,0
F906582,22.55,m_104,card_not_present,IT,16,1,0.801,0
F906583,14.96,m_179,card_present,IT,18,0,0.506,0
F906584,11.48,m_096,wallet,CH,9,0,0.892,0
F906585,15.83,m_150,card_present,FR,0,0,0.749,0
F906586,45.37,m_123,card_present,FR,2,0,0.639,0
F906587,22.55,m_103,card_not_present,BE,0,0,0.743,0
F906588,91.44,m_000,card_present,DE,20,1,0.745,0
F906589,96.72,m_157,bank_transfer,BE,3,0,0.627,0
F906590,33.09,m_062,card_not_present,FR,0,0,0.785,0
F906591,10.34,m_166,card_not_present,FR,1,0,0.829,0
F906592,60.39,m_127,card_not_present,DE,7,1,0.222,0
F906593,42.03,m_013,card_not_present,DE,19,0,0.527,0
F906594,17.67,m_003,card_not_present,IT,8,0,1.0,0
F906595,58.54,m_158,bank_transfer,FR,20,0,0.221,0
F906596,10.41,m_065,card_not_present,FR,19,0,0.661,0
F906597,63.62,m_077,bank_transfer,IT,3,0,0.702,0
F906598,12.3,m_088,card_not_present,BE,11,0,0.61,1
F906599,22.3,m_052,card_present,FR,5,0,0.652,0
F906600,71.59,m_049,card_not_present,BE,16,0,0.957,0
F906601,3.01,m_031,card_not_present,ES,10,0,0.666,0
F906602,16.88,m_177,wallet,DE,20,1,0.817,0
F906603,85.96,m_129,card_not_present,DE,7,0,0.344,0
F906604,48.2,m_018,card_not_present,IT,14,0,0.736,1
F906605,93.02,m_129,card_not_present,FR,2,1,0.687,0
F906606,7.54,m_073,card_not_present,FR,1,0,0.86,0
F906607,22.52,m_103,card_not_present,IT,15,0,0.906,0
F906608,,m_132,card_not_present,IT,12,0,0.803,0
F906609,10.72,m_044,card_not_present,IT,23,1,0.566,0
F906610,23.17,m_099,wallet,BE,13,0,0.765,0
F906611,120.02,m_016,card_not_present,FR,19,1,0.735,0
F906612,48.32,m_008,card_not_present,CH,11,0,0.485,0
F906613,44.7,m_029,card_present,FR,8,0,0.696,0
F906614,18.83,m_043,card_not_present,FR,10,1,0.796,0
F906615,83.91,m_046,card_not_present,FR,10,0,0.75,0
F906616,44.75,m_126,card_not_present,IT,8,0,0.742,0
F906617,38.23,m_020,card_not_present,FR,23,1,0.596,0
F906618,18.86,m_139,card_present,FR,19,1,1.0,0
F906619,47.65,m_045,card_not_present,FR,0,0,0.958,0
F906620,44.59,m_025,card_not_present,FR,10,0,0.459,0
F906621,19.28,m_160,card_not_present,FR,10,0,0.911,0
F906622,95.64,m_058,card_not_present,FR,11,0,0.808,0
F906623,36.14,m_082,card_not_present,ES,4,1,0.683,0
F906624,42.37,m_048,card_present,DE,20,1,0.878,0
F906625,74.28,m_148,wallet,FR,2,0,0.974,0
F906626,47.6,m_142,bank_transfer,FR,2,0,0.844,0
F906627,52.36,m_049,card_not_present,BE,17,0,0.672,0
F906628,13.6,m_069,card_not_present,FR,14,0,0.81,0
F906629,62.43,m_060,card_present,FR,9,1,0.907,0
F906630,97.46,m_045,bank_transfer,FR,22,0,0.957,0
F906631,10.17,m_149,card_present,ES,5,0,0.581,0
F906632,21.97,m_178,card_not_present,FR,6,0,0.841,0
F906633,43.9,m_065,wallet,FR,4,0,0.74,0
F906634,22.89,m_148,card_present,CH,4,0,0.527,0
F906635,32.07,m_018,card_not_present,BE,17,0,0.821,0
F906636,35.55,m_089,card_not_present,FR,11,1,0.964,0
F906637,147.35,m_157,card_present,CH,2,0,0.579,0
F906638,32.89,m_077,card_not_present,FR,1,0,1.0,0
F906639,44.45,m_121,card_present,ES,18,0,0.663,0
F906640,10.26,m_099,card_not_present,FR,16,0,0.677,0
F906641,16.14,m_079,bank_transfer,FR,21,0,0.491,0
F906642,40.95,m_087,card_not_present,IT,8,0,0.578,0
F906643,68.48,m_016,wallet,FR,5,0,0.64,0
F906644,13.41,m_079,card_not_present,ES,5,0,0.545,0
F906645,20.63,m_097,wallet,IT,23,1,0.844,0
F906646,123.99,m_135,card_present,FR,21,0,0.648,0
F906647,34.37,m_039,card_present,FR,4,0,0.741,0
F906648,53.04,m_046,card_present,FR,10,0,0.578,0
F906649,19.85,m_096,card_present,FR,12,0,0.596,0
F906650,115.94,m_030,card_present,BE,5,0,1.0,0
F906651,,m_049,card_not_present,DE,19,0,0.394,0
F906652,38.86,m_149,wallet,IT,15,1,0.577,0
F906653,27.45,m_118,card_present,DE,6,0,0.614,0
F906654,20.49,m_006,card_present,FR,11,0,0.88,0
F906655,204.16,m_098,wallet,DE,0,0,0.365,0
F906656,5.79,m_030,card_not_present,BE,12,0,0.744,0
F906657,14.26,m_026,wallet,FR,12,0,0.641,0
F906658,28.7,m_071,card_present,FR,10,1,0.746,0
F906659,207.26,m_003,card_present,FR,12,0,0.587,0
F906660,30.83,m_004,card_present,DE,11,0,0.673,0
F906661,13.56,m_125,card_not_present,FR,3,1,0.731,0
F906662,42.37,m_103,card_not_present,FR,16,0,0.519,0
F906663,83.34,m_112,card_not_present,DE,21,0,0.725,0
F906664,6.85,m_017,card_present,FR,10,1,0.859,0
F906665,20.87,m_064,wallet,BE,19,1,0.66,0
F906666,9.76,m_110,card_not_present,FR,23,0,0.55,0
F906667,50.6,m_063,card_not_present,FR,22,0,0.407,0
F906668,36.51,m_056,wallet,CH,19,0,0.586,0
F906669,42.32,m_046,card_present,FR,7,1,0.772,0
F906670,17.2,m_096,wallet,BE,16,1,0.647,0
F906671,98.39,m_143,card_present,FR,18,0,0.815,0
F906672,39.73,m_059,card_not_present,DE,9,0,0.84,0
F906673,51.33,m_064,card_not_present,BE,3,0,0.345,0
F906674,22.12,m_174,card_not_present,IT,7,0,0.888,0
F906675,53.36,m_067,card_present,DE,16,0,0.922,0
F906676,93.3,m_161,card_present,FR,20,0,0.638,0
F906677,66.55,m_037,card_present,FR,3,0,1.0,0
F906678,279.51,m_003,card_present,DE,4,0,0.489,0
F906679,10.89,m_137,card_not_present,BE,22,0,0.599,0
F906680,21.42,m_090,card_not_present,FR,23,0,0.861,0
F906681,8.17,m_115,card_not_present,FR,21,0,0.657,0
F906682,54.6,m_113,card_present,DE,22,0,0.671,0
F906683,3.28,m_017,card_not_present,FR,9,0,0.7,0
F906684,50.42,m_058,card_not_present,FR,3,0,0.536,1
F906685,7.33,m_099,card_present,BE,14,0,0.87,0
F906686,12.59,m_155,bank_transfer,ES,3,0,1.0,0
F906687,48.51,m_100,card_not_present,ES,20,0,0.767,0
F906688,91.23,m_028,wallet,BE,13,0,0.649,0
F906689,54.67,m_144,wallet,FR,3,0,0.773,0
F906690,15.86,m_008,card_not_present,FR,19,0,0.834,0
F906691,42.36,m_022,card_not_present,CH,19,1,0.56,0
F906692,23.86,m_158,card_not_present,FR,1,0,0.266,0
F906693,8.02,m_063,card_present,FR,1,1,0.789,0
F906694,22.02,m_025,card_present,DE,11,0,0.775,0
F906695,60.68,m_153,card_not_present,FR,22,0,0.786,0
F906696,84.88,m_172,card_not_present,BE,12,0,0.975,0
F906697,63.54,m_087,card_not_present,FR,20,1,0.512,1
F906698,25.37,m_114,card_present,FR,0,1,0.898,0
F906699,43.47,m_043,card_not_present,FR,11,0,0.876,0
F906700,63.31,m_066,card_present,FR,8,1,0.631,1
F906701,11.74,m_147,card_present,IT,22,0,0.654,0
F906702,381.48,m_064,card_not_present,BE,16,0,0.704,1
F906703,63.66,m_144,card_not_present,DE,5,0,0.666,0
F906704,151.06,m_115,card_not_present,FR,2,1,0.38,0
F906705,49.37,m_064,card_not_present,FR,5,0,0.716,0
F906706,12.66,m_103,card_not_present,FR,11,0,0.815,0
F906707,10.53,m_120,card_not_present,FR,3,0,0.934,0
F906708,148.43,m_018,card_present,FR,18,0,0.619,0
F906709,25.12,m_123,card_present,FR,14,0,0.824,0
F906710,44.23,m_060,card_present,BE,18,0,0.504,0
F906711,48.02,m_160,card_present,FR,17,0,0.581,0
F906712,135.44,m_037,card_present,IT,10,1,0.415,0
F906713,94.72,m_013,card_present,DE,20,0,0.76,0
F906714,11.06,m_057,card_not_present,CH,9,1,0.552,0
F906715,25.57,m_088,card_present,,18,0,0.803,0
F906716,6.68,m_116,card_not_present,FR,19,0,0.523,0
F906717,12.44,m_117,card_not_present,FR,14,0,0.788,0
F906718,17.31,m_076,card_present,BE,7,0,0.497,0
F906719,64.9,m_089,card_not_present,FR,5,0,0.686,0
F906720,42.5,m_154,card_not_present,FR,23,1,0.747,0
F906721,123.84,m_065,card_present,FR,4,0,0.771,0
F906722,181.35,m_043,wallet,BE,12,1,0.728,0
F906723,31.78,m_021,card_not_present,,19,0,0.728,0
F906724,35.82,m_021,card_present,FR,5,0,0.674,1
F906725,57.14,m_124,card_present,BE,1,0,0.494,1
F906726,60.98,m_060,card_not_present,FR,0,0,0.731,1
F906727,34.23,m_117,wallet,DE,12,0,0.936,0
F906728,119.88,m_176,card_not_present,ES,13,0,0.771,0
F906729,31.86,m_095,card_not_present,IT,8,0,1.0,1
F906730,9.79,m_097,card_present,FR,4,1,0.487,0
F906731,28.64,m_122,bank_transfer,ES,2,0,0.789,0
F906732,22.24,m_085,card_not_present,FR,12,1,0.961,0
F906733,306.09,m_160,bank_transfer,FR,21,1,0.503,0
F906734,38.36,m_084,card_not_present,FR,14,0,0.565,1
F906735,31.26,m_150,card_not_present,FR,8,0,0.727,0
F906736,6.88,m_052,wallet,DE,5,0,0.592,0
F906737,105.26,m_093,card_not_present,IT,13,1,0.755,0
F906738,105.24,m_173,bank_transfer,DE,16,0,0.562,0
F906739,64.43,m_171,card_not_present,CH,6,0,0.549,0
F906740,622.01,m_011,card_not_present,IT,14,0,0.67,0
F906741,11.47,m_092,card_present,FR,14,0,0.871,0
F906742,42.99,m_035,bank_transfer,FR,6,0,0.743,0
F906743,34.18,m_027,card_not_present,FR,19,0,0.694,0
F906744,,m_100,card_present,ES,7,0,0.613,0
F906745,30.89,m_078,card_present,FR,11,1,1.0,0
F906746,36.84,m_046,card_not_present,DE,19,0,0.755,0
F906747,112.21,m_134,card_not_present,FR,1,0,0.827,0
F906748,150.45,m_129,card_not_present,DE,21,1,0.715,0
F906749,17.46,m_063,card_present,FR,16,0,0.883,0
F906750,20.8,m_121,card_not_present,FR,15,0,0.554,0
F906751,36.04,m_068,card_not_present,FR,0,0,0.648,0
F906752,27.22,m_164,card_not_present,ES,18,1,1.0,0
F906753,23.04,m_149,card_not_present,ES,15,0,0.458,0
F906754,56.42,m_075,bank_transfer,FR,6,0,0.72,1
F906755,21.82,m_075,card_not_present,FR,20,0,0.683,0
F906756,32.96,m_146,card_present,FR,0,0,0.766,0
F906757,21.91,m_072,card_present,CH,17,0,0.742,0
F906758,145.17,m_155,card_not_present,FR,23,0,0.82,0
F906759,225.61,m_123,card_not_present,FR,2,0,0.658,1
F906760,0.91,m_115,card_not_present,FR,2,0,0.733,0
F906761,,m_124,wallet,FR,21,0,0.942,0
F906762,22.87,m_152,card_present,DE,7,0,0.782,0
F906763,35.94,m_054,wallet,IT,16,0,0.778,0
F906764,87.82,m_055,card_not_present,FR,0,0,1.0,0
F906765,40.73,m_077,card_not_present,DE,17,0,0.651,0
F906766,17.65,m_067,card_not_present,FR,11,0,0.908,0
F906767,96.92,m_130,wallet,DE,14,0,0.412,0
F906768,13.24,m_112,card_present,FR,22,0,0.483,0
F906769,30.36,m_147,wallet,FR,7,0,0.756,0
F906770,70.53,m_003,card_not_present,FR,8,0,0.833,0
F906771,34.32,m_162,card_present,FR,5,0,0.701,0
F906772,48.63,m_148,card_present,ES,6,0,0.724,0
F906773,97.65,m_168,card_present,BE,20,0,0.595,0
F906774,175.45,m_020,card_not_present,DE,19,0,0.383,0
F906775,58.78,m_168,card_not_present,FR,21,0,0.802,0
F906776,,m_057,card_not_present,FR,12,1,0.527,0
F906777,27.25,m_125,card_present,CH,20,0,0.37,0
F906778,126.54,m_022,card_present,FR,4,0,0.397,0
F906779,10.83,m_008,card_not_present,FR,9,0,0.843,0
F906780,6.61,m_122,wallet,BE,2,0,0.647,1
F906781,90.85,m_169,card_not_present,FR,9,0,0.659,0
F906782,30.46,m_009,wallet,FR,3,0,0.625,0
F906783,126.86,m_063,card_not_present,FR,3,1,0.578,0
F906784,140.94,m_024,card_present,FR,0,0,0.7,0
F906785,22.62,m_113,card_not_present,BE,8,0,0.714,0
F906786,37.13,m_004,card_not_present,FR,3,0,0.701,0
F906787,72.41,m_129,card_present,CH,20,0,0.648,0
F906788,95.98,m_101,bank_transfer,CH,11,0,0.552,0
F906789,28.19,m_028,card_present,FR,20,0,0.696,0
F906790,41.5,m_120,card_not_present,FR,18,0,0.897,0
F906791,21.35,m_086,card_not_present,FR,12,0,0.83,0
F906792,132.44,m_059,card_not_present,DE,6,0,0.406,0
F906793,110.11,m_019,card_not_present,DE,20,1,0.788,1
F906794,124.35,m_002,card_not_present,FR,8,0,0.536,0
F906795,,m_034,card_not_present,FR,22,0,0.585,0
F906796,26.3,m_061,wallet,FR,14,0,0.573,0
F906797,147.01,m_026,card_not_present,BE,20,0,0.739,0
F906798,119.98,m_103,card_not_present,IT,2,0,0.943,0
F906799,7.54,m_113,card_not_present,ES,4,1,0.826,1
F906800,51.46,m_008,wallet,FR,19,0,0.877,0
F906801,15.27,m_082,card_not_present,ES,19,1,0.745,1
F906802,126.76,m_151,card_not_present,FR,1,0,0.886,1
F906803,14.24,m_033,card_not_present,FR,19,0,0.667,0
F906804,16.95,m_173,card_not_present,FR,4,0,0.871,0
F906805,,m_163,card_not_present,FR,14,0,0.829,0
F906806,137.21,m_112,card_not_present,FR,22,0,0.957,0
F906807,4.38,m_021,bank_transfer,FR,2,0,0.768,1
F906808,115.39,m_114,card_not_present,CH,22,0,0.56,0
F906809,59.95,m_041,card_not_present,FR,16,0,0.775,0
F906810,16.94,m_113,card_present,ES,14,0,0.735,0
F906811,33.13,m_081,card_not_present,FR,10,1,1.0,0
F906812,21.9,m_164,card_not_present,BE,22,1,0.722,0
F906813,13.96,m_131,wallet,FR,22,0,0.809,0
F906814,28.42,m_063,wallet,DE,4,0,0.66,0
F906815,160.64,m_099,card_present,BE,4,0,0.818,0
F906816,48.51,m_151,card_not_present,BE,23,1,0.632,0
F906817,150.97,m_022,card_not_present,FR,5,0,0.843,0
F906818,8.19,m_024,wallet,FR,17,0,0.94,0
F906819,68.56,m_136,card_not_present,FR,22,0,0.817,0
F906820,5.14,m_033,card_present,FR,16,0,0.84,0
F906821,173.63,m_065,card_not_present,IT,6,0,0.428,0
F906822,25.4,m_094,card_not_present,FR,23,0,0.611,0
F906823,6.14,m_016,card_present,ES,15,0,0.803,0
F906824,51.75,m_173,card_present,FR,10,0,0.691,0
F906825,77.28,m_033,card_not_present,DE,23,0,0.666,0
F906826,45.28,m_136,card_not_present,FR,9,0,0.908,0
F906827,16.16,m_116,card_present,ES,22,0,0.639,0
F906828,86.4,m_019,card_not_present,FR,18,0,0.582,0
F906829,203.77,m_089,bank_transfer,IT,9,0,0.875,0
F906830,116.51,m_177,card_not_present,FR,15,0,0.551,0
F906831,54.36,m_016,card_present,FR,6,0,0.469,0
F906832,4.87,m_176,card_not_present,CH,9,0,1.0,0
F906833,47.17,m_096,card_not_present,ES,11,0,1.0,0
F906834,5.05,m_073,card_not_present,IT,15,0,0.697,0
F906835,7.12,m_060,card_not_present,FR,15,0,0.845,0
F906836,30.6,m_047,card_not_present,FR,2,0,0.924,0
F906837,78.25,m_028,wallet,FR,22,0,0.595,1
F906838,21.26,m_120,card_present,ES,18,0,0.295,0
F906839,84.85,m_125,card_present,FR,7,0,0.479,0
F906840,,m_081,card_present,DE,22,0,0.326,0
F906841,35.04,m_105,bank_transfer,FR,17,0,0.691,0
F906842,40.38,m_098,wallet,IT,11,0,0.52,0
F906843,218.4,m_025,card_not_present,IT,23,0,0.769,0
F906844,30.92,m_131,bank_transfer,IT,3,0,0.896,0
F906845,54.75,m_136,card_present,FR,2,0,0.544,0
F906846,30.62,m_078,card_not_present,FR,11,0,0.526,0
F906847,31.4,m_078,card_present,FR,20,0,0.851,0
F906848,86.05,m_128,card_present,ES,18,0,0.597,0
F906849,19.7,m_075,card_present,FR,3,1,0.63,0
F906850,348.64,m_130,card_not_present,FR,20,0,0.743,1
F906851,35.59,m_084,card_not_present,IT,2,0,0.669,0
F906852,56.42,m_010,card_present,ES,19,0,0.826,0
F906853,36.53,m_069,card_present,CH,14,0,0.764,0
F906854,12.25,m_130,card_not_present,CH,12,0,0.727,0
F906855,30.11,m_174,card_not_present,FR,20,1,0.373,0
F906856,51.52,m_095,bank_transfer,FR,18,0,0.519,0
F906857,591.07,m_081,bank_transfer,DE,12,0,0.642,0
F906858,32.68,m_020,card_not_present,FR,12,1,0.81,0
F906859,66.84,m_062,card_present,BE,22,0,0.554,0
F906860,10.02,m_053,card_not_present,DE,13,0,0.905,0
F906861,270.36,m_143,wallet,DE,12,0,0.781,0
F906862,14.35,m_134,wallet,FR,1,0,0.878,0
F906863,46.82,m_162,card_present,FR,21,1,0.387,1
F906864,8.75,m_141,card_present,DE,11,0,1.0,0
F906865,22.33,m_116,card_present,ES,21,0,1.0,0
F906866,96.03,m_087,card_present,FR,14,0,0.64,0
F906867,49.52,m_113,wallet,ES,23,0,0.733,0
F906868,100.83,m_052,card_not_present,IT,11,1,0.742,0
F906869,3.79,m_040,card_present,FR,0,0,0.746,0
F906870,61.85,m_123,wallet,FR,0,1,0.623,0
F906871,63.98,m_095,card_present,FR,10,0,0.665,0
F906872,69.13,m_091,card_not_present,CH,23,0,0.625,0
F906873,41.87,m_128,card_not_present,BE,10,0,0.386,1
F906874,218.5,m_029,card_present,IT,8,0,0.607,0
F906875,12.33,m_083,card_not_present,FR,3,0,0.507,0
F906876,36.2,m_059,card_present,DE,9,0,0.733,0
F906877,,m_092,card_not_present,IT,9,0,0.61,0
F906878,50.4,m_106,card_present,FR,9,0,0.684,0
F906879,59.2,m_047,card_present,FR,20,0,0.957,0
F906880,76.0,m_112,card_not_present,FR,20,0,0.825,0
F906881,44.45,m_006,card_present,FR,4,0,0.779,0
F906882,9.4,m_149,card_not_present,FR,6,0,0.668,0
F906883,142.07,m_062,card_present,FR,6,0,0.899,0
F906884,33.79,m_096,card_not_present,FR,23,0,0.849,1
F906885,44.23,m_033,card_present,FR,10,0,0.775,0
F906886,37.49,m_118,card_not_present,FR,22,0,0.818,0
F906887,26.16,m_011,bank_transfer,FR,0,0,0.605,0
F906888,13.19,m_014,card_present,FR,3,1,0.882,0
F906889,2.59,m_176,bank_transfer,FR,12,0,0.698,0
F906890,32.59,m_102,card_present,FR,21,0,0.831,0
F906891,49.17,m_020,wallet,DE,20,0,1.0,0
F906892,16.91,m_170,card_present,CH,1,0,0.731,0
F906893,92.22,m_105,card_not_present,FR,4,0,0.829,0
F906894,36.85,m_110,card_present,FR,0,0,0.826,0
F906895,4.53,m_115,card_not_present,DE,22,0,0.593,0
F906896,45.57,m_160,bank_transfer,FR,6,0,0.532,0
F906897,48.63,m_033,card_not_present,FR,8,0,0.745,1
F906898,24.91,m_058,bank_transfer,FR,18,0,0.539,0
F906899,14.39,m_050,card_present,BE,6,0,0.739,0
F906900,12.61,m_104,card_present,FR,13,0,0.671,0
F906901,5.25,m_015,wallet,FR,11,0,0.716,0
F906902,25.13,m_026,card_not_present,DE,14,0,0.959,0
F906903,21.03,m_071,card_present,CH,4,0,0.806,0
F906904,6.25,m_147,wallet,IT,17,0,0.532,0
F906905,18.09,m_017,card_present,FR,9,0,0.788,1
F906906,166.83,m_148,wallet,FR,2,0,0.97,0
F906907,3.6,m_013,card_not_present,FR,15,0,0.759,0
F906908,14.97,m_020,card_present,BE,1,1,0.66,0
F906909,7.53,m_084,wallet,FR,17,0,0.936,0
F906910,11.83,m_141,card_not_present,FR,6,0,0.531,0
F906911,27.2,m_044,bank_transfer,DE,3,0,0.786,0
F906912,13.99,m_033,card_not_present,FR,1,0,0.861,0
F906913,294.39,m_101,card_not_present,IT,12,0,0.825,0
F906914,36.49,m_177,card_not_present,FR,17,0,0.957,0
F906915,17.7,m_174,wallet,CH,21,0,1.0,0
F906916,159.74,m_060,bank_transfer,CH,18,0,0.824,0
F906917,6.94,m_013,card_present,BE,17,0,0.6,0
F906918,39.2,m_148,wallet,IT,21,1,0.623,0
F906919,45.89,m_007,card_not_present,BE,23,1,0.863,0
F906920,10.7,m_078,card_not_present,FR,9,1,0.856,0
F906921,18.89,m_072,card_present,FR,10,1,0.634,0
F906922,21.54,m_147,card_not_present,CH,10,0,1.0,0
F906923,48.41,m_137,card_not_present,FR,22,0,1.0,1
F906924,30.09,m_109,card_not_present,FR,13,1,0.687,0
F906925,11.46,m_133,wallet,FR,12,0,0.65,0
F906926,63.58,m_005,card_present,FR,4,0,0.692,0
F906927,17.51,m_002,card_not_present,BE,15,0,0.557,0
F906928,52.19,m_102,card_not_present,CH,7,0,0.833,0
F906929,139.33,m_048,card_present,FR,22,0,0.659,0
F906930,69.31,m_125,card_present,FR,13,0,0.639,0
F906931,20.44,m_107,card_not_present,FR,23,0,0.875,1
F906932,35.64,m_136,card_present,FR,6,0,0.854,0
F906933,35.76,m_106,card_not_present,FR,1,0,0.679,0
F906934,26.84,m_115,bank_transfer,FR,7,0,0.215,0
F906935,113.71,m_139,card_present,FR,0,1,0.83,0
F906936,65.41,m_148,wallet,IT,17,1,0.516,0
F906937,11.87,m_031,bank_transfer,FR,22,1,0.707,0
F906938,91.74,m_128,card_not_present,FR,3,0,0.514,0
F906939,16.8,m_139,card_not_present,DE,2,0,0.572,0
F906940,52.95,m_111,card_not_present,DE,7,0,0.997,0
F906941,15.98,m_090,bank_transfer,BE,0,0,0.712,0
F906942,14.25,m_053,bank_transfer,FR,13,0,0.818,0
F906943,4.71,m_033,card_not_present,FR,15,0,0.64,0
F906944,81.46,m_121,card_not_present,FR,16,0,0.54,0
F906945,5.8,m_041,card_not_present,FR,9,0,0.934,0
F906946,67.75,m_034,bank_transfer,IT,21,0,0.807,1
F906947,43.46,m_021,card_not_present,FR,19,0,0.738,0
F906948,41.94,m_070,wallet,FR,3,0,0.597,0
F906949,9.94,m_014,card_not_present,ES,7,0,0.945,0
F906950,,m_018,wallet,IT,4,1,0.975,1
F906951,46.86,m_149,card_present,ES,13,0,0.837,0
F906952,130.92,m_113,card_not_present,FR,9,1,0.57,0
F906953,10.62,m_128,card_present,DE,2,0,0.824,0
F906954,25.18,m_087,card_present,DE,6,0,0.728,0
F906955,3.68,m_018,card_present,FR,18,1,0.62,1
F906956,78.44,m_115,card_present,DE,4,1,0.484,1
F906957,87.41,m_007,card_not_present,DE,0,1,0.968,0
F906958,61.47,m_134,card_present,FR,14,0,0.868,0
F906959,26.14,m_146,card_not_present,FR,1,0,0.629,1
F906960,15.46,m_130,card_not_present,DE,14,0,0.392,0
F906961,15.85,m_091,card_present,CH,0,0,0.981,0
F906962,43.54,m_124,card_not_present,FR,11,0,0.841,0
F906963,131.62,m_178,card_present,FR,20,0,0.928,0
F906964,5.77,m_146,card_present,BE,3,0,0.563,0
F906965,103.86,m_093,card_present,FR,4,0,0.683,0
F906966,43.86,m_006,card_present,FR,14,0,0.654,0
F906967,47.13,m_149,card_present,BE,4,0,0.682,0
F906968,22.25,m_010,card_present,CH,21,0,0.504,0
F906969,,m_063,card_not_present,FR,19,0,0.536,0
F906970,99.4,m_128,wallet,FR,21,0,0.804,0
F906971,46.85,m_050,wallet,IT,6,1,0.923,0
F906972,29.43,m_034,bank_transfer,IT,22,0,0.752,0
F906973,475.48,m_081,card_not_present,BE,5,0,0.742,0
F906974,22.19,m_087,card_not_present,FR,12,0,0.663,0
F906975,19.35,m_096,wallet,FR,19,0,0.582,0
F906976,23.33,m_163,bank_transfer,FR,11,0,1.0,0
F906977,535.12,m_068,card_present,FR,0,0,0.949,0
F906978,56.07,m_066,card_not_present,FR,2,0,0.589,0
F906979,167.94,m_075,card_present,ES,23,0,0.78,0
F906980,19.6,m_022,card_not_present,BE,3,0,0.485,0
F906981,22.77,m_166,bank_transfer,DE,21,0,0.947,0
F906982,38.17,m_026,card_not_present,FR,10,0,0.709,0
F906983,59.08,m_055,card_not_present,FR,6,0,0.55,0
F906984,115.86,m_164,card_not_present,FR,20,0,0.61,0
F906985,32.87,m_016,card_not_present,BE,0,0,1.0,0
F906986,39.95,m_003,card_not_present,BE,3,1,0.739,0
F906987,11.79,m_021,card_present,FR,7,0,0.801,0
F906988,200.52,m_157,card_not_present,ES,4,0,0.692,0
F906989,195.82,m_150,card_not_present,FR,15,0,0.582,0
F906990,15.14,m_080,wallet,FR,21,0,0.835,0
F906991,64.71,m_065,wallet,FR,6,0,0.481,0
F906992,7.01,m_144,card_present,BE,3,0,0.823,0
F906993,18.28,m_142,bank_transfer,DE,4,0,0.356,0
F906994,9.36,m_036,bank_transfer,ES,23,0,0.593,0
F906995,53.57,m_144,card_present,BE,6,0,0.556,0
F906996,9.29,m_168,card_not_present,DE,8,0,0.617,0
F906997,23.1,m_054,card_present,ES,6,0,0.65,0
F906998,73.4,m_040,card_not_present,FR,16,1,0.649,1
F906999,81.49,m_152,bank_transfer,FR,1,0,0.821,0
F907000,47.59,m_151,card_present,FR,13,0,0.837,0
F907001,23.88,m_082,card_not_present,IT,12,0,0.722,0
F907002,204.75,m_084,card_not_present,FR,10,0,0.524,1
F907003,44.64,m_027,card_not_present,ES,8,1,0.621,0
F907004,39.75,m_093,card_not_present,FR,23,1,0.746,1
F907005,18.31,m_102,bank_transfer,CH,6,0,0.927,0
F907006,12.62,m_108,card_not_present,BE,16,0,0.727,0
F907007,129.57,m_179,card_present,FR,2,0,0.66,0
F907008,336.08,m_126,card_present,ES,1,0,0.54,0
F907009,31.57,m_139,card_present,IT,21,0,1.0,0
F907010,38.86,m_075,card_not_present,CH,0,0,0.789,0
F907011,9.31,m_094,card_present,FR,4,1,0.889,0
F907012,40.19,m_050,card_present,FR,21,0,1.0,0
F907013,,m_019,card_not_present,FR,16,0,0.726,0
F907014,24.61,m_024,wallet,FR,8,0,0.685,0
F907015,2.89,m_014,card_present,FR,18,0,0.793,0
F907016,48.45,m_173,card_present,BE,1,0,0.672,0
F907017,45.02,m_025,card_not_present,FR,2,0,0.934,0
F907018,260.29,m_073,card_not_present,IT,5,0,0.832,0
F907019,12.49,m_153,card_present,FR,5,0,0.587,0
F907020,48.69,m_141,card_not_present,BE,15,0,0.684,0
F907021,14.31,m_040,bank_transfer,CH,12,0,0.851,0
F907022,58.42,m_109,card_not_present,FR,6,0,0.59,0
F907023,14.22,m_174,card_not_present,FR,16,0,0.857,0
F907024,66.83,m_166,card_present,FR,3,0,0.417,0
F907025,30.68,m_081,card_present,IT,8,1,0.731,0
F907026,7.76,m_131,card_not_present,CH,6,0,1.0,0
F907027,40.35,m_138,card_not_present,FR,3,0,0.892,0
F907028,46.68,m_179,bank_transfer,IT,7,0,0.701,0
F907029,147.73,m_011,card_not_present,FR,17,0,0.817,0
F907030,17.19,m_034,bank_transfer,FR,7,0,0.709,0
F907031,16.84,m_005,card_not_present,FR,10,1,0.897,0
F907032,35.56,m_163,card_present,FR,14,0,0.848,0
F907033,12.24,m_046,card_present,BE,18,0,0.932,0
F907034,17.62,m_052,bank_transfer,IT,20,0,0.667,0
F907035,13.85,m_059,card_present,FR,0,0,0.294,0
F907036,56.29,m_052,card_present,DE,15,1,0.787,1
F907037,12.95,m_150,card_present,CH,3,1,0.848,0
F907038,116.47,m_172,card_not_present,BE,18,0,0.954,0
F907039,33.7,m_087,card_present,ES,13,0,0.683,0
F907040,11.57,m_141,card_not_present,FR,8,0,0.945,0
F907041,143.91,m_003,card_present,BE,12,0,0.724,0
F907042,17.68,m_173,wallet,FR,7,0,0.354,0
F907043,123.73,m_023,bank_transfer,FR,20,0,0.537,0
F907044,60.59,m_032,card_present,IT,14,0,0.941,0
F907045,9.31,m_093,card_not_present,ES,4,0,0.568,0
F907046,25.14,m_125,bank_transfer,FR,21,0,0.674,0
F907047,100.57,m_038,card_present,FR,19,0,0.591,0
F907048,74.51,m_034,bank_transfer,FR,20,0,0.476,0
F907049,23.46,m_152,card_present,FR,4,0,0.489,0
F907050,69.09,m_040,bank_transfer,ES,19,0,0.601,0
F907051,34.45,m_135,card_not_present,FR,2,0,0.756,0
F907052,61.89,m_103,card_present,DE,5,1,0.467,0
F907053,3.48,m_144,card_present,CH,16,0,0.624,0
F907054,70.42,m_157,card_present,FR,13,0,0.323,0
F907055,44.65,m_139,card_not_present,FR,19,0,0.467,0
F907056,19.32,m_018,card_not_present,FR,13,0,0.641,1
F907057,44.88,m_163,card_present,FR,13,0,0.796,0
F907058,14.31,m_053,card_not_present,FR,20,1,0.686,1
F907059,18.68,m_118,card_not_present,ES,20,1,0.866,1
F907060,9.57,m_087,card_present,CH,12,0,0.652,0
F907061,29.69,m_019,wallet,CH,23,0,0.76,0
F907062,16.53,m_145,wallet,FR,18,0,0.904,0
F907063,30.54,m_121,card_not_present,FR,16,0,0.836,0
F907064,8.7,m_166,card_present,FR,7,1,0.704,0
F907065,80.23,m_151,card_not_present,FR,20,1,0.704,0
F907066,10.96,m_024,wallet,FR,21,0,0.803,0
F907067,34.43,m_156,card_not_present,FR,5,0,0.817,0
F907068,22.53,m_034,wallet,FR,0,0,0.564,0
F907069,3.82,m_033,card_present,FR,21,1,0.754,0
F907070,219.28,m_177,card_not_present,FR,19,0,0.985,0
F907071,77.95,m_028,card_present,DE,10,0,0.718,0
F907072,30.07,m_082,wallet,FR,8,0,0.629,0
F907073,11.02,m_035,wallet,FR,19,0,0.685,0
F907074,12.9,m_131,card_not_present,FR,15,0,0.66,0
F907075,12.56,m_035,wallet,ES,23,0,0.555,0
F907076,105.77,m_078,card_present,DE,16,0,0.69,0
F907077,15.58,m_002,wallet,FR,21,0,0.832,0
F907078,87.53,m_070,card_not_present,FR,10,0,0.793,0
F907079,21.7,m_124,card_not_present,FR,23,0,0.68,0
F907080,160.47,m_144,card_present,FR,12,0,0.914,0
F907081,9.16,m_122,card_present,FR,19,1,0.736,0
F907082,52.77,m_023,card_present,DE,9,0,0.975,0
F907083,24.79,m_160,card_not_present,FR,22,1,0.424,1
F907084,46.32,m_031,card_present,FR,18,0,0.821,0
F907085,88.11,m_159,card_not_present,ES,21,1,0.664,0
F907086,10.96,m_042,card_not_present,BE,9,0,0.901,0
F907087,104.52,m_056,card_present,DE,2,0,0.823,0
F907088,27.06,m_052,card_present,FR,11,0,0.837,0
F907089,27.97,m_069,card_present,FR,1,0,0.924,0
F907090,63.45,m_172,card_not_present,DE,14,0,0.844,1
F907091,91.24,m_101,card_present,FR,0,0,0.707,0
F907092,20.02,m_045,card_not_present,FR,10,0,0.754,0
F907093,,m_099,card_not_present,CH,20,0,0.6,0
F907094,22.48,m_148,card_present,FR,11,0,0.424,0
F907095,14.14,m_041,card_present,CH,17,1,1.0,0
F907096,25.24,m_124,card_not_present,BE,8,0,0.7,0
F907097,21.18,m_105,card_present,FR,22,0,0.766,0
F907098,7.95,m_124,card_not_present,FR,18,1,0.706,0
F907099,19.71,m_179,card_not_present,DE,20,0,0.578,0
F907100,54.84,m_002,card_present,FR,15,0,0.715,0
F907101,39.62,m_017,card_not_present,FR,7,1,0.816,0
F907102,112.62,m_110,wallet,ES,10,0,0.383,0
F907103,29.2,m_084,wallet,FR,12,0,0.807,0
F907104,77.77,m_148,card_not_present,ES,8,0,0.875,0
F907105,70.33,m_139,card_present,FR,3,0,0.361,0
F907106,67.69,m_000,wallet,IT,13,0,1.0,0
F907107,188.14,m_176,card_present,ES,19,0,0.781,0
F907108,50.22,m_130,card_not_present,CH,12,0,0.786,0
F907109,24.49,m_014,card_not_present,FR,1,1,0.839,0
F907110,71.77,m_143,card_not_present,FR,8,0,0.673,0
F907111,60.97,m_047,card_not_present,IT,14,0,0.525,0
F907112,32.81,m_137,card_present,FR,5,0,0.57,0
F907113,7.29,m_158,card_present,CH,9,0,0.719,0
F907114,37.02,m_090,card_not_present,FR,9,0,0.668,0
F907115,127.37,m_040,bank_transfer,ES,22,0,0.502,0
F907116,25.97,m_028,wallet,BE,11,0,0.588,0
F907117,29.25,m_104,bank_transfer,BE,16,0,0.897,0
F907118,26.15,m_082,wallet,DE,6,0,0.679,0
F907119,30.99,m_022,card_present,FR,15,0,1.0,0
F907120,13.95,m_079,card_present,FR,10,0,0.56,0
F907121,111.03,m_175,card_not_present,ES,3,1,0.675,0
F907122,12.63,m_100,card_present,FR,10,0,0.768,0
F907123,9.29,m_089,card_present,FR,13,0,0.863,0
F907124,30.85,m_039,card_not_present,FR,21,0,0.685,0
F907125,60.15,m_107,card_not_present,ES,14,0,0.591,0
F907126,29.15,m_093,card_not_present,FR,4,0,0.82,0
F907127,25.81,m_104,card_not_present,BE,22,0,0.703,1
F907128,34.09,m_049,card_present,FR,16,0,0.646,0
F907129,34.26,m_117,card_not_present,IT,9,0,0.851,0
F907130,10.59,m_107,card_present,FR,14,0,0.671,0
F907131,39.16,m_010,card_present,FR,10,1,0.563,0
F907132,6.56,m_009,card_present,FR,6,1,0.889,0
F907133,13.6,m_136,card_not_present,FR,18,0,0.822,0
F907134,38.48,m_020,wallet,FR,12,0,0.864,0
F907135,54.53,m_051,card_present,FR,14,0,1.0,0
F907136,6.34,m_011,card_not_present,FR,21,0,0.706,0
F907137,25.78,m_029,wallet,FR,18,0,0.374,0
F907138,42.73,m_100,wallet,IT,19,0,0.967,0
F907139,151.49,m_175,card_present,FR,1,0,0.67,0
F907140,,m_163,card_present,FR,10,0,0.965,0
F907141,51.41,m_025,card_not_present,,5,0,0.568,0
F907142,17.3,m_029,card_not_present,FR,20,0,0.686,0
F907143,15.89,m_123,card_not_present,FR,0,0,0.643,0
F907144,34.27,m_101,card_present,FR,1,1,0.537,0
F907145,161.51,m_172,wallet,FR,10,0,0.907,0
F907146,6.52,m_165,card_not_present,ES,1,0,0.834,0
F907147,23.93,m_002,card_present,FR,16,0,0.605,0
F907148,9.51,m_136,wallet,FR,12,1,1.0,0
F907149,14.16,m_072,card_not_present,BE,5,0,0.898,1
F907150,8.26,m_101,bank_transfer,ES,4,1,0.707,0
F907151,6.2,m_018,wallet,IT,16,0,0.614,0
F907152,15.66,m_138,wallet,FR,16,0,0.742,0
F907153,39.99,m_126,card_not_present,FR,15,0,0.817,0
F907154,29.73,m_103,wallet,ES,13,0,0.636,0
F907155,30.07,m_061,card_present,CH,11,0,0.872,0
F907156,36.79,m_084,card_not_present,FR,17,0,0.616,0
F907157,959.07,m_166,card_not_present,FR,0,0,0.613,1
F907158,38.34,m_142,card_present,FR,3,0,0.651,0
F907159,111.31,m_145,card_not_present,IT,14,0,0.795,0
F907160,38.11,m_109,card_present,FR,20,0,0.904,0
F907161,,m_116,bank_transfer,CH,10,1,1.0,0
F907162,13.29,m_052,card_not_present,CH,15,1,0.801,0
F907163,33.94,m_035,bank_transfer,FR,7,0,0.78,0
F907164,69.52,m_111,card_not_present,CH,17,0,0.569,0
F907165,20.55,m_012,card_present,IT,7,1,0.699,0
F907166,8.61,m_032,card_not_present,BE,5,0,0.608,0
F907167,67.58,m_025,card_not_present,DE,8,0,0.833,0
F907168,230.53,m_077,card_not_present,FR,6,0,0.812,0
F907169,9.96,m_125,card_not_present,FR,17,0,1.0,0
F907170,11.26,m_054,card_present,ES,14,1,0.521,0
F907171,30.56,m_003,wallet,IT,23,1,0.797,0
F907172,47.8,m_066,card_not_present,ES,18,0,0.824,0
F907173,53.0,m_030,card_not_present,IT,16,0,1.0,0
F907174,11.36,m_083,card_present,FR,2,0,0.612,0
F907175,5.65,m_110,card_present,FR,15,0,0.471,0
F907176,68.42,m_041,card_present,FR,5,0,1.0,0
F907177,22.85,m_023,card_not_present,FR,7,0,0.597,0
F907178,81.1,m_024,card_not_present,FR,20,1,0.324,0
F907179,47.75,m_059,wallet,FR,11,1,0.642,0
F907180,31.49,m_131,card_not_present,IT,3,0,1.0,1
F907181,145.09,m_016,wallet,FR,8,0,0.74,0
F907182,18.16,m_157,card_not_present,FR,18,1,0.528,0
F907183,46.27,m_136,card_not_present,FR,3,1,0.474,0
F907184,36.13,m_039,card_present,FR,9,0,0.628,0
F907185,44.74,m_074,card_present,FR,22,1,0.811,0
F907186,36.24,m_097,card_not_present,BE,7,0,0.869,1
F907187,97.75,m_153,card_present,FR,23,0,0.59,0
F907188,47.59,m_170,card_not_present,BE,15,0,0.655,0
F907189,374.21,m_125,card_present,FR,18,0,0.879,0
F907190,19.02,m_119,card_not_present,CH,0,0,0.696,0
F907191,40.84,m_037,card_present,FR,8,0,0.333,0
F907192,9.34,m_166,card_not_present,DE,14,1,0.899,0
F907193,205.06,m_037,card_not_present,ES,19,1,0.979,0
F907194,4.49,m_007,bank_transfer,ES,18,1,0.577,0
F907195,169.35,m_146,card_present,DE,2,0,0.243,0
F907196,22.97,m_007,card_not_present,FR,3,0,0.698,0
F907197,137.49,m_174,card_not_present,ES,16,0,0.833,0
F907198,87.31,m_072,bank_transfer,FR,0,0,1.0,0
F907199,16.15,m_068,card_not_present,FR,13,0,0.705,0
F907200,51.11,m_055,card_not_present,FR,12,1,0.559,0
F907201,72.62,m_177,wallet,FR,9,0,0.622,0
F907202,25.59,m_164,card_present,DE,6,0,0.74,0
F907203,17.68,m_075,card_not_present,FR,12,1,0.538,0
F907204,206.79,m_144,card_present,ES,7,0,0.616,1
F907205,44.48,m_132,card_not_present,IT,9,0,0.681,0
F907206,135.39,m_123,card_not_present,CH,13,0,0.643,0
F907207,52.98,m_129,card_not_present,CH,17,0,0.731,0
F907208,54.36,m_072,card_present,FR,17,0,0.591,0
F907209,18.93,m_093,bank_transfer,FR,1,0,0.808,0
F907210,40.05,m_013,card_not_present,IT,9,0,0.735,0
F907211,28.2,m_142,card_present,FR,1,0,0.905,0
F907212,45.89,m_101,wallet,FR,15,0,0.675,0
F907213,38.54,m_158,card_present,DE,1,0,0.709,0
F907214,48.78,m_079,card_not_present,FR,20,0,0.55,0
F907215,4.56,m_106,wallet,BE,12,0,0.574,0
F907216,48.54,m_145,card_present,BE,4,0,0.742,0
F907217,25.8,m_011,card_present,FR,18,0,0.391,0
F907218,44.71,m_055,wallet,DE,5,0,0.936,0
F907219,17.63,m_034,card_not_present,IT,11,0,0.869,0
F907220,61.93,m_046,wallet,FR,18,0,0.739,0
F907221,40.68,m_126,card_not_present,IT,16,1,0.844,0
F907222,21.37,m_179,wallet,CH,11,0,0.547,0
F907223,47.86,m_122,card_not_present,CH,17,1,0.962,0
F907224,74.87,m_018,card_present,DE,12,0,0.6,0
F907225,,m_002,card_present,FR,13,0,0.684,0
F907226,19.61,m_073,card_present,FR,3,0,0.306,0
F907227,86.85,m_114,card_present,FR,14,0,0.835,0
F907228,46.84,m_150,card_present,ES,4,0,0.469,0
F907229,23.43,m_179,card_not_present,FR,8,0,0.987,0
F907230,32.84,m_027,card_not_present,CH,0,0,1.0,0
F907231,9.67,m_062,card_not_present,CH,1,0,0.523,0
F907232,27.23,m_164,card_not_present,FR,3,0,0.69,0
F907233,101.6,m_170,card_present,ES,6,0,0.831,0
F907234,42.24,m_077,card_not_present,FR,11,0,0.612,0
F907235,36.29,m_049,bank_transfer,FR,13,1,0.8,0
F907236,156.81,m_120,card_present,FR,16,0,0.702,0
F907237,15.22,m_067,bank_transfer,CH,23,0,1.0,0
F907238,18.96,m_046,card_not_present,FR,7,0,0.678,0
F907239,30.95,m_024,card_present,FR,16,0,0.836,0
F907240,67.78,m_074,card_present,ES,22,0,0.614,0
F907241,42.31,m_127,card_present,FR,0,0,0.676,0
F907242,60.75,m_158,wallet,FR,23,0,0.638,0
F907243,12.79,m_177,wallet,DE,21,0,0.891,0
F907244,8.83,m_101,card_present,ES,8,0,0.812,0
F907245,18.75,m_044,card_present,FR,15,1,0.551,0
F907246,23.59,m_066,card_present,FR,2,0,0.791,0
F907247,8.29,m_109,card_present,FR,12,0,0.825,0
F907248,17.03,m_018,card_not_present,DE,0,0,0.895,1
F907249,182.86,m_019,card_present,CH,8,0,0.715,0
F907250,116.0,m_080,card_present,DE,21,0,0.646,0
F907251,16.92,m_121,wallet,FR,0,1,0.834,0
F907252,19.54,m_114,card_present,FR,13,0,1.0,0
F907253,38.54,m_019,card_not_present,FR,7,0,0.899,0
F907254,38.4,m_105,bank_transfer,FR,6,0,0.824,0
F907255,228.15,m_152,card_not_present,FR,4,0,0.73,0
F907256,56.49,m_092,card_present,ES,10,0,0.684,0
F907257,40.28,m_011,wallet,FR,9,0,0.834,0
F907258,12.86,m_174,card_present,ES,1,0,0.886,0
F907259,36.39,m_040,card_not_present,FR,15,0,0.969,0
F907260,59.98,m_033,wallet,BE,0,0,0.527,0
F907261,101.26,m_151,card_not_present,FR,8,0,0.356,0
F907262,33.63,m_100,wallet,BE,9,0,0.61,0
F907263,69.75,m_077,card_present,BE,17,0,1.0,0
F907264,94.78,m_124,card_not_present,CH,9,0,0.976,1
F907265,11.71,m_093,card_present,FR,11,0,0.64,0
F907266,49.48,m_126,card_present,ES,5,1,0.719,0
F907267,2.91,m_097,card_not_present,DE,21,0,0.559,0
F907268,31.33,m_112,card_present,IT,1,0,0.805,0
F907269,60.64,m_059,card_present,IT,2,0,1.0,0
F907270,45.96,m_083,card_not_present,BE,1,0,0.676,0
F907271,36.81,m_007,card_present,CH,9,0,0.554,0
F907272,76.05,m_054,card_present,FR,5,0,0.945,1
F907273,18.39,m_064,card_present,FR,0,0,0.701,0
F907274,181.24,m_044,card_present,DE,15,0,0.977,0
F907275,24.31,m_005,card_present,FR,14,0,0.624,0
F907276,14.07,m_102,wallet,IT,2,0,0.897,0
F907277,12.27,m_040,bank_transfer,FR,19,1,0.413,0
F907278,77.63,m_106,card_present,FR,22,0,0.899,0
F907279,40.01,m_032,card_not_present,BE,19,0,0.161,0
F907280,14.99,m_095,card_not_present,FR,5,1,0.448,0
F907281,47.36,m_158,bank_transfer,FR,3,0,0.659,0
F907282,29.63,m_059,card_present,ES,17,1,0.767,0
F907283,151.27,m_161,card_present,FR,13,1,0.711,0
F907284,51.13,m_016,wallet,FR,6,1,0.688,0
F907285,11.92,m_176,card_not_present,IT,13,0,0.707,0
F907286,55.24,m_093,card_present,FR,5,0,0.777,0
F907287,2.77,m_044,wallet,FR,7,0,0.623,0
F907288,11.81,m_094,card_present,FR,0,0,0.442,0
F907289,47.44,m_054,card_present,FR,21,0,0.386,0
F907290,140.18,m_108,card_not_present,FR,15,0,0.371,0
F907291,27.36,m_042,bank_transfer,FR,16,1,0.456,0
F907292,14.75,m_061,card_not_present,CH,2,0,0.591,0
F907293,91.05,m_164,card_not_present,FR,19,0,0.615,0
F907294,33.25,m_017,card_present,BE,7,0,0.616,0
F907295,93.79,m_076,card_not_present,FR,6,0,0.681,1
F907296,62.47,m_051,card_not_present,FR,7,0,0.998,0
F907297,2.44,m_151,card_present,DE,22,0,0.476,0
F907298,32.15,m_044,bank_transfer,BE,3,0,0.456,0
F907299,206.38,m_103,wallet,ES,21,0,0.618,0
F907300,28.23,m_162,card_not_present,FR,22,0,0.637,0
F907301,9.04,m_046,card_not_present,IT,2,0,0.814,0
F907302,40.97,m_003,card_present,DE,6,0,0.702,0
F907303,17.78,m_133,card_not_present,BE,23,0,0.699,1
F907304,197.7,m_094,bank_transfer,FR,17,1,0.597,0
F907305,218.31,m_155,card_not_present,FR,8,0,0.677,0
F907306,40.86,m_051,card_not_present,CH,13,1,0.786,1
F907307,32.54,m_055,card_present,CH,11,0,0.763,0
F907308,30.55,m_150,card_not_present,FR,16,0,0.708,0
F907309,33.08,m_047,card_present,IT,5,0,0.188,0
F907310,22.79,m_120,wallet,BE,7,0,0.829,0
F907311,26.86,m_144,card_not_present,FR,18,0,0.705,0
F907312,5.42,m_101,card_not_present,FR,22,1,0.817,0
F907313,63.92,m_077,card_present,DE,0,0,0.68,0
F907314,98.13,m_148,card_not_present,DE,17,0,0.757,0
F907315,22.23,m_044,card_not_present,DE,7,0,0.911,0
F907316,17.81,m_124,card_present,DE,11,0,0.877,0
F907317,242.29,m_018,wallet,ES,2,0,0.882,0
F907318,20.54,m_101,card_not_present,FR,23,0,0.938,0
F907319,285.17,m_092,card_present,ES,18,0,0.776,0
F907320,11.92,m_039,card_present,CH,9,1,0.644,0
F907321,135.82,m_022,card_not_present,BE,15,1,0.821,0
F907322,16.8,m_039,card_not_present,FR,6,0,0.649,0
F907323,34.42,m_162,card_present,FR,23,0,0.713,0
F907324,8.85,m_052,wallet,FR,20,0,0.657,0
F907325,10.12,m_049,card_not_present,ES,8,1,0.619,0
F907326,68.39,m_056,card_present,ES,8,0,0.806,0
F907327,16.43,m_146,card_not_present,FR,7,1,0.558,0
F907328,76.23,m_035,wallet,BE,16,0,0.822,0
F907329,57.39,m_052,bank_transfer,,4,0,0.499,0
F907330,52.71,m_117,card_present,IT,17,1,0.822,0
F907331,16.86,m_116,card_not_present,FR,9,0,0.897,0
F907332,7.82,m_079,card_present,FR,17,0,0.787,0
F907333,31.7,m_073,wallet,IT,10,1,0.601,0
F907334,16.93,m_008,card_not_present,FR,22,0,0.554,0
F907335,7.37,m_152,card_present,FR,22,0,0.957,0
F907336,64.57,m_027,wallet,FR,3,1,0.587,0
F907337,9.48,m_122,card_not_present,IT,13,0,0.823,0
F907338,31.76,m_176,card_not_present,CH,19,0,0.723,0
F907339,19.56,m_054,card_not_present,FR,12,0,0.297,0
F907340,167.74,m_105,card_not_present,FR,11,0,0.84,0
F907341,66.45,m_116,card_present,FR,21,0,0.761,0
F907342,,m_021,card_not_present,FR,11,0,0.628,0
F907343,532.03,m_008,card_not_present,CH,22,0,0.896,0
F907344,103.03,m_136,card_present,FR,11,0,0.63,0
F907345,33.22,m_105,card_not_present,FR,17,0,0.823,0
F907346,61.07,m_107,card_present,FR,11,0,0.669,0
F907347,13.7,m_172,wallet,FR,14,0,0.776,0
F907348,12.76,m_071,card_not_present,BE,3,0,0.77,0
F907349,61.41,m_017,card_not_present,CH,2,0,0.959,0
F907350,31.97,m_158,card_not_present,DE,14,0,0.576,0
F907351,38.22,m_172,card_present,FR,5,0,0.593,0
F907352,19.52,m_144,bank_transfer,FR,15,0,0.884,0
F907353,54.44,m_047,card_not_present,FR,4,1,0.496,0
F907354,17.1,m_066,wallet,IT,19,0,0.698,0
F907355,26.05,m_042,card_not_present,FR,18,0,0.759,0
F907356,48.82,m_041,card_not_present,DE,18,0,0.639,1
F907357,143.84,m_130,bank_transfer,IT,3,0,0.487,0
F907358,19.75,m_020,card_present,CH,0,1,0.421,0
F907359,32.45,m_053,card_not_present,DE,17,0,0.703,0
F907360,31.77,m_023,card_present,ES,7,1,0.429,0
F907361,21.46,m_114,card_present,FR,18,0,0.771,0
F907362,5.78,m_007,bank_transfer,CH,3,0,0.662,0
F907363,26.81,m_093,card_present,ES,7,0,0.529,0
F907364,67.99,m_175,card_present,BE,1,0,0.709,0
F907365,13.72,m_015,card_not_present,IT,6,0,0.742,0
F907366,6.95,m_103,bank_transfer,FR,7,0,0.711,0
F907367,35.11,m_172,card_not_present,FR,9,0,0.718,0
F907368,27.12,m_133,card_present,FR,11,0,0.822,0
F907369,87.74,m_070,card_not_present,FR,3,0,0.838,0
F907370,19.44,m_135,wallet,FR,11,0,0.788,0
F907371,9.48,m_150,card_not_present,BE,2,0,0.866,0
F907372,29.41,m_145,wallet,FR,8,1,0.757,0
F907373,4.64,m_141,card_present,FR,22,0,0.391,0
F907374,61.06,m_150,card_present,CH,20,0,0.667,0
F907375,111.87,m_022,card_not_present,FR,17,0,0.472,0
F907376,30.88,m_069,card_not_present,FR,4,1,0.824,0
F907377,59.49,m_092,card_not_present,FR,12,0,0.785,0
F907378,55.27,m_075,bank_transfer,CH,12,0,0.532,0
F907379,9.5,m_152,bank_transfer,FR,4,0,0.414,0
F907380,12.39,m_094,wallet,FR,22,1,0.665,1
F907381,5.57,m_154,wallet,FR,3,0,0.875,0
F907382,41.44,m_033,card_not_present,DE,10,0,0.766,0
F907383,56.12,m_076,wallet,ES,19,0,0.591,0
F907384,3.81,m_050,wallet,FR,18,1,0.825,0
F907385,68.32,m_113,card_not_present,FR,23,1,0.468,0
F907386,189.01,m_005,bank_transfer,IT,10,0,0.59,0
F907387,7.22,m_158,card_not_present,IT,14,0,0.689,1
F907388,205.47,m_101,card_present,IT,16,0,0.895,0
F907389,38.02,m_138,card_present,ES,18,0,0.779,0
F907390,42.5,m_007,card_present,FR,6,0,0.903,0
F907391,77.77,m_069,card_present,FR,11,0,0.874,1
F907392,76.01,m_109,card_not_present,FR,18,0,0.44,0
F907393,16.37,m_075,card_present,CH,23,0,0.78,0
F907394,6.38,m_048,card_present,IT,18,1,0.723,0
F907395,254.71,m_042,card_not_present,ES,21,1,0.842,0
F907396,30.7,m_005,card_not_present,IT,18,0,0.804,0
F907397,20.85,m_038,card_present,FR,8,0,0.924,0
F907398,456.26,m_081,card_not_present,FR,9,0,0.88,0
F907399,18.8,m_025,wallet,ES,16,0,0.67,0
F907400,95.88,m_103,card_present,FR,20,1,0.553,0
F907401,133.15,m_106,card_not_present,IT,11,0,0.65,1
F907402,54.72,m_022,card_present,BE,19,0,0.891,0
F907403,53.9,m_131,card_present,FR,10,0,0.704,0
F907404,250.4,m_135,card_not_present,IT,8,0,0.867,0
F907405,31.43,m_177,card_not_present,ES,15,0,0.843,0
F907406,15.05,m_133,card_not_present,FR,11,0,0.614,0
F907407,5.17,m_127,wallet,FR,8,0,0.686,0
F907408,53.81,m_168,card_present,FR,16,1,0.673,0
F907409,24.34,m_041,card_present,FR,21,0,0.878,0
F907410,10.67,m_050,card_present,FR,16,0,0.719,0
F907411,206.17,m_103,bank_transfer,FR,19,0,0.448,0
F907412,11.98,m_067,card_present,FR,6,0,0.619,0
F907413,157.69,m_063,card_not_present,FR,16,0,0.726,0
F907414,57.19,m_027,wallet,FR,18,0,0.777,0
F907415,24.03,m_090,card_present,FR,5,1,0.744,0
F907416,56.33,m_005,card_not_present,FR,20,0,0.99,0
F907417,257.03,m_105,bank_transfer,IT,3,0,0.656,0
F907418,16.55,m_069,card_present,FR,23,0,0.414,0
F907419,15.41,m_046,card_not_present,FR,7,0,0.604,0
F907420,25.93,m_137,card_present,FR,17,0,0.75,0
F907421,52.68,m_099,card_present,DE,19,0,0.744,0
F907422,130.13,m_121,card_not_present,FR,12,0,0.694,0
F907423,31.5,m_016,wallet,BE,12,0,0.57,0
F907424,46.22,m_064,card_not_present,FR,1,0,0.112,0
F907425,27.31,m_172,wallet,BE,21,0,0.86,0
F907426,11.93,m_177,card_not_present,FR,7,0,0.679,0
F907427,32.57,m_142,wallet,FR,20,0,1.0,0
F907428,38.83,m_088,card_present,FR,20,0,0.537,0
F907429,6.19,m_070,card_not_present,ES,6,0,0.771,0
F907430,25.2,m_168,card_not_present,FR,0,0,0.595,0
F907431,59.08,m_162,card_not_present,FR,11,0,0.702,0
F907432,29.49,m_118,wallet,ES,2,0,0.687,0
F907433,30.31,m_155,card_not_present,FR,12,0,0.834,0
F907434,25.9,m_000,card_present,FR,23,0,0.611,0
F907435,142.14,m_175,wallet,IT,1,1,0.688,0
F907436,61.32,m_048,card_not_present,DE,8,1,0.78,0
F907437,58.26,m_118,card_present,FR,7,0,0.876,0
F907438,59.04,m_127,card_not_present,IT,18,1,0.501,0
F907439,35.92,m_165,card_present,ES,5,0,0.41,0
F907440,64.01,m_094,card_present,FR,23,0,0.642,0
F907441,53.08,m_165,wallet,DE,19,0,0.698,0
F907442,56.59,m_172,card_not_present,BE,9,0,0.777,0
F907443,9.86,m_086,card_present,ES,1,1,0.315,0
F907444,79.76,m_170,card_not_present,BE,23,0,0.509,1
F907445,61.47,m_170,card_not_present,FR,15,0,0.607,0
F907446,34.82,m_122,wallet,FR,7,0,0.591,0
F907447,40.4,m_132,card_present,ES,5,0,0.978,1
F907448,39.94,m_172,bank_transfer,BE,18,0,0.859,0
F907449,52.31,m_164,card_present,FR,20,1,0.983,0
F907450,29.51,m_162,bank_transfer,FR,14,0,0.879,0
F907451,28.52,m_045,card_present,ES,0,0,0.886,0
F907452,17.91,m_097,card_not_present,FR,6,1,0.934,1
F907453,57.2,m_169,card_present,BE,20,1,1.0,0
F907454,59.29,m_130,wallet,FR,6,0,0.922,0
F907455,38.13,m_001,card_not_present,FR,9,0,0.658,0
F907456,16.41,m_059,card_not_present,FR,23,0,0.79,1
F907457,7.26,m_019,card_present,ES,8,0,0.774,0
F907458,93.77,m_100,bank_transfer,FR,5,0,0.866,0
F907459,21.77,m_179,card_present,FR,9,0,0.586,0
F907460,2.75,m_173,card_present,FR,7,0,0.914,0
F907461,22.9,m_082,bank_transfer,FR,3,0,1.0,0
F907462,33.78,m_034,wallet,FR,11,0,0.599,0
F907463,24.22,m_126,card_not_present,FR,0,0,0.778,0
F907464,49.56,m_098,card_not_present,ES,8,0,0.657,0
F907465,99.52,m_047,card_not_present,BE,7,0,0.76,0
F907466,88.19,m_121,card_not_present,FR,16,0,0.483,0
F907467,83.01,m_056,card_not_present,FR,3,0,0.457,0
F907468,23.14,m_143,card_present,FR,14,1,0.69,0
F907469,22.99,m_120,wallet,FR,19,1,0.76,0
F907470,,m_140,card_present,DE,9,1,0.422,0
F907471,31.49,m_147,card_present,FR,3,1,0.815,0
F907472,17.46,m_026,card_not_present,FR,20,1,0.867,0
F907473,4.79,m_053,card_not_present,FR,2,1,0.637,0
F907474,62.7,m_168,card_present,BE,0,0,0.901,0
F907475,26.54,m_129,card_present,FR,20,1,0.669,0
F907476,53.07,m_053,card_present,IT,12,0,0.622,0
F907477,84.17,m_137,wallet,FR,15,0,0.642,0
F907478,56.73,m_029,card_not_present,IT,4,0,0.802,0
F907479,5.4,m_049,wallet,FR,13,0,0.463,0
F907480,120.59,m_009,card_not_present,FR,22,0,0.714,0
F907481,35.24,m_017,wallet,FR,10,0,0.771,0
F907482,76.85,m_003,card_present,FR,5,0,0.713,0
F907483,18.16,m_111,card_present,FR,7,0,0.618,0
F907484,27.39,m_091,card_not_present,DE,21,0,0.372,0
F907485,5.33,m_001,bank_transfer,BE,16,0,0.975,0
F907486,45.37,m_178,card_not_present,FR,23,0,0.672,0
F907487,71.1,m_077,card_not_present,FR,15,1,0.898,1
F907488,12.73,m_053,wallet,FR,17,0,0.669,0
F907489,30.37,m_097,card_present,CH,13,0,0.682,0
F907490,12.83,m_122,wallet,FR,9,0,0.6,0
F907491,32.12,m_069,card_present,FR,6,0,0.828,0
F907492,16.69,m_122,card_present,FR,19,0,0.808,0
F907493,44.7,m_150,wallet,FR,0,0,0.619,0
F907494,22.04,m_032,card_not_present,FR,2,0,0.939,0
F907495,14.03,m_035,card_not_present,FR,14,0,0.669,0
F907496,103.35,m_066,bank_transfer,FR,4,0,0.726,0
F907497,11.75,m_073,card_present,FR,19,0,0.843,0
F907498,124.07,m_084,card_not_present,FR,18,0,0.965,0
F907499,12.01,m_128,card_present,ES,22,0,0.886,0
F907500,11.0,m_095,card_not_present,FR,10,0,0.392,0
F907501,82.46,m_038,card_present,ES,12,0,0.639,0
F907502,46.61,m_120,card_present,ES,1,0,0.856,0
F907503,7.99,m_078,card_present,FR,0,0,0.923,0
F907504,58.93,m_178,card_present,ES,2,0,0.767,0
F907505,15.24,m_011,bank_transfer,DE,5,0,0.429,0
F907506,2.09,m_147,bank_transfer,FR,14,1,0.836,0
F907507,26.66,m_061,card_not_present,FR,14,0,0.944,0
F907508,56.64,m_072,card_present,FR,23,0,0.78,0
F907509,60.67,m_008,card_not_present,IT,6,0,0.569,0
F907510,57.86,m_098,bank_transfer,FR,12,0,0.777,0
F907511,11.1,m_083,card_present,FR,23,0,0.621,0
F907512,26.88,m_125,card_not_present,CH,7,0,0.56,0
F907513,46.11,m_066,card_not_present,DE,11,0,0.905,0
F907514,27.69,m_014,card_not_present,FR,0,0,0.583,0
F907515,62.74,m_149,card_present,FR,13,0,1.0,0
F907516,48.81,m_137,bank_transfer,IT,8,0,0.812,0
F907517,28.8,m_001,card_not_present,FR,12,0,0.641,0
F907518,152.98,m_152,card_not_present,ES,20,0,0.796,0
F907519,57.98,m_041,wallet,FR,20,0,0.418,0
F907520,194.89,m_075,card_present,FR,9,0,0.615,0
F907521,48.35,m_073,card_not_present,IT,21,0,1.0,0
F907522,110.24,m_173,card_present,FR,6,0,0.699,0
F907523,38.11,m_142,card_not_present,CH,4,0,0.313,0
F907524,130.34,m_159,wallet,BE,15,0,0.541,1
F907525,19.6,m_031,card_present,DE,6,0,0.875,1
F907526,11.59,m_041,card_not_present,ES,1,0,0.861,0
F907527,67.65,m_124,card_not_present,FR,13,0,0.905,0
F907528,20.35,m_138,card_not_present,DE,8,0,0.767,0
F907529,91.37,m_094,card_not_present,FR,19,0,0.889,0
F907530,13.66,m_042,card_present,DE,17,1,0.533,0
F907531,14.19,m_124,card_not_present,DE,17,0,0.67,0
F907532,27.25,m_091,card_not_present,DE,2,0,0.715,0
F907533,45.41,m_103,card_not_present,IT,2,0,0.827,0
F907534,87.19,m_170,card_present,IT,22,0,0.639,0
F907535,29.05,m_031,card_not_present,FR,20,0,0.963,0
F907536,10.56,m_000,card_present,FR,5,1,0.728,0
F907537,80.55,m_166,card_not_present,CH,1,0,0.681,0
F907538,19.77,m_115,wallet,ES,9,0,0.728,0
F907539,56.5,m_069,card_not_present,CH,15,1,0.513,0
F907540,138.77,m_014,card_present,CH,11,0,0.632,0
F907541,26.24,m_118,card_not_present,IT,19,0,0.555,0
F907542,184.59,m_035,bank_transfer,FR,17,0,0.72,0
F907543,,m_015,card_not_present,FR,6,0,1.0,0
F907544,8.48,m_037,card_present,FR,20,0,0.419,0
F907545,20.8,m_109,card_present,IT,8,0,0.838,0
F907546,28.86,m_074,card_not_present,CH,4,1,0.98,1
F907547,101.21,m_116,card_present,BE,3,0,0.651,0
F907548,84.83,m_096,card_not_present,ES,19,0,0.664,0
F907549,25.0,m_153,card_not_present,FR,12,0,0.795,0
F907550,7.37,m_026,card_present,FR,18,1,0.869,0
F907551,113.19,m_133,card_present,IT,9,1,0.885,0
F907552,16.93,m_095,bank_transfer,FR,3,0,0.526,0
F907553,21.62,m_085,card_present,FR,10,1,0.733,0
F907554,7.76,m_054,card_present,CH,19,0,0.698,0
F907555,131.34,m_126,card_not_present,FR,6,1,0.681,1
F907556,143.99,m_063,card_not_present,FR,14,0,0.616,0
F907557,23.7,m_037,card_present,FR,14,0,0.803,0
F907558,16.06,m_125,card_present,FR,23,1,0.922,0
F907559,42.71,m_140,card_not_present,FR,21,0,0.554,0
F907560,76.81,m_126,card_not_present,ES,10,0,0.722,0
F907561,165.16,m_150,card_present,FR,13,0,0.854,0
F907562,96.4,m_098,card_present,ES,16,0,0.572,0
F907563,16.78,m_166,wallet,ES,4,0,0.273,0
F907564,36.39,m_010,bank_transfer,FR,6,1,0.757,0
F907565,30.54,m_072,card_not_present,BE,8,0,0.981,0
F907566,29.35,m_091,wallet,FR,10,0,0.893,0
F907567,4.87,m_138,card_present,FR,13,0,0.784,0
F907568,51.08,m_025,card_present,ES,23,0,0.74,0
F907569,11.13,m_140,card_present,ES,13,0,0.729,0
F907570,62.86,m_163,wallet,BE,23,0,0.45,0
F907571,56.48,m_175,card_present,FR,11,0,0.923,0
F907572,,m_096,bank_transfer,DE,15,0,0.695,0
F907573,48.13,m_005,card_present,DE,4,0,0.981,1
F907574,33.59,m_137,card_not_present,FR,15,0,0.5,1
F907575,13.26,m_119,card_not_present,FR,10,0,1.0,0
F907576,222.96,m_102,wallet,IT,0,1,0.833,0
F907577,16.98,m_113,card_not_present,ES,8,0,0.585,0
F907578,83.12,m_008,bank_transfer,FR,7,0,0.819,0
F907579,26.09,m_160,card_not_present,FR,13,0,1.0,0
F907580,69.78,m_027,card_present,FR,10,0,0.87,0
F907581,61.78,m_166,card_not_present,FR,7,0,0.815,0
F907582,,m_154,card_present,FR,19,0,0.867,0
F907583,45.55,m_066,card_not_present,FR,14,0,0.56,0
F907584,89.43,m_078,wallet,FR,11,0,0.749,0
F907585,12.38,m_073,card_not_present,DE,0,0,0.875,1
F907586,35.23,m_106,card_not_present,FR,16,0,0.752,0
F907587,305.96,m_009,card_not_present,BE,18,0,0.719,0
F907588,92.61,m_067,card_not_present,ES,8,0,0.617,0
F907589,34.58,m_027,card_present,BE,7,0,0.671,0
F907590,108.75,m_055,card_not_present,IT,5,0,0.955,0
F907591,2.45,m_040,bank_transfer,FR,12,0,1.0,0
F907592,4.19,m_066,card_present,FR,2,0,1.0,0
F907593,36.24,m_120,card_not_present,BE,23,0,0.362,0
F907594,37.19,m_143,card_present,FR,22,0,0.887,0
F907595,13.34,m_171,wallet,FR,1,0,0.816,0
F907596,64.7,m_034,card_present,IT,11,0,0.658,0
F907597,52.74,m_171,card_present,FR,3,0,0.578,0
F907598,5.07,m_036,card_present,FR,16,0,1.0,0
F907599,44.74,m_088,card_present,DE,22,1,0.652,0
F907600,18.62,m_030,card_not_present,FR,8,0,0.978,0
F907601,87.36,m_048,wallet,FR,12,1,1.0,0
F907602,,m_076,card_not_present,IT,19,0,0.804,0
F907603,25.52,m_159,card_present,ES,14,0,0.576,0
F907604,59.84,m_058,card_present,CH,4,0,0.578,0
F907605,65.17,m_135,wallet,FR,9,0,0.759,0
F907606,31.33,m_110,card_present,BE,8,0,0.599,0
F907607,179.65,m_059,card_not_present,FR,1,1,0.641,0
F907608,21.7,m_135,card_not_present,FR,14,1,0.622,0
F907609,42.84,m_091,card_not_present,BE,22,0,0.634,0
F907610,19.56,m_084,card_present,FR,4,0,0.719,0
F907611,20.5,m_179,wallet,FR,5,0,0.868,0
F907612,71.96,m_049,card_present,DE,2,0,0.681,0
F907613,5.28,m_031,card_not_present,IT,13,0,0.75,1
F907614,6.98,m_156,card_present,FR,0,0,0.513,0
F907615,30.61,m_099,card_present,FR,5,1,0.74,0
F907616,8.39,m_137,card_present,ES,1,0,0.725,0
F907617,23.52,m_098,card_present,CH,16,0,0.529,0
F907618,28.33,m_012,card_not_present,IT,21,0,0.484,0
F907619,30.89,m_005,card_not_present,BE,12,0,0.785,0
F907620,114.92,m_098,card_not_present,IT,3,0,1.0,0
F907621,15.79,m_001,card_not_present,FR,20,0,0.721,0
F907622,5.93,m_099,card_not_present,FR,12,0,0.497,0
F907623,162.56,m_040,card_present,FR,0,0,0.786,0
F907624,9.66,m_164,card_present,FR,22,0,0.772,0
F907625,8.97,m_132,card_present,IT,12,0,0.443,0
F907626,12.16,m_087,card_not_present,FR,20,0,0.783,0
F907627,58.16,m_117,card_not_present,FR,19,0,0.686,0
F907628,64.62,m_118,wallet,FR,17,0,0.463,0
F907629,33.05,m_169,card_not_present,FR,7,0,0.959,0
F907630,8.27,m_105,card_not_present,FR,6,0,0.668,0
F907631,16.64,m_070,card_present,FR,5,1,0.82,0
F907632,30.72,m_110,wallet,FR,9,0,0.693,0
F907633,48.22,m_043,wallet,CH,6,0,0.842,0
F907634,21.91,m_012,card_present,DE,0,0,0.822,0
F907635,5.27,m_151,wallet,FR,11,0,0.533,0
F907636,27.05,m_149,card_present,DE,3,1,0.553,0
F907637,96.38,m_060,card_not_present,FR,21,0,0.822,0
F907638,18.96,m_173,card_not_present,FR,4,0,0.977,0
F907639,28.81,m_163,card_present,FR,8,0,0.713,0
F907640,79.25,m_041,wallet,IT,7,0,0.735,0
F907641,31.53,m_066,card_not_present,FR,3,0,0.936,0
F907642,3.7,m_092,wallet,FR,11,0,0.56,0
F907643,47.4,m_101,card_not_present,FR,18,0,0.805,0
F907644,105.76,m_095,card_not_present,BE,18,0,0.875,0
F907645,11.8,m_154,card_present,FR,4,0,0.985,0
F907646,98.94,m_022,card_not_present,ES,23,0,0.539,0
F907647,23.41,m_062,card_present,FR,12,0,0.771,0
F907648,12.36,m_060,card_present,FR,23,0,0.606,0
F907649,59.44,m_165,card_present,FR,17,0,0.735,0
F907650,22.9,m_016,card_not_present,DE,7,0,0.561,0
F907651,17.41,m_025,card_not_present,ES,3,0,0.511,0
F907652,4.86,m_153,wallet,FR,14,0,0.499,0
F907653,15.05,m_053,wallet,FR,21,0,0.897,0
F907654,12.69,m_105,card_present,DE,11,1,0.86,0
F907655,34.9,m_166,card_present,FR,19,0,0.976,0
F907656,3.67,m_042,card_present,DE,0,0,0.969,0
F907657,17.03,m_063,card_not_present,DE,15,0,0.339,0
F907658,19.85,m_048,bank_transfer,FR,0,0,0.745,0
F907659,304.64,m_130,card_present,ES,1,0,0.645,0
F907660,23.69,m_018,wallet,IT,22,0,0.74,0
F907661,74.54,m_008,card_not_present,FR,21,0,0.733,0
F907662,79.81,m_076,wallet,ES,0,0,0.366,0
F907663,51.84,m_044,card_not_present,FR,16,1,0.733,0
F907664,48.06,m_149,card_not_present,DE,7,0,0.387,0
F907665,90.94,m_178,card_not_present,FR,20,0,0.523,0
F907666,27.89,m_071,wallet,FR,2,0,0.659,0
F907667,183.63,m_056,card_not_present,,16,0,0.595,0
F907668,109.56,m_148,card_not_present,ES,8,0,0.668,0
F907669,66.42,m_110,card_present,IT,23,0,0.708,0
F907670,38.28,m_123,bank_transfer,DE,19,0,0.881,0
F907671,46.02,m_167,card_present,FR,23,1,0.736,0
F907672,9.68,m_124,card_not_present,DE,19,0,0.669,0
F907673,8.48,m_115,card_present,ES,6,0,0.92,0
F907674,12.12,m_112,card_not_present,ES,13,0,0.788,0
F907675,42.82,m_050,card_not_present,CH,23,0,0.677,0
F907676,33.91,m_132,card_not_present,FR,1,0,0.94,0
F907677,227.3,m_005,card_not_present,FR,2,0,1.0,0
F907678,77.87,m_037,card_present,IT,20,0,0.209,0
F907679,18.31,m_157,card_present,IT,15,1,0.802,0
F907680,10.78,m_009,card_not_present,FR,8,0,1.0,0
F907681,40.64,m_099,bank_transfer,CH,14,0,0.654,0
F907682,,m_047,card_present,FR,3,1,0.648,1
F907683,10.35,m_078,card_present,DE,11,0,0.906,0
F907684,,m_137,card_not_present,DE,19,1,0.909,0
F907685,35.29,m_109,bank_transfer,FR,13,0,0.51,0
F907686,11.65,m_030,card_not_present,FR,5,0,0.539,0
F907687,53.72,m_033,card_not_present,ES,12,0,0.979,0
F907688,118.15,m_175,card_present,DE,18,0,0.675,0
F907689,24.26,m_112,card_not_present,FR,1,0,0.545,0
F907690,28.57,m_121,card_not_present,FR,20,0,0.84,0
F907691,77.44,m_034,card_not_present,DE,3,0,1.0,0
F907692,17.49,m_128,card_not_present,FR,9,0,0.321,0
F907693,27.35,m_076,card_present,FR,13,1,0.592,0
F907694,4.31,m_159,card_not_present,FR,8,0,0.857,0
F907695,31.14,m_041,bank_transfer,FR,23,0,0.824,0
F907696,124.0,m_011,card_not_present,BE,4,0,0.837,0
F907697,142.8,m_136,card_not_present,FR,19,0,1.0,0
F907698,66.55,m_001,card_not_present,FR,3,0,0.493,0
F907699,52.33,m_055,card_not_present,FR,18,0,0.923,0
F907700,46.3,m_132,card_not_present,FR,21,0,0.856,0
F907701,16.54,m_032,card_present,IT,7,0,0.858,0
F907702,72.05,m_171,card_not_present,FR,5,0,0.816,0
F907703,17.89,m_175,bank_transfer,FR,8,0,0.789,0
F907704,33.61,m_050,card_present,FR,12,0,0.739,0
F907705,22.88,m_146,card_not_present,ES,11,0,1.0,0
F907706,11.21,m_070,card_not_present,FR,16,0,0.896,0
F907707,4.88,m_130,wallet,FR,4,0,1.0,0
F907708,27.88,m_029,card_not_present,IT,17,0,0.763,1
F907709,20.16,m_068,wallet,FR,8,0,0.648,1
F907710,39.59,m_055,card_present,FR,9,1,0.845,0
F907711,25.72,m_127,card_not_present,FR,6,0,0.426,0
F907712,1.71,m_160,card_not_present,CH,12,0,0.864,0
F907713,9.46,m_132,card_not_present,ES,0,0,0.886,0
F907714,83.47,m_069,wallet,FR,1,0,0.91,0
F907715,12.78,m_096,card_present,IT,13,0,0.699,0
F907716,47.28,m_149,card_not_present,DE,13,0,0.811,0
F907717,161.14,m_025,card_present,ES,13,1,0.944,0
F907718,15.45,m_146,bank_transfer,ES,2,1,0.927,0
F907719,9.77,m_055,card_not_present,ES,11,0,0.89,0
F907720,29.05,m_067,card_not_present,FR,13,0,0.57,0
F907721,39.1,m_004,card_not_present,FR,3,0,0.593,0
F907722,17.46,m_071,card_present,IT,12,0,1.0,0
F907723,37.31,m_009,card_not_present,ES,20,0,0.779,0
F907724,106.91,m_009,card_not_present,IT,23,1,0.891,0
F907725,781.67,m_177,wallet,FR,7,0,0.584,0
F907726,96.42,m_158,card_present,FR,0,0,1.0,0
F907727,11.57,m_099,wallet,FR,8,1,1.0,0
F907728,,m_008,card_present,FR,9,0,0.878,0
F907729,24.47,m_021,card_present,BE,17,0,0.771,0
F907730,64.63,m_067,card_not_present,IT,9,1,0.687,0
F907731,33.55,m_010,card_not_present,CH,9,1,0.849,0
F907732,83.24,m_097,card_not_present,DE,11,0,0.753,0
F907733,248.51,m_081,card_present,FR,3,0,0.868,0
F907734,2.84,m_043,card_present,DE,0,0,0.525,0
F907735,15.42,m_162,wallet,FR,6,0,0.839,0
F907736,109.33,m_160,card_present,DE,3,0,0.532,0
F907737,67.98,m_009,card_present,DE,12,0,0.749,0
F907738,16.28,m_012,card_not_present,FR,11,0,0.482,0
F907739,30.16,m_102,card_not_present,ES,2,0,1.0,0
F907740,11.51,m_079,card_not_present,FR,6,0,0.366,0
F907741,9.31,m_157,card_not_present,ES,14,0,0.585,0
F907742,10.51,m_145,card_not_present,FR,0,0,0.835,0
F907743,60.88,m_096,card_not_present,FR,18,0,0.733,0
F907744,30.64,m_047,wallet,BE,14,0,0.899,0
F907745,46.4,m_059,card_present,ES,19,0,0.7,0
F907746,44.81,m_032,card_present,FR,0,1,0.548,0
F907747,29.82,m_041,card_present,FR,11,0,0.752,0
F907748,38.04,m_031,card_not_present,FR,0,1,0.629,0
F907749,44.74,m_019,card_present,FR,19,1,0.38,0
F907750,32.42,m_084,card_not_present,FR,0,1,0.571,1
F907751,,m_074,card_present,IT,14,0,0.707,0
F907752,20.72,m_136,wallet,FR,23,0,0.524,0
F907753,64.15,m_160,card_present,FR,8,1,0.767,0
F907754,46.12,m_062,card_not_present,ES,4,0,0.658,0
F907755,16.61,m_149,card_present,ES,18,0,0.759,0
F907756,18.17,m_165,card_present,IT,21,0,0.644,0
F907757,32.83,m_034,card_not_present,FR,20,0,0.92,1
F907758,19.89,m_115,wallet,CH,6,0,0.656,0
F907759,40.92,m_024,card_present,FR,17,1,0.616,0
F907760,38.49,m_048,card_not_present,FR,8,0,0.84,0
F907761,76.13,m_011,card_present,FR,12,0,0.67,0
F907762,49.1,m_078,card_present,DE,18,0,0.922,0
F907763,49.53,m_148,card_present,FR,22,1,0.999,0
F907764,41.78,m_019,card_not_present,DE,9,0,0.599,0
F907765,10.36,m_103,card_present,DE,12,0,0.647,0
F907766,81.27,m_046,card_present,FR,3,0,0.466,0
F907767,17.59,m_019,card_present,DE,17,0,0.575,0
F907768,101.34,m_100,card_not_present,FR,0,0,0.747,0
F907769,26.27,m_029,card_present,FR,14,0,0.427,0
F907770,289.75,m_120,wallet,FR,1,1,0.579,0
F907771,22.48,m_038,card_not_present,BE,12,0,0.945,0
F907772,110.01,m_141,card_not_present,FR,17,1,0.547,0
F907773,60.89,m_081,card_present,DE,1,1,0.664,0
F907774,237.67,m_093,card_not_present,ES,11,0,1.0,0
F907775,14.87,m_040,card_not_present,IT,11,0,0.795,0
F907776,111.76,m_108,card_present,FR,1,0,0.551,0
F907777,45.9,m_005,card_not_present,FR,6,0,0.694,0
F907778,93.49,m_104,bank_transfer,CH,11,0,0.696,0
F907779,37.44,m_122,card_not_present,FR,18,0,0.711,0
F907780,,m_129,wallet,IT,1,1,0.482,0
F907781,30.53,m_074,card_not_present,ES,18,0,0.327,0
F907782,9.43,m_054,bank_transfer,DE,11,0,0.966,0
F907783,10.17,m_024,card_not_present,FR,4,0,0.741,1
F907784,37.52,m_020,card_not_present,FR,5,0,1.0,0
F907785,84.86,m_083,card_not_present,FR,1,0,0.657,0
F907786,20.67,m_140,card_present,FR,5,0,0.715,0
F907787,113.81,m_121,bank_transfer,DE,8,0,0.684,0
F907788,98.27,m_130,card_present,FR,1,1,0.805,0
F907789,116.17,m_054,card_not_present,CH,23,0,0.537,1
F907790,19.26,m_065,card_present,FR,22,0,0.568,0
F907791,42.7,m_013,card_present,ES,23,0,0.77,0
F907792,25.71,m_127,card_present,FR,12,0,0.606,0
F907793,13.79,m_025,card_not_present,FR,20,1,0.609,0
F907794,59.32,m_027,card_present,FR,11,1,0.737,0
F907795,7.07,m_017,card_not_present,FR,19,0,0.674,0
F907796,39.05,m_148,card_not_present,FR,13,0,0.966,0
F907797,42.14,m_175,card_present,FR,20,0,0.763,0
F907798,23.41,m_136,card_not_present,IT,13,0,1.0,0
F907799,24.19,m_005,card_present,FR,0,1,0.561,1
F907800,143.32,m_074,card_not_present,IT,6,0,0.564,0
F907801,60.44,m_003,card_not_present,DE,20,0,0.296,0
F907802,256.72,m_050,wallet,FR,4,0,0.859,0
F907803,224.55,m_017,card_present,ES,15,0,0.809,1
F907804,79.94,m_129,wallet,FR,23,1,0.815,1
F907805,44.98,m_037,card_present,BE,4,0,0.906,0
F907806,29.28,m_100,card_present,FR,4,0,0.431,0
F907807,18.63,m_151,card_not_present,FR,14,0,0.506,1
F907808,52.47,m_014,card_not_present,FR,16,0,0.753,0
F907809,25.23,m_178,card_present,FR,12,0,0.562,0
F907810,60.12,m_148,card_not_present,FR,17,0,0.475,0
F907811,21.94,m_087,card_present,FR,18,0,0.938,0
F907812,13.52,m_019,bank_transfer,BE,5,0,0.715,1
F907813,76.56,m_014,wallet,BE,0,0,0.817,0
F907814,23.34,m_176,card_present,ES,18,0,0.667,0
F907815,26.84,m_172,card_not_present,FR,19,0,0.862,0
F907816,14.69,m_063,card_not_present,ES,5,0,0.518,0
F907817,23.33,m_158,bank_transfer,FR,17,1,0.618,0
F907818,26.63,m_042,card_not_present,CH,20,1,0.662,0
F907819,35.62,m_056,card_not_present,DE,10,0,0.813,0
F907820,61.91,m_049,bank_transfer,FR,9,0,0.823,0
F907821,11.18,m_105,card_present,FR,15,1,0.609,0
F907822,84.17,m_042,wallet,FR,23,0,0.533,0
F907823,21.56,m_081,card_present,FR,16,0,0.601,0
F907824,7.94,m_127,card_not_present,FR,17,0,0.671,0
F907825,18.87,m_089,card_present,FR,14,1,0.432,0
F907826,43.86,m_062,card_not_present,FR,11,0,0.318,0
F907827,278.92,m_171,card_present,FR,22,1,0.781,0
F907828,18.24,m_043,card_present,CH,4,1,0.866,0
F907829,19.56,m_177,card_not_present,FR,10,1,0.6,0
F907830,14.2,m_073,card_not_present,FR,18,1,0.51,0
F907831,127.48,m_110,card_present,FR,17,0,0.824,0
F907832,13.55,m_012,card_not_present,FR,22,0,0.558,0
F907833,19.63,m_115,card_not_present,BE,23,0,0.725,1
F907834,216.84,m_029,card_not_present,FR,11,0,0.797,0
F907835,40.73,m_077,card_present,FR,0,0,0.638,0
F907836,192.63,m_165,wallet,FR,19,0,0.707,0
F907837,18.33,m_101,card_present,FR,23,0,0.568,0
F907838,42.58,m_110,card_not_present,FR,18,0,0.902,0
F907839,14.63,m_119,bank_transfer,BE,16,0,0.659,0
F907840,65.93,m_083,bank_transfer,FR,20,0,0.696,0
F907841,39.64,m_003,card_not_present,CH,1,1,0.585,0
F907842,104.62,m_049,card_not_present,DE,20,0,0.968,0
F907843,80.93,m_031,card_not_present,FR,3,0,0.748,0
F907844,29.34,m_071,card_present,IT,18,1,1.0,0
F907845,2.04,m_007,card_present,FR,5,0,0.533,0
F907846,68.78,m_143,wallet,DE,17,0,1.0,0
F907847,7.03,m_015,wallet,FR,19,0,0.831,0
F907848,160.31,m_112,card_present,FR,22,1,0.44,0
F907849,32.48,m_148,card_present,FR,18,0,0.637,0
F907850,85.61,m_023,card_not_present,FR,11,0,0.68,0
F907851,19.9,m_062,card_present,FR,4,0,0.704,0
F907852,14.03,m_092,card_present,FR,23,1,0.489,0
F907853,21.68,m_040,card_not_present,FR,2,0,0.577,1
F907854,57.35,m_071,card_present,IT,23,0,0.978,0
F907855,142.47,m_109,wallet,BE,22,0,0.637,0
F907856,106.28,m_015,card_not_present,BE,22,0,0.691,0
F907857,7.18,m_132,card_present,FR,1,0,0.289,0
F907858,17.32,m_102,card_not_present,FR,6,0,0.702,0
F907859,9.82,m_100,card_not_present,IT,2,0,0.793,0
F907860,75.97,m_000,card_not_present,BE,7,0,0.899,0
F907861,49.09,m_053,card_not_present,CH,0,0,0.595,0
F907862,28.02,m_106,card_not_present,FR,19,0,0.781,0
F907863,6.77,m_021,card_present,BE,16,1,0.6,0
F907864,52.06,m_135,card_not_present,FR,6,0,0.899,0
F907865,11.11,m_096,bank_transfer,FR,3,0,0.875,0
F907866,24.94,m_145,card_not_present,FR,13,0,0.68,0
F907867,39.5,m_155,card_not_present,FR,6,1,0.293,0
F907868,15.21,m_032,card_present,FR,8,0,1.0,0
F907869,101.11,m_012,wallet,FR,16,0,0.694,0
F907870,32.65,m_071,card_not_present,ES,22,0,0.578,0
F907871,79.23,m_138,card_present,FR,22,0,0.82,0
F907872,16.87,m_111,card_present,DE,10,0,0.929,0
F907873,89.05,m_053,card_not_present,FR,13,0,0.456,0
F907874,76.56,m_115,card_not_present,DE,16,0,0.799,0
F907875,53.69,m_163,card_not_present,FR,2,0,0.567,0
F907876,30.01,m_096,card_not_present,FR,9,0,0.651,0
F907877,35.26,m_139,card_not_present,DE,13,0,0.53,0
F907878,63.15,m_173,card_present,FR,7,1,0.706,0
F907879,28.79,m_038,card_present,FR,5,0,0.786,0
F907880,111.65,m_022,card_present,FR,9,0,0.317,0
F907881,24.82,m_132,bank_transfer,DE,12,0,0.43,0
F907882,97.96,m_079,card_not_present,FR,15,0,0.489,0
F907883,28.13,m_160,card_not_present,FR,12,0,0.868,0
F907884,175.63,m_069,card_not_present,IT,11,1,0.81,0
F907885,19.65,m_000,card_not_present,IT,16,0,0.824,0
F907886,8.63,m_030,card_present,ES,22,0,0.47,0
F907887,92.64,m_163,card_present,FR,18,0,0.525,0
F907888,11.27,m_089,card_present,FR,19,0,0.611,0
F907889,13.96,m_169,card_present,IT,2,1,0.865,1
F907890,132.34,m_167,card_present,CH,20,0,0.696,0
F907891,59.06,m_172,bank_transfer,FR,11,0,0.698,0
F907892,27.77,m_111,card_not_present,FR,22,0,0.968,0
F907893,102.48,m_051,card_present,CH,19,0,0.697,0
F907894,63.48,m_124,card_not_present,FR,5,0,1.0,0
F907895,66.07,m_121,card_present,FR,17,1,0.607,0
F907896,,m_133,card_not_present,FR,3,0,0.633,0
F907897,101.25,m_159,card_not_present,FR,21,1,0.962,0
F907898,36.71,m_007,card_not_present,FR,18,0,0.904,0
F907899,67.8,m_162,card_present,FR,0,0,0.649,1
F907900,78.7,m_093,card_present,BE,11,1,0.519,0
F907901,28.63,m_176,wallet,ES,2,0,0.97,0
F907902,6.62,m_082,card_present,FR,20,0,0.702,0
F907903,22.34,m_041,card_not_present,CH,19,0,0.414,0
F907904,43.47,m_151,card_present,FR,12,0,0.887,0
F907905,9.05,m_005,card_not_present,FR,2,0,0.356,0
F907906,83.14,m_014,card_present,BE,22,0,0.624,0
F907907,13.29,m_098,card_present,IT,10,0,0.496,0
F907908,18.03,m_149,bank_transfer,BE,11,1,0.957,0
F907909,42.44,m_146,card_not_present,FR,16,0,0.792,0
F907910,15.67,m_104,bank_transfer,DE,13,0,0.653,0
F907911,18.92,m_107,card_present,FR,17,0,0.78,0
F907912,10.93,m_054,card_present,IT,6,0,0.627,0
F907913,35.44,m_093,wallet,IT,14,0,0.918,0
F907914,61.27,m_060,card_present,FR,19,0,0.91,0
F907915,15.63,m_150,card_not_present,DE,23,1,0.708,0
F907916,50.52,m_044,card_present,ES,14,0,0.384,0
F907917,16.86,m_107,card_not_present,CH,8,1,0.867,0
F907918,25.7,m_144,card_not_present,FR,17,0,0.88,0
F907919,16.39,m_176,wallet,IT,20,0,0.537,0
F907920,227.99,m_162,card_not_present,FR,6,0,0.5,0
F907921,27.11,m_054,wallet,FR,17,0,0.736,0
F907922,15.15,m_017,card_not_present,FR,23,1,0.661,1
F907923,11.81,m_119,wallet,ES,14,1,0.781,0
F907924,9.41,m_131,card_not_present,DE,23,0,0.45,0
F907925,13.18,m_118,card_present,CH,13,0,0.547,0
F907926,39.25,m_175,card_present,BE,11,0,0.752,0
F907927,17.65,m_119,card_not_present,CH,14,0,0.556,0
F907928,7.37,m_024,card_not_present,FR,19,0,0.904,0
F907929,13.39,m_109,wallet,FR,14,0,0.852,0
F907930,40.09,m_038,card_present,FR,14,1,0.503,0
F907931,19.58,m_064,card_not_present,FR,5,1,0.98,0
F907932,29.21,m_171,card_present,ES,11,0,0.719,0
F907933,,m_012,card_not_present,FR,2,0,0.901,0
F907934,5.48,m_099,card_present,FR,20,1,0.984,0
F907935,45.19,m_123,wallet,FR,11,0,0.634,0
F907936,103.4,m_030,card_not_present,BE,1,1,0.822,0
F907937,74.1,m_018,card_present,FR,16,1,0.566,0
F907938,71.77,m_008,card_not_present,,0,0,0.783,1
F907939,18.6,m_172,card_not_present,BE,3,0,0.818,0
F907940,307.66,m_121,card_present,ES,13,0,0.55,0
F907941,20.41,m_069,card_not_present,FR,1,1,0.653,0
F907942,15.05,m_114,card_not_present,FR,21,0,0.749,0
F907943,9.26,m_158,wallet,ES,23,1,0.88,0
F907944,151.5,m_113,wallet,DE,6,0,0.769,0
F907945,70.18,m_059,wallet,BE,22,0,0.664,0
F907946,137.09,m_121,wallet,ES,10,0,0.538,0
F907947,21.7,m_098,card_not_present,FR,13,0,0.386,0
F907948,18.87,m_102,card_not_present,DE,18,0,1.0,0
F907949,58.28,m_153,card_present,FR,21,0,0.67,0
F907950,35.15,m_103,card_present,FR,6,0,0.315,0
F907951,11.3,m_178,card_present,FR,13,0,0.663,0
F907952,99.95,m_122,card_present,FR,8,1,0.859,0
F907953,36.61,m_062,card_not_present,FR,9,1,0.784,0
F907954,153.38,m_060,card_present,IT,4,0,0.713,1
F907955,40.2,m_175,card_not_present,FR,1,0,0.874,0
F907956,17.34,m_090,card_not_present,FR,23,1,0.572,0
F907957,59.14,m_035,card_not_present,CH,3,0,1.0,0
F907958,30.32,m_168,card_present,FR,8,0,1.0,0
F907959,61.2,m_020,card_not_present,BE,9,0,0.494,0
F907960,26.92,m_010,card_not_present,FR,7,0,0.637,0
F907961,49.47,m_085,card_not_present,ES,15,0,0.957,0
F907962,58.11,m_058,card_present,DE,9,0,0.751,0
F907963,59.14,m_172,bank_transfer,IT,22,0,0.637,0
F907964,,m_108,card_present,FR,19,0,0.433,0
F907965,55.28,m_051,card_present,FR,22,1,0.897,0
F907966,73.26,m_124,card_present,IT,0,0,0.808,0
F907967,33.91,m_080,card_not_present,BE,7,0,0.861,0
F907968,20.33,m_169,card_not_present,ES,22,0,0.602,0
F907969,33.89,m_047,bank_transfer,FR,9,1,0.497,0
F907970,23.25,m_025,wallet,ES,19,0,0.433,1
F907971,29.02,m_005,card_present,IT,2,0,0.622,0
F907972,8.62,m_117,card_present,FR,5,0,0.909,0
F907973,22.33,m_132,card_not_present,DE,16,0,0.852,0
F907974,13.06,m_097,card_present,IT,6,0,0.78,0
F907975,23.57,m_038,bank_transfer,FR,8,0,0.585,0
F907976,21.67,m_144,card_present,FR,4,1,0.808,0
F907977,23.85,m_087,card_not_present,FR,7,0,0.728,0
F907978,46.99,m_130,card_not_present,IT,3,1,0.489,1
F907979,36.94,m_007,card_not_present,DE,9,1,0.382,0
F907980,96.97,m_179,wallet,FR,10,1,0.649,0
F907981,39.3,m_100,wallet,FR,23,0,0.744,0
F907982,18.13,m_173,card_present,IT,0,1,0.74,0
F907983,22.96,m_077,card_not_present,ES,13,0,0.957,0
F907984,240.68,m_077,bank_transfer,FR,16,0,0.687,0
F907985,69.05,m_066,bank_transfer,FR,21,0,0.89,0
F907986,8.0,m_130,wallet,FR,0,0,0.904,0
F907987,77.21,m_168,card_not_present,IT,12,0,0.648,0
F907988,26.97,m_109,wallet,DE,3,0,0.812,0
F907989,21.93,m_061,card_not_present,CH,9,0,0.79,0
F907990,53.43,m_035,card_not_present,IT,4,0,0.727,0
F907991,16.68,m_061,card_not_present,FR,19,0,0.8,0
F907992,84.16,m_174,card_not_present,DE,7,0,1.0,0
F907993,34.65,m_002,card_not_present,FR,16,0,0.411,0
F907994,45.29,m_109,card_present,IT,3,0,0.58,0
F907995,61.77,m_029,card_present,CH,2,0,0.629,0
F907996,21.03,m_107,wallet,FR,9,0,0.905,0
F907997,28.67,m_067,card_not_present,FR,22,0,0.695,0
F907998,11.51,m_002,bank_transfer,FR,1,0,0.857,0
F907999,24.6,m_098,card_not_present,FR,12,0,0.638,0
F908000,53.59,m_035,card_not_present,FR,17,0,0.842,0
F908001,9.99,m_041,card_not_present,FR,0,0,0.621,0
F908002,176.54,m_125,card_present,FR,9,0,0.983,0
F908003,31.62,m_048,card_not_present,FR,0,0,0.491,0
F908004,15.6,m_178,bank_transfer,IT,11,0,0.652,0
F908005,54.67,m_168,card_not_present,FR,14,0,0.478,0
F908006,50.31,m_050,bank_transfer,FR,0,0,0.552,0
F908007,56.81,m_045,card_not_present,DE,5,0,0.294,1
F908008,21.26,m_067,card_not_present,BE,10,0,0.749,0
F908009,51.24,m_139,card_present,DE,7,0,0.639,0
F908010,49.62,m_080,card_not_present,FR,8,0,0.74,0
F908011,1.51,m_111,wallet,FR,13,0,0.738,0
F908012,12.46,m_074,card_not_present,FR,12,0,0.821,0
F908013,14.42,m_050,card_not_present,FR,21,1,1.0,0
F908014,49.68,m_135,bank_transfer,FR,7,0,0.661,0
F908015,18.04,m_015,card_present,FR,6,0,1.0,0
F908016,,m_108,card_present,FR,10,0,1.0,0
F908017,12.58,m_134,wallet,FR,7,0,0.482,0
F908018,43.59,m_029,card_not_present,FR,12,0,0.409,1
F908019,171.58,m_143,card_not_present,FR,20,0,0.59,0
F908020,89.38,m_126,card_present,FR,5,0,0.639,0
F908021,20.98,m_112,card_not_present,,8,1,0.858,0
F908022,32.42,m_165,card_present,FR,9,0,1.0,0
F908023,17.96,m_054,wallet,FR,16,0,0.338,1
F908024,4.28,m_019,card_present,CH,11,0,0.569,0
F908025,74.17,m_092,card_not_present,DE,23,0,0.761,0
F908026,21.72,m_056,card_present,FR,14,0,0.719,0
F908027,25.16,m_150,card_not_present,FR,0,0,0.672,1
F908028,18.09,m_160,card_not_present,DE,2,1,0.506,1
F908029,45.75,m_087,card_not_present,FR,19,1,0.977,0
F908030,,m_032,card_present,DE,2,0,0.742,0
F908031,7.1,m_164,card_not_present,ES,6,0,0.921,0
F908032,35.23,m_010,card_present,FR,7,0,0.648,0
F908033,36.61,m_122,card_not_present,DE,6,0,0.751,0
F908034,,m_141,card_not_present,DE,0,0,0.431,0
F908035,40.63,m_032,card_present,IT,13,0,0.477,0
F908036,72.27,m_146,wallet,DE,16,1,0.613,0
F908037,34.98,m_127,wallet,FR,0,0,0.855,0
F908038,67.97,m_002,card_not_present,BE,13,0,0.493,0
F908039,47.48,m_076,card_present,DE,23,0,0.625,0
F908040,65.84,m_150,card_not_present,FR,1,0,0.707,0
F908041,58.45,m_122,card_present,FR,4,0,0.657,0
F908042,54.01,m_106,card_present,FR,1,0,0.738,0
F908043,63.72,m_095,card_not_present,IT,9,0,0.768,0
F908044,29.67,m_176,card_not_present,ES,21,0,0.735,0
F908045,49.16,m_095,card_present,ES,13,0,0.737,0
F908046,50.08,m_120,card_present,FR,23,0,0.641,0
F908047,48.98,m_048,card_not_present,CH,5,0,1.0,0
F908048,7.85,m_063,card_not_present,FR,7,0,0.469,0
F908049,94.43,m_050,card_present,IT,17,0,0.488,0
F908050,108.49,m_017,card_present,FR,4,0,0.955,0
F908051,19.06,m_157,card_not_present,FR,12,0,0.683,0
F908052,40.13,m_051,card_not_present,FR,1,1,0.903,0
F908053,20.94,m_137,wallet,FR,9,1,0.377,0
F908054,116.86,m_032,card_not_present,DE,6,0,0.68,0
F908055,16.61,m_050,card_not_present,BE,21,0,0.517,0
F908056,22.76,m_008,wallet,DE,3,0,1.0,0
F908057,10.12,m_103,card_present,IT,19,0,0.767,0
F908058,25.91,m_174,card_present,FR,17,0,0.842,0
F908059,14.26,m_083,card_present,FR,19,0,0.423,0
F908060,32.55,m_101,wallet,FR,22,0,0.577,0
F908061,9.36,m_045,card_not_present,ES,3,0,0.756,0
F908062,29.07,m_093,card_not_present,FR,0,1,0.808,0
F908063,89.43,m_178,card_not_present,FR,1,0,0.721,0
F908064,129.14,m_110,card_not_present,FR,17,0,1.0,0
F908065,58.22,m_069,card_not_present,ES,19,0,0.927,0
F908066,11.41,m_161,card_present,FR,22,1,0.563,0
F908067,38.79,m_142,card_not_present,FR,11,0,0.767,1
F908068,64.27,m_171,card_not_present,IT,9,0,0.325,0
F908069,101.87,m_179,card_present,ES,2,0,0.869,0
F908070,15.7,m_165,wallet,FR,0,1,0.699,0
F908071,33.15,m_079,card_not_present,CH,5,0,0.642,0
F908072,26.19,m_049,wallet,FR,14,1,0.722,0
F908073,13.15,m_034,card_not_present,FR,10,0,0.951,0
F908074,3.42,m_136,card_present,FR,20,0,0.829,0
F908075,30.27,m_003,card_present,CH,10,1,0.712,0
F908076,24.6,m_168,card_not_present,FR,11,0,0.576,0
F908077,103.21,m_049,card_not_present,FR,5,0,0.495,0
F908078,265.12,m_169,wallet,ES,18,0,0.505,0
F908079,14.43,m_060,bank_transfer,CH,6,0,0.963,0
F908080,41.39,m_151,card_not_present,FR,23,0,0.786,0
F908081,41.91,m_057,card_not_present,FR,23,0,1.0,0
F908082,100.53,m_016,wallet,ES,21,0,0.687,0
F908083,35.94,m_048,card_present,DE,10,0,0.667,0
F908084,48.14,m_159,wallet,BE,18,0,0.857,0
F908085,50.34,m_073,wallet,FR,3,0,0.602,0
F908086,,m_101,card_not_present,ES,15,0,0.736,0
F908087,55.17,m_082,wallet,ES,8,0,0.564,0
F908088,86.8,m_126,card_present,FR,16,0,0.651,0
F908089,6.86,m_053,card_not_present,FR,4,1,0.854,0
F908090,115.31,m_086,wallet,FR,17,0,0.378,0
F908091,6.57,m_119,card_present,FR,23,0,0.702,0
F908092,18.44,m_065,card_not_present,FR,13,0,0.649,0
F908093,88.29,m_067,card_not_present,IT,10,1,0.905,0
F908094,26.39,m_078,card_not_present,FR,16,1,0.566,0
F908095,77.2,m_065,card_present,CH,8,0,0.508,0
F908096,262.71,m_030,card_present,FR,4,0,0.717,0
F908097,4.49,m_131,bank_transfer,FR,4,0,0.824,0
F908098,19.5,m_154,card_not_present,FR,5,0,0.986,0
F908099,30.71,m_051,card_not_present,FR,20,0,0.439,0
F908100,9.25,m_047,card_not_present,FR,19,0,1.0,1
F908101,,m_100,wallet,ES,16,0,0.914,0
F908102,8.16,m_117,card_present,FR,9,0,0.768,0
F908103,62.44,m_036,card_present,IT,8,1,0.717,0
F908104,306.17,m_124,bank_transfer,IT,10,0,0.778,0
F908105,109.2,m_007,wallet,CH,10,1,0.726,0
F908106,104.3,m_115,card_not_present,DE,2,0,0.615,1
F908107,131.96,m_060,card_not_present,IT,0,0,0.793,0
F908108,16.75,m_098,wallet,FR,9,0,0.922,1
F908109,47.2,m_071,wallet,ES,17,0,0.763,1
F908110,,m_066,card_not_present,BE,3,0,0.833,0
F908111,22.16,m_094,bank_transfer,ES,8,0,0.8,0
F908112,224.68,m_029,card_present,DE,16,0,0.589,0
F908113,10.51,m_113,card_not_present,FR,7,0,0.745,0
F908114,26.92,m_030,card_not_present,FR,5,0,1.0,0
F908115,51.09,m_041,card_not_present,FR,1,0,0.841,0
F908116,4.45,m_002,card_present,FR,17,0,0.602,0
F908117,210.44,m_043,card_not_present,FR,18,0,0.609,0
F908118,1.35,m_042,card_present,FR,8,1,0.599,0
F908119,53.76,m_147,wallet,DE,6,0,0.565,0
F908120,28.34,m_027,wallet,FR,19,1,0.771,0
F908121,18.4,m_127,wallet,FR,3,1,0.703,0
F908122,11.26,m_132,card_not_present,CH,12,1,0.826,0
F908123,20.68,m_001,card_present,FR,23,0,0.604,0
F908124,63.73,m_045,card_present,ES,10,0,0.542,0
F908125,59.23,m_061,card_present,FR,11,0,0.813,0
F908126,73.02,m_047,card_present,FR,0,0,1.0,0
F908127,8.86,m_095,card_not_present,FR,22,1,0.735,0
F908128,9.79,m_063,card_not_present,FR,15,0,1.0,0
F908129,18.53,m_141,card_not_present,FR,1,0,0.833,1
F908130,11.97,m_015,card_not_present,FR,2,0,0.894,0
F908131,19.0,m_058,card_present,ES,9,0,0.551,0
F908132,9.72,m_174,bank_transfer,FR,3,0,0.499,0
F908133,35.46,m_094,card_present,DE,20,0,0.429,0
F908134,49.27,m_006,card_not_present,BE,16,0,0.804,1
F908135,12.82,m_060,card_present,FR,0,0,0.767,0
F908136,29.87,m_132,card_present,FR,11,0,0.573,0
F908137,23.99,m_045,card_not_present,FR,17,0,0.559,0
F908138,10.89,m_158,card_not_present,FR,6,0,0.751,0
F908139,16.98,m_130,wallet,FR,3,0,0.752,0
F908140,20.65,m_104,card_not_present,FR,13,0,0.509,0
F908141,139.96,m_037,card_not_present,BE,21,0,0.392,0
F908142,21.91,m_116,card_not_present,FR,1,0,0.647,1
F908143,28.56,m_062,card_not_present,FR,20,0,0.977,0
F908144,50.77,m_060,card_not_present,DE,15,0,1.0,0
F908145,8.06,m_004,card_present,ES,3,0,0.715,0
F908146,20.13,m_092,card_not_present,FR,22,1,0.599,0
F908147,49.39,m_040,card_present,,9,0,0.5,0
F908148,22.45,m_138,card_not_present,FR,15,0,0.641,0
F908149,55.19,m_110,bank_transfer,FR,1,0,0.666,0
F908150,42.33,m_014,card_not_present,FR,15,0,0.574,0
F908151,18.38,m_169,card_present,ES,1,1,0.572,0
F908152,12.73,m_179,card_not_present,BE,22,0,0.901,0
F908153,90.08,m_066,card_not_present,ES,8,0,0.646,0
F908154,25.57,m_028,card_present,CH,5,0,0.969,0
F908155,13.54,m_048,card_not_present,ES,6,0,0.788,0
F908156,69.6,m_023,card_not_present,FR,12,0,1.0,0
F908157,12.27,m_013,wallet,CH,1,0,0.663,1
F908158,57.63,m_076,card_present,CH,12,0,0.581,0
F908159,34.39,m_080,card_not_present,CH,22,0,0.734,0
F908160,6.45,m_106,card_not_present,FR,8,0,0.691,1
F908161,18.23,m_081,card_present,FR,23,0,0.601,0
F908162,5.24,m_075,card_not_present,FR,11,0,0.771,1
F908163,1.61,m_099,card_present,IT,15,0,0.687,0
F908164,70.98,m_110,card_not_present,ES,3,0,1.0,0
F908165,21.28,m_023,card_not_present,FR,6,0,1.0,1
F908166,41.04,m_164,card_present,FR,9,0,0.981,0
F908167,230.24,m_058,card_present,IT,23,0,0.615,0
F908168,35.89,m_083,card_not_present,FR,9,0,0.423,0
F908169,215.35,m_025,card_present,FR,23,0,0.736,1
F908170,39.03,m_162,card_not_present,ES,21,0,0.669,0
F908171,21.08,m_051,card_not_present,FR,2,0,0.585,0
F908172,5.93,m_128,card_not_present,FR,18,0,0.786,0
F908173,13.71,m_087,wallet,FR,16,1,0.72,0
F908174,7.08,m_006,card_not_present,FR,7,0,0.536,0
F908175,75.47,m_096,wallet,FR,13,0,0.604,0
F908176,17.72,m_157,card_not_present,CH,20,1,0.481,0
F908177,17.3,m_055,card_present,FR,11,0,0.842,0
F908178,4.61,m_004,card_present,FR,0,0,0.266,0
F908179,73.87,m_044,card_present,FR,1,0,0.797,0
F908180,73.66,m_032,card_present,BE,20,0,1.0,0
F908181,6.7,m_014,card_not_present,FR,2,0,0.651,0
F908182,,m_109,card_not_present,DE,6,0,0.82,0
F908183,9.12,m_174,bank_transfer,FR,5,0,0.821,0
F908184,82.71,m_096,card_not_present,FR,5,0,0.568,0
F908185,121.78,m_066,card_not_present,IT,12,0,0.724,0
F908186,18.29,m_167,card_not_present,IT,11,1,0.902,0
F908187,94.3,m_066,card_not_present,FR,2,0,0.895,1
F908188,20.25,m_082,wallet,ES,14,0,0.809,0
F908189,34.61,m_013,card_not_present,CH,21,0,0.731,0
F908190,51.35,m_010,card_not_present,FR,20,1,0.94,1
F908191,17.0,m_130,card_not_present,FR,23,0,0.788,0
F908192,30.54,m_082,card_present,FR,19,0,0.688,0
F908193,168.98,m_072,card_not_present,ES,0,0,0.507,0
F908194,42.02,m_163,card_present,FR,13,1,0.451,0
F908195,20.75,m_159,wallet,FR,15,0,0.552,0
F908196,11.3,m_058,card_present,FR,16,0,0.462,0
F908197,17.95,m_067,card_not_present,DE,23,1,0.913,1
F908198,20.2,m_156,wallet,FR,15,0,0.684,0
F908199,93.35,m_047,wallet,BE,8,0,0.604,0
F908200,30.0,m_131,wallet,FR,2,0,1.0,0
F908201,7.33,m_131,card_present,FR,3,0,0.424,0
F908202,136.6,m_048,card_present,FR,14,1,0.275,0
F908203,30.84,m_099,card_not_present,FR,4,0,0.553,0
F908204,600.31,m_166,wallet,DE,19,0,0.863,0
F908205,12.33,m_018,card_not_present,FR,13,0,0.923,0
F908206,,m_073,card_present,FR,9,0,0.789,0
F908207,200.63,m_104,card_not_present,FR,5,1,0.472,0
F908208,23.83,m_142,card_present,FR,1,0,0.954,0
F908209,67.65,m_027,card_present,FR,0,0,0.821,0
F908210,44.94,m_053,bank_transfer,FR,8,0,0.603,0
F908211,8.83,m_152,card_not_present,FR,16,0,0.938,0
F908212,27.67,m_008,card_present,FR,20,0,0.877,0
F908213,50.01,m_116,card_not_present,FR,16,1,0.758,0
F908214,10.95,m_156,card_present,ES,10,1,0.5,0
F908215,53.03,m_082,card_present,DE,19,0,0.899,0
F908216,91.37,m_094,card_present,FR,9,0,0.995,0
F908217,32.27,m_101,card_not_present,ES,11,0,0.674,0
F908218,122.57,m_019,card_present,FR,15,0,0.569,1
F908219,122.75,m_103,card_present,FR,16,0,0.928,0
F908220,56.86,m_143,card_not_present,FR,18,0,0.762,0
F908221,85.3,m_118,card_not_present,IT,21,1,0.763,0
F908222,19.48,m_004,card_not_present,DE,2,0,0.671,0
F908223,20.18,m_117,card_present,FR,7,0,1.0,0
F908224,17.9,m_165,card_present,IT,7,0,0.637,0
F908225,54.46,m_077,card_present,FR,13,0,0.418,0
F908226,59.09,m_071,card_present,CH,12,0,0.55,0
F908227,231.82,m_102,card_not_present,FR,4,0,0.561,0
F908228,75.55,m_105,card_present,FR,16,0,0.35,0
F908229,4.46,m_015,card_present,FR,0,0,1.0,0
F908230,,m_167,card_not_present,FR,12,0,0.81,0
F908231,118.78,m_063,card_present,FR,12,0,0.822,0
F908232,80.36,m_117,card_not_present,FR,2,0,0.367,0
F908233,25.32,m_040,card_not_present,FR,6,1,0.761,0
F908234,99.86,m_063,card_present,ES,2,0,0.831,0
F908235,15.3,m_094,card_present,FR,20,1,0.804,0
F908236,109.54,m_121,card_not_present,FR,18,0,0.517,0
F908237,48.02,m_163,card_present,FR,20,0,0.731,0
F908238,7.12,m_175,card_not_present,FR,20,1,0.967,0
F908239,162.43,m_122,wallet,ES,13,0,0.817,0
F908240,61.14,m_099,bank_transfer,DE,11,0,1.0,0
F908241,31.05,m_051,card_not_present,FR,3,0,1.0,0
F908242,12.21,m_148,card_present,FR,23,0,1.0,0
F908243,12.54,m_126,card_present,FR,21,0,0.554,0
F908244,6.15,m_079,card_present,BE,16,0,1.0,0
F908245,76.65,m_132,card_present,FR,13,0,0.63,0
F908246,27.84,m_076,card_not_present,ES,2,0,0.714,0
F908247,15.32,m_072,card_present,ES,0,0,0.845,0
F908248,69.21,m_028,bank_transfer,ES,15,0,0.722,0
F908249,108.11,m_124,card_present,FR,16,0,0.648,0
F908250,23.11,m_054,bank_transfer,FR,7,0,0.938,0
F908251,67.36,m_122,card_not_present,IT,19,0,0.739,1
F908252,34.36,m_075,card_present,FR,5,0,0.641,0
F908253,23.76,m_108,card_not_present,FR,9,0,0.412,1
F908254,16.28,m_094,bank_transfer,FR,0,1,0.589,0
F908255,64.19,m_169,bank_transfer,FR,23,0,0.505,0
F908256,421.89,m_139,wallet,DE,0,0,0.894,0
F908257,14.47,m_167,card_present,ES,16,0,0.847,0
F908258,117.1,m_093,card_not_present,FR,15,0,0.644,0
F908259,20.84,m_079,card_not_present,FR,9,0,0.777,0
F908260,26.74,m_083,card_present,FR,22,0,1.0,0
F908261,28.13,m_122,wallet,FR,9,0,0.599,0
F908262,17.95,m_036,bank_transfer,FR,4,0,0.942,0
F908263,70.2,m_014,card_not_present,FR,5,1,0.756,0
F908264,20.57,m_029,wallet,FR,8,0,0.546,1
F908265,418.13,m_153,card_not_present,FR,1,0,0.708,0
F908266,16.28,m_055,card_not_present,IT,14,0,0.893,1
F908267,46.94,m_017,card_not_present,FR,5,0,0.725,0
F908268,42.32,m_025,card_present,ES,6,0,0.788,0
F908269,28.74,m_158,card_not_present,FR,7,0,0.448,0
F908270,43.44,m_067,card_not_present,FR,20,0,1.0,0
F908271,26.25,m_076,card_present,CH,2,0,0.56,0
F908272,20.23,m_135,card_not_present,DE,19,1,0.651,0
F908273,10.28,m_051,card_present,FR,8,1,0.94,0
F908274,117.96,m_054,bank_transfer,CH,16,0,0.807,0
F908275,39.99,m_146,card_present,ES,23,0,0.578,0
F908276,41.27,m_157,card_not_present,FR,18,0,0.755,0
F908277,5.99,m_173,card_present,FR,7,0,0.615,0
F908278,9.19,m_132,card_not_present,ES,2,0,0.545,0
F908279,61.56,m_037,card_present,FR,22,0,0.806,0
F908280,146.21,m_097,card_not_present,FR,15,0,0.908,0
F908281,23.21,m_083,card_present,FR,8,0,0.797,1
F908282,21.98,m_067,card_present,ES,0,0,0.65,0
F908283,17.28,m_079,card_present,IT,10,0,0.597,0
F908284,102.59,m_011,card_present,FR,10,0,0.724,0
F908285,105.9,m_161,card_not_present,BE,1,0,0.474,0
F908286,12.85,m_138,card_present,FR,11,0,0.497,0
F908287,109.73,m_073,card_not_present,FR,12,0,0.394,0
F908288,178.67,m_026,card_not_present,FR,10,0,0.706,0
F908289,35.54,m_144,card_not_present,ES,11,0,0.634,0
F908290,50.96,m_077,bank_transfer,FR,16,0,0.68,0
F908291,26.47,m_012,card_present,FR,3,0,0.828,1
F908292,26.75,m_074,card_present,BE,19,0,0.854,0
F908293,11.02,m_092,card_present,FR,4,0,0.841,0
F908294,33.6,m_122,card_present,FR,9,0,0.836,0
F908295,68.7,m_061,wallet,FR,20,0,0.588,0
F908296,13.47,m_060,card_not_present,FR,4,1,0.676,0
F908297,7.02,m_138,card_present,ES,14,1,1.0,0
F908298,11.36,m_131,card_present,FR,17,0,0.678,0
F908299,27.69,m_058,card_present,DE,22,0,0.439,0
F908300,15.54,m_159,wallet,BE,3,1,0.762,0
F908301,14.23,m_015,card_not_present,DE,0,0,0.768,0
F908302,425.33,m_151,card_present,FR,11,0,0.538,0
F908303,9.68,m_118,card_not_present,BE,14,0,0.877,0
F908304,176.57,m_027,card_present,FR,0,0,0.512,0
F908305,23.46,m_069,bank_transfer,FR,18,1,1.0,0
F908306,33.78,m_078,card_not_present,IT,6,0,0.684,0
F908307,28.15,m_012,card_present,FR,1,0,0.577,0
F908308,201.39,m_099,card_not_present,FR,9,0,1.0,0
F908309,13.18,m_021,card_not_present,FR,15,0,0.822,0
F908310,16.97,m_102,card_present,FR,2,0,0.917,0
F908311,6.71,m_148,card_not_present,FR,16,0,0.601,0
F908312,4.22,m_030,wallet,CH,12,0,0.942,0
F908313,31.63,m_151,card_present,ES,11,0,0.586,0
F908314,34.68,m_116,card_not_present,FR,19,0,0.665,0
F908315,51.05,m_154,card_not_present,FR,1,0,0.653,0
F908316,5.61,m_072,card_not_present,FR,19,0,0.999,0
F908317,68.29,m_099,wallet,CH,9,0,0.906,0
F908318,9.55,m_068,card_not_present,FR,11,1,0.571,1
F908319,43.99,m_028,wallet,DE,15,0,0.84,0
F908320,35.75,m_118,card_not_present,FR,9,0,0.695,0
F908321,224.47,m_039,card_present,ES,13,0,0.677,0
F908322,116.3,m_076,card_not_present,ES,0,0,0.723,0
F908323,22.67,m_116,card_not_present,BE,8,0,0.658,0
F908324,25.62,m_037,wallet,FR,2,0,0.561,1
F908325,34.88,m_120,bank_transfer,FR,8,0,0.822,0
F908326,58.48,m_004,card_present,IT,17,0,1.0,0
F908327,,m_017,card_not_present,IT,20,0,0.532,0
F908328,25.99,m_168,card_not_present,ES,17,1,1.0,0
F908329,11.62,m_065,wallet,FR,21,0,0.596,0
F908330,18.63,m_094,card_not_present,BE,18,0,0.802,0
F908331,91.53,m_038,card_not_present,FR,14,0,0.837,1
F908332,39.03,m_179,card_not_present,FR,12,0,0.666,0
F908333,151.67,m_112,card_not_present,FR,17,1,0.586,0
F908334,12.37,m_041,card_not_present,CH,10,0,0.498,0
F908335,98.88,m_178,card_not_present,FR,8,0,0.902,0
F908336,3.55,m_095,card_not_present,CH,13,0,0.513,0
F908337,67.19,m_135,card_present,FR,22,0,0.42,0
F908338,5.07,m_059,card_not_present,FR,21,1,0.769,1
F908339,19.37,m_117,card_not_present,ES,14,0,0.946,1
F908340,41.6,m_015,card_present,ES,0,0,0.686,0
F908341,19.69,m_116,card_not_present,FR,2,1,0.877,0
F908342,10.17,m_130,card_not_present,BE,15,0,0.657,0
F908343,,m_143,card_not_present,FR,7,1,0.593,0
F908344,21.73,m_093,card_present,FR,17,0,0.962,0
F908345,46.79,m_122,card_not_present,FR,20,0,0.786,1
F908346,,m_089,card_present,FR,8,0,0.78,0
F908347,8.85,m_178,card_present,FR,17,0,0.177,1
F908348,25.45,m_002,wallet,DE,3,0,0.664,0
F908349,12.08,m_141,card_present,FR,16,0,0.818,0
F908350,11.92,m_170,card_not_present,CH,0,0,0.69,0
F908351,42.65,m_136,wallet,DE,17,1,0.618,0
F908352,108.02,m_068,card_present,FR,14,0,0.812,0
F908353,22.49,m_045,wallet,CH,12,0,0.803,0
F908354,8.45,m_147,card_not_present,ES,8,0,0.648,0
F908355,18.52,m_015,card_present,FR,20,0,0.922,0
F908356,98.05,m_140,card_present,FR,5,1,0.643,0
F908357,63.81,m_069,card_not_present,ES,10,0,0.432,1
F908358,89.62,m_069,card_not_present,FR,3,1,0.788,0
F908359,19.61,m_124,card_present,IT,7,0,0.654,0
F908360,33.02,m_117,card_not_present,IT,13,0,0.687,0
F908361,41.36,m_022,bank_transfer,CH,19,0,0.778,0
F908362,24.81,m_104,wallet,CH,12,0,0.655,0
F908363,119.23,m_030,card_present,FR,20,0,0.959,0
F908364,43.75,m_034,card_present,DE,9,0,0.882,0
F908365,123.45,m_153,card_not_present,FR,20,0,0.676,0
F908366,101.27,m_025,card_not_present,BE,17,0,0.76,1
F908367,23.92,m_160,wallet,BE,21,0,0.8,0
F908368,13.98,m_078,card_not_present,CH,6,0,0.84,1
F908369,88.02,m_150,wallet,,21,0,0.981,0
F908370,27.59,m_166,card_not_present,DE,23,0,0.905,0
F908371,62.49,m_153,card_not_present,FR,10,0,0.619,0
F908372,60.32,m_023,wallet,CH,15,0,0.454,0
F908373,60.61,m_037,card_present,FR,12,0,0.939,0
F908374,7.11,m_058,card_present,FR,9,0,0.694,0
F908375,155.33,m_045,card_not_present,FR,12,0,0.664,0
F908376,44.68,m_040,wallet,ES,7,0,0.633,0
F908377,41.75,m_003,wallet,FR,7,0,0.589,0
F908378,53.44,m_044,card_not_present,FR,19,1,0.565,0
F908379,14.44,m_166,card_present,FR,5,0,0.265,0
F908380,17.57,m_009,card_present,FR,15,1,0.656,0
F908381,42.1,m_003,card_not_present,FR,6,0,0.349,0
F908382,113.72,m_156,card_not_present,,10,0,0.764,0
F908383,48.17,m_119,card_not_present,FR,20,0,0.675,0
F908384,,m_126,card_not_present,CH,4,1,1.0,0
F908385,13.86,m_049,card_not_present,BE,23,0,0.958,1
F908386,57.53,m_056,card_not_present,FR,7,0,0.573,0
F908387,10.23,m_129,card_present,FR,1,0,0.686,0
F908388,17.55,m_105,card_present,FR,21,1,0.786,0
F908389,33.34,m_105,card_not_present,FR,22,1,0.574,0
F908390,194.12,m_146,card_not_present,ES,5,0,0.742,0
F908391,66.68,m_173,card_present,DE,21,1,0.733,0
F908392,21.29,m_129,card_present,FR,3,1,0.771,0
F908393,7.87,m_079,card_not_present,CH,11,0,0.952,0
F908394,242.51,m_004,card_present,FR,12,0,0.461,0
F908395,32.23,m_054,bank_transfer,FR,12,0,0.686,0
F908396,23.84,m_040,card_present,ES,1,0,0.666,0
F908397,61.34,m_157,card_not_present,DE,10,0,0.473,0
F908398,8.08,m_059,card_present,FR,7,0,0.775,0
F908399,52.58,m_158,card_present,CH,20,0,0.686,0
F908400,30.42,m_060,wallet,CH,3,0,0.589,0
F908401,4.27,m_138,card_not_present,IT,6,0,0.782,0
F908402,38.8,m_103,card_present,FR,12,0,1.0,0
F908403,1.95,m_129,card_not_present,DE,11,0,0.568,0
F908404,19.52,m_005,card_not_present,FR,16,0,0.815,0
F908405,7.0,m_171,card_not_present,CH,11,0,0.538,0
F908406,13.22,m_072,card_not_present,CH,21,0,0.447,0
F908407,133.9,m_077,wallet,FR,11,0,0.535,0
F908408,32.89,m_115,wallet,DE,16,0,0.789,0
F908409,210.03,m_050,wallet,FR,3,0,0.891,0
F908410,61.13,m_088,wallet,FR,19,0,0.531,0
F908411,169.89,m_076,card_not_present,FR,4,0,0.698,0
F908412,128.96,m_006,card_not_present,BE,9,0,0.749,0
F908413,15.69,m_008,card_not_present,DE,0,0,0.582,0
F908414,79.38,m_012,card_present,BE,2,1,0.687,0
F908415,14.11,m_177,card_not_present,IT,5,0,0.635,0
F908416,56.53,m_064,card_not_present,FR,4,0,0.902,0
F908417,60.53,m_107,card_not_present,IT,11,0,0.92,1
F908418,83.14,m_125,card_present,IT,4,1,0.734,0
F908419,9.3,m_052,card_not_present,CH,3,1,0.633,0
F908420,102.44,m_048,bank_transfer,BE,3,0,0.394,0
F908421,48.22,m_074,bank_transfer,,18,1,0.88,0
F908422,56.24,m_008,card_not_present,IT,17,0,0.457,0
F908423,17.58,m_083,card_present,ES,5,0,0.332,0
F908424,17.53,m_024,card_present,FR,1,0,0.949,0
F908425,49.76,m_078,card_present,FR,23,0,0.601,0
F908426,308.86,m_013,card_not_present,ES,14,0,0.53,0
F908427,8.17,m_162,card_not_present,FR,2,0,0.541,0
F908428,67.54,m_059,card_present,DE,17,0,1.0,0
F908429,19.14,m_037,card_present,CH,11,0,0.793,0
F908430,44.47,m_054,card_present,FR,1,0,0.879,0
F908431,44.42,m_107,card_present,IT,18,0,0.697,0
F908432,5.59,m_099,card_present,ES,8,0,0.71,1
F908433,6.08,m_010,card_present,FR,20,0,0.713,0
F908434,152.63,m_113,card_not_present,BE,0,0,0.729,0
F908435,8.18,m_176,card_not_present,IT,5,0,0.7,0
F908436,4.69,m_094,card_not_present,FR,6,0,0.677,0
F908437,43.16,m_028,card_present,FR,17,0,0.827,0
F908438,13.38,m_121,card_present,ES,15,0,0.625,0
F908439,46.22,m_072,wallet,ES,6,0,0.638,0
F908440,83.63,m_042,card_not_present,CH,6,1,0.664,1
F908441,103.66,m_178,card_not_present,FR,16,0,0.563,0
F908442,9.44,m_083,card_not_present,FR,2,0,0.554,0
F908443,83.61,m_124,wallet,FR,20,0,0.598,0
F908444,90.34,m_051,card_present,IT,21,0,0.631,0
F908445,153.1,m_129,card_not_present,FR,10,1,0.693,0
F908446,86.86,m_069,wallet,IT,15,0,0.656,0
F908447,263.83,m_032,card_not_present,CH,8,0,0.696,1
F908448,57.5,m_047,card_not_present,FR,22,1,0.879,1
F908449,121.69,m_026,card_not_present,CH,6,0,0.762,1
F908450,19.93,m_144,card_present,DE,11,0,0.601,0
F908451,59.59,m_115,card_present,ES,4,0,0.982,0
F908452,38.82,m_042,bank_transfer,FR,21,0,1.0,0
F908453,34.45,m_104,wallet,IT,1,0,1.0,0
F908454,269.13,m_107,card_present,CH,19,1,1.0,0
F908455,9.43,m_059,card_not_present,IT,18,0,0.42,0
F908456,541.16,m_165,card_not_present,FR,0,0,0.586,0
F908457,,m_018,card_not_present,FR,8,0,0.752,0
F908458,75.07,m_128,card_present,FR,0,1,0.899,0
F908459,28.07,m_080,wallet,ES,11,0,1.0,0
F908460,88.22,m_084,wallet,FR,0,0,0.741,0
F908461,51.76,m_136,card_not_present,DE,12,1,0.269,0
F908462,71.09,m_140,card_not_present,IT,9,0,0.756,0
F908463,81.09,m_150,card_present,DE,13,0,0.467,0
F908464,21.22,m_025,card_not_present,IT,19,0,0.73,0
F908465,52.32,m_030,card_present,FR,5,0,0.764,0
F908466,16.63,m_131,card_not_present,CH,9,1,0.338,0
F908467,81.85,m_124,bank_transfer,FR,10,0,0.802,0
F908468,34.56,m_121,card_not_present,BE,11,0,0.389,0
F908469,49.19,m_086,card_not_present,,19,1,0.524,0
F908470,21.91,m_105,card_not_present,ES,11,0,0.558,0
F908471,81.96,m_002,card_present,FR,22,0,0.799,0
F908472,31.45,m_051,card_not_present,IT,23,1,0.659,0
F908473,25.76,m_168,card_not_present,FR,8,0,0.614,0
F908474,18.65,m_140,card_not_present,BE,18,0,0.727,0
F908475,15.04,m_042,card_not_present,CH,15,0,0.492,0
F908476,39.05,m_022,card_not_present,BE,16,0,0.415,0
F908477,55.3,m_134,card_present,FR,23,0,0.574,0
F908478,68.66,m_087,card_present,BE,22,0,0.831,0
F908479,232.47,m_130,card_not_present,FR,19,0,0.402,0
F908480,6.49,m_015,card_not_present,FR,16,0,0.572,0
F908481,147.32,m_042,card_not_present,FR,2,0,1.0,0
F908482,78.22,m_142,card_not_present,FR,18,0,0.648,0
F908483,13.05,m_013,card_present,IT,14,0,0.971,1
F908484,94.93,m_175,card_present,BE,1,0,0.869,0
F908485,4.6,m_113,card_not_present,FR,23,0,0.514,0
F908486,141.72,m_068,card_not_present,ES,10,0,0.741,0
F908487,10.57,m_040,card_not_present,BE,7,0,0.399,1
F908488,22.81,m_033,card_present,FR,20,0,0.759,0
F908489,13.19,m_047,card_not_present,FR,7,1,0.634,0
F908490,22.77,m_137,wallet,ES,21,0,1.0,0
F908491,33.04,m_006,card_present,FR,18,0,0.863,0
F908492,8.11,m_045,card_present,FR,3,1,0.912,0
F908493,55.07,m_063,card_not_present,FR,17,0,0.618,0
F908494,7.23,m_059,card_present,FR,14,1,0.64,0
F908495,50.28,m_134,wallet,FR,21,1,1.0,0
F908496,425.28,m_111,card_present,FR,10,1,0.664,1
F908497,55.13,m_006,wallet,IT,15,0,0.533,0
F908498,26.92,m_077,card_not_present,FR,18,1,0.743,1
F908499,7.07,m_104,card_not_present,FR,4,0,0.386,0
F908500,33.63,m_059,card_present,FR,17,0,0.727,0
F908501,137.95,m_074,card_present,DE,9,0,0.948,0
F908502,18.65,m_076,card_present,FR,23,0,0.718,0
F908503,32.77,m_083,card_not_present,FR,2,0,1.0,0
F908504,,m_030,card_not_present,FR,5,1,0.512,0
F908505,16.89,m_125,wallet,FR,10,0,0.728,1
F908506,38.0,m_127,card_not_present,FR,8,0,0.995,0
F908507,22.57,m_165,card_present,FR,11,0,0.89,0
F908508,13.93,m_068,card_not_present,FR,8,0,0.88,0
F908509,29.7,m_010,card_not_present,CH,19,0,0.417,0
F908510,56.88,m_148,card_not_present,FR,1,0,0.719,0
F908511,54.47,m_072,card_not_present,ES,15,0,0.811,0
F908512,41.8,m_131,wallet,ES,20,0,0.558,0
F908513,41.53,m_086,card_not_present,FR,20,0,0.787,0
F908514,63.53,m_170,card_not_present,ES,11,0,0.869,0
F908515,3.26,m_090,card_present,BE,9,0,1.0,1
F908516,52.53,m_115,card_present,FR,4,1,0.645,1
F908517,27.06,m_138,bank_transfer,FR,20,0,0.833,0
F908518,213.22,m_001,card_not_present,FR,10,0,0.826,1
F908519,20.63,m_105,card_not_present,IT,7,0,0.62,0
F908520,44.58,m_179,card_present,FR,13,0,0.806,0
F908521,258.65,m_099,card_present,BE,11,0,0.305,1
F908522,11.41,m_173,card_present,DE,5,0,0.874,0
F908523,9.77,m_061,card_present,ES,5,0,0.735,0
F908524,31.8,m_148,card_not_present,DE,8,0,0.945,0
F908525,15.69,m_037,card_present,IT,19,0,0.529,0
F908526,12.22,m_170,wallet,ES,19,0,0.881,0
F908527,12.62,m_089,card_not_present,DE,5,0,0.716,0
F908528,36.74,m_001,wallet,FR,23,1,0.694,0
F908529,15.68,m_094,card_not_present,FR,2,0,0.423,0
F908530,3.36,m_170,bank_transfer,,21,0,0.789,0
F908531,90.54,m_017,card_not_present,FR,21,1,1.0,1
F908532,31.22,m_065,card_present,ES,1,0,0.559,0
F908533,37.2,m_057,card_not_present,FR,7,0,0.785,0
F908534,53.16,m_014,wallet,FR,17,0,1.0,0
F908535,32.53,m_102,bank_transfer,FR,9,0,0.615,0
F908536,9.14,m_091,card_present,DE,2,0,0.673,0
F908537,16.26,m_102,card_not_present,DE,9,0,0.535,0
F908538,111.67,m_034,card_present,ES,2,0,0.889,0
F908539,82.49,m_103,card_not_present,FR,5,0,0.502,0
F908540,44.04,m_154,card_present,FR,10,0,0.703,0
F908541,41.3,m_179,card_present,ES,21,1,0.621,0
F908542,4.6,m_145,card_present,IT,8,0,0.99,0
F908543,1.11,m_155,card_not_present,FR,5,0,0.635,0
F908544,27.53,m_039,card_not_present,BE,15,0,0.363,0
F908545,4.14,m_090,card_not_present,BE,14,0,0.707,0
F908546,8.9,m_172,card_present,ES,11,0,0.735,0
F908547,1751.49,m_023,card_present,FR,4,0,0.549,1
F908548,20.58,m_141,card_not_present,FR,4,0,0.749,0
F908549,61.08,m_177,bank_transfer,CH,5,0,0.323,0
F908550,7.82,m_153,card_not_present,CH,9,0,0.69,0
F908551,148.11,m_041,card_not_present,FR,3,0,0.788,0
F908552,33.16,m_003,card_present,ES,23,0,0.66,0
F908553,97.51,m_157,card_not_present,FR,15,1,0.521,0
F908554,6.58,m_107,card_not_present,IT,9,0,0.786,0
F908555,0.92,m_037,card_present,DE,0,0,0.819,0
F908556,196.24,m_160,wallet,IT,18,0,1.0,0
F908557,33.02,m_155,card_not_present,ES,17,0,0.67,0
F908558,7.41,m_137,card_not_present,FR,2,0,0.523,0
F908559,35.33,m_115,bank_transfer,FR,23,0,0.656,0
F908560,28.62,m_142,card_not_present,FR,16,0,0.807,0
F908561,,m_122,card_not_present,FR,2,0,0.564,0
F908562,51.36,m_085,card_present,DE,8,0,1.0,0
F908563,63.18,m_083,card_not_present,FR,11,0,0.736,0
F908564,955.95,m_089,card_present,IT,15,0,0.725,1
F908565,49.16,m_082,card_present,DE,23,0,0.533,0
F908566,12.55,m_109,wallet,FR,14,0,1.0,0
F908567,22.63,m_115,wallet,FR,21,0,0.787,0
F908568,10.25,m_179,card_not_present,CH,13,1,1.0,0
F908569,145.11,m_145,card_present,BE,3,1,0.482,0
F908570,33.33,m_057,wallet,IT,15,0,0.883,0
F908571,10.67,m_082,card_not_present,FR,19,0,0.79,0
F908572,,m_063,card_not_present,ES,14,0,1.0,0
F908573,11.33,m_009,wallet,DE,12,0,0.676,0
F908574,6.96,m_172,card_present,ES,21,1,0.872,0
F908575,27.12,m_070,card_present,BE,4,0,0.796,0
F908576,13.84,m_072,card_present,FR,12,0,0.7,0
F908577,18.77,m_101,card_not_present,BE,21,0,0.844,0
F908578,38.41,m_126,card_present,FR,1,0,0.685,0
F908579,32.61,m_172,card_not_present,CH,12,0,0.566,0
F908580,15.12,m_090,card_not_present,IT,1,0,0.815,0
F908581,32.42,m_102,card_not_present,FR,8,0,0.402,0
F908582,127.76,m_001,card_present,FR,7,0,0.572,0
F908583,15.9,m_050,wallet,BE,0,1,0.753,1
F908584,16.8,m_021,card_not_present,DE,19,0,0.93,0
F908585,7.21,m_017,wallet,ES,22,1,0.971,0
F908586,7.54,m_072,card_present,DE,2,1,0.696,0
F908587,,m_038,wallet,ES,13,0,1.0,0
F908588,30.52,m_126,card_present,CH,8,0,0.614,0
F908589,81.34,m_146,card_present,DE,15,0,0.785,0
F908590,69.35,m_106,card_present,ES,20,0,0.767,0
F908591,67.74,m_089,card_present,CH,5,0,0.598,0
F908592,31.67,m_021,card_not_present,FR,22,0,0.596,0
F908593,63.88,m_066,card_not_present,FR,5,0,0.665,0
F908594,42.46,m_150,card_present,FR,14,0,0.468,0
F908595,32.29,m_116,card_present,FR,23,0,0.576,0
F908596,32.77,m_148,card_not_present,FR,3,0,0.498,0
F908597,9.89,m_090,card_not_present,FR,19,0,0.738,0
F908598,59.25,m_128,card_not_present,FR,8,0,0.58,1
F908599,22.7,m_053,wallet,FR,18,0,0.601,1
F908600,0.95,m_063,card_not_present,ES,23,0,0.574,0
F908601,9.4,m_103,bank_transfer,CH,12,0,0.762,0
F908602,47.11,m_097,card_present,FR,11,0,0.594,0
F908603,103.67,m_022,card_not_present,FR,16,0,0.73,0
F908604,14.73,m_078,card_not_present,IT,9,1,0.946,0
F908605,8.45,m_009,bank_transfer,CH,7,0,0.832,0
F908606,390.48,m_081,card_not_present,IT,1,0,0.559,0
F908607,14.0,m_088,card_present,DE,16,0,0.712,0
F908608,128.85,m_114,card_present,DE,5,0,0.692,0
F908609,571.11,m_000,card_present,FR,3,1,0.704,0
F908610,73.86,m_126,card_not_present,FR,12,0,0.542,0
F908611,58.57,m_178,card_not_present,FR,12,0,0.834,0
F908612,104.24,m_013,wallet,FR,0,0,0.94,0
F908613,26.88,m_099,card_not_present,FR,6,0,0.605,0
F908614,124.69,m_064,card_present,CH,5,0,0.722,0
F908615,117.52,m_065,wallet,FR,20,1,0.432,0
F908616,35.52,m_108,card_not_present,CH,4,0,0.788,0
F908617,62.05,m_048,card_present,ES,20,1,0.392,0
F908618,37.76,m_011,card_not_present,IT,7,0,0.503,0
F908619,35.11,m_083,card_present,FR,3,1,0.658,0
F908620,29.88,m_170,card_not_present,BE,10,0,1.0,0
F908621,11.11,m_022,card_not_present,FR,0,0,0.496,0
F908622,13.1,m_029,card_present,ES,11,0,0.385,0
F908623,16.2,m_159,card_present,FR,5,0,0.695,0
F908624,238.98,m_021,card_not_present,ES,12,0,0.732,0
F908625,118.69,m_097,card_present,DE,4,1,0.675,0
F908626,266.94,m_151,card_not_present,ES,3,0,0.493,0
F908627,44.41,m_026,card_not_present,ES,15,1,0.42,0
F908628,47.3,m_079,card_present,DE,20,0,0.752,0
F908629,41.33,m_021,card_present,BE,0,0,0.512,0
F908630,18.53,m_132,card_not_present,FR,10,1,0.826,0
F908631,54.97,m_105,card_not_present,ES,9,1,0.558,0
F908632,14.67,m_074,card_present,FR,5,0,0.78,0
F908633,15.47,m_100,card_not_present,CH,12,0,0.552,1
F908634,21.9,m_015,wallet,FR,17,1,0.672,0
F908635,67.81,m_060,card_not_present,BE,2,0,0.828,0
F908636,43.28,m_094,card_present,IT,11,0,0.808,0
F908637,6.75,m_175,card_not_present,FR,6,0,0.621,0
F908638,50.44,m_028,wallet,FR,22,0,0.484,0
F908639,29.61,m_015,card_not_present,CH,0,0,0.739,0
F908640,56.72,m_160,bank_transfer,BE,8,0,0.462,0
F908641,,m_049,card_present,CH,23,1,0.766,1
F908642,130.14,m_046,card_not_present,BE,1,0,0.661,0
F908643,83.41,m_067,card_not_present,DE,15,1,0.606,0
F908644,94.78,m_155,card_not_present,FR,19,0,0.908,1
F908645,20.7,m_135,card_present,DE,23,0,0.758,0
F908646,61.67,m_107,card_present,DE,12,0,0.394,0
F908647,80.14,m_063,card_present,DE,5,0,0.626,0
F908648,17.09,m_149,card_not_present,CH,18,1,0.513,0
F908649,62.46,m_155,card_present,CH,8,0,0.977,0
F908650,52.4,m_127,card_not_present,FR,9,0,0.755,0
F908651,385.66,m_072,wallet,FR,5,0,0.388,1
F908652,30.58,m_103,bank_transfer,FR,7,0,0.88,0
F908653,12.66,m_134,card_present,IT,1,0,1.0,0
F908654,15.97,m_006,wallet,BE,7,0,0.841,0
F908655,31.94,m_048,card_present,FR,2,0,0.801,0
F908656,3.37,m_093,card_not_present,BE,20,0,0.537,1
F908657,118.29,m_042,card_present,CH,9,0,0.431,0
F908658,120.64,m_139,card_not_present,DE,11,0,0.63,0
F908659,9.68,m_026,wallet,FR,18,0,0.695,0
F908660,7.39,m_015,bank_transfer,IT,6,0,0.937,0
F908661,29.48,m_022,wallet,FR,19,0,0.382,0
F908662,27.05,m_076,card_present,IT,18,0,0.685,0
F908663,68.09,m_165,wallet,FR,11,0,0.894,0
F908664,24.34,m_129,card_present,DE,15,0,0.648,0
F908665,7.93,m_121,card_not_present,FR,6,1,0.806,0
F908666,30.72,m_000,card_present,FR,18,0,0.97,0
F908667,49.01,m_079,card_present,ES,14,0,0.455,0
F908668,44.0,m_021,card_present,DE,1,1,1.0,0
F908669,22.72,m_085,card_not_present,IT,6,1,0.746,0
F908670,17.29,m_025,wallet,DE,4,1,0.799,0
F908671,29.06,m_117,card_not_present,ES,8,1,0.417,0
F908672,5.31,m_023,card_not_present,FR,0,0,1.0,0
F908673,14.61,m_067,card_present,ES,20,0,0.564,0
F908674,130.96,m_046,card_present,BE,20,0,0.493,0
F908675,44.29,m_159,card_not_present,BE,2,0,0.753,0
F908676,26.07,m_134,bank_transfer,FR,8,1,0.562,0
F908677,64.54,m_031,card_present,FR,23,0,0.808,0
F908678,59.82,m_108,card_not_present,BE,23,0,0.593,0
F908679,26.13,m_034,bank_transfer,FR,14,0,0.62,0
F908680,24.86,m_116,card_present,FR,13,0,0.688,0
F908681,36.76,m_005,card_not_present,FR,12,0,0.795,0
F908682,49.6,m_050,card_present,FR,6,1,0.468,0
F908683,45.35,m_082,card_not_present,FR,14,0,0.794,1
F908684,17.23,m_102,card_present,ES,13,0,0.542,0
F908685,39.43,m_044,card_not_present,FR,2,0,0.832,0
F908686,26.04,m_130,card_not_present,FR,6,0,0.631,0
F908687,18.36,m_146,wallet,FR,10,0,1.0,0
F908688,18.38,m_117,card_not_present,FR,9,1,0.565,0
F908689,66.64,m_157,card_present,BE,18,1,0.841,0
F908690,97.42,m_100,card_present,IT,4,0,0.438,1
F908691,5.01,m_081,card_present,FR,12,0,0.954,0
F908692,439.8,m_078,card_not_present,CH,2,1,0.5,0
F908693,83.04,m_010,bank_transfer,DE,13,0,1.0,0
F908694,87.23,m_111,card_present,ES,4,0,0.869,0
F908695,21.45,m_172,card_present,ES,17,0,0.522,0
F908696,85.99,m_041,wallet,DE,0,0,0.719,0
F908697,11.29,m_157,card_not_present,CH,19,0,0.965,0
F908698,21.18,m_166,card_not_present,FR,16,0,0.714,0
F908699,54.22,m_052,card_not_present,FR,8,0,0.671,0
F908700,840.26,m_029,card_not_present,FR,16,0,0.999,1
F908701,48.55,m_029,card_present,FR,0,1,0.595,0
F908702,247.78,m_130,card_present,FR,14,0,0.807,0
F908703,69.97,m_130,card_not_present,IT,10,0,0.643,0
F908704,36.37,m_018,card_present,DE,1,0,0.635,0
F908705,99.13,m_058,wallet,FR,4,0,0.959,0
F908706,55.56,m_152,card_present,FR,8,1,0.56,0
F908707,26.4,m_030,card_not_present,FR,20,0,0.81,0
F908708,38.66,m_060,card_present,DE,4,0,0.574,0
F908709,46.74,m_125,card_not_present,FR,12,0,0.486,0
F908710,22.07,m_155,card_not_present,DE,5,0,0.75,0
F908711,236.32,m_166,card_present,DE,16,0,0.712,0
F908712,5.84,m_041,card_not_present,FR,18,0,0.534,1
F908713,11.76,m_077,card_not_present,FR,18,0,0.833,0
F908714,65.14,m_052,card_not_present,FR,20,0,0.939,0
F908715,597.18,m_176,card_present,FR,4,0,0.618,0
F908716,33.21,m_018,card_not_present,FR,6,0,0.797,0
F908717,27.98,m_039,card_present,ES,2,0,0.699,0
F908718,12.85,m_119,card_present,CH,22,0,0.697,0
F908719,11.56,m_074,card_not_present,IT,2,0,0.433,1
F908720,62.13,m_173,card_not_present,FR,2,1,0.632,1
F908721,205.12,m_073,card_not_present,FR,3,0,0.583,0
F908722,42.13,m_032,bank_transfer,CH,2,0,0.852,0
F908723,6.84,m_150,card_not_present,ES,10,0,0.918,0
F908724,36.01,m_057,wallet,ES,0,0,0.806,0
F908725,78.59,m_165,card_not_present,,0,0,0.784,0
F908726,42.5,m_024,card_present,BE,12,0,0.664,0
F908727,43.7,m_167,card_not_present,FR,16,0,0.696,0
F908728,39.39,m_147,card_not_present,FR,12,1,0.947,0
F908729,215.21,m_040,card_not_present,CH,22,0,0.589,0
F908730,11.15,m_149,card_present,IT,0,0,0.541,0
F908731,42.28,m_177,card_not_present,FR,4,0,0.684,1
F908732,75.61,m_018,card_present,CH,2,0,0.774,0
F908733,31.22,m_123,card_not_present,FR,10,0,0.867,0
F908734,34.41,m_070,card_present,BE,22,0,0.563,0
F908735,132.83,m_174,card_present,FR,18,0,0.806,0
F908736,75.17,m_135,bank_transfer,FR,15,1,1.0,0
F908737,74.13,m_156,card_not_present,DE,19,0,0.795,0
F908738,121.23,m_110,card_not_present,FR,21,1,0.446,1
F908739,71.31,m_154,card_not_present,ES,3,0,0.72,0
F908740,31.59,m_092,card_present,ES,10,0,0.712,0
F908741,36.26,m_119,wallet,ES,4,0,0.507,0
F908742,5.93,m_101,card_not_present,DE,2,0,0.567,0
F908743,94.07,m_050,card_not_present,FR,18,0,0.803,0
F908744,54.03,m_055,wallet,DE,2,0,0.644,0
F908745,75.63,m_069,card_present,FR,4,0,0.471,0
F908746,43.95,m_113,card_present,DE,7,0,0.664,0
F908747,17.02,m_173,card_present,FR,1,0,0.873,0
F908748,12.6,m_142,card_present,FR,20,0,0.687,0
F908749,6.36,m_054,card_not_present,FR,16,0,0.709,0
F908750,7.78,m_003,card_present,IT,2,0,0.883,0
F908751,118.27,m_132,bank_transfer,BE,19,0,0.93,0
F908752,18.03,m_166,wallet,FR,6,0,0.651,0
F908753,30.49,m_045,card_not_present,FR,2,0,0.742,0
F908754,24.09,m_160,card_present,BE,15,0,0.813,0
F908755,84.68,m_173,wallet,FR,15,0,0.598,0
F908756,122.53,m_068,card_not_present,FR,7,0,0.558,0
F908757,50.34,m_050,card_not_present,BE,8,1,0.861,0
F908758,22.12,m_159,card_present,ES,4,0,0.293,0
F908759,35.48,m_019,card_present,CH,1,0,0.596,0
F908760,140.34,m_044,wallet,FR,14,0,0.586,0
F908761,168.52,m_138,bank_transfer,CH,17,0,0.617,0
F908762,76.73,m_142,wallet,FR,19,0,0.647,0
F908763,6.25,m_010,bank_transfer,IT,13,0,0.711,0
F908764,26.16,m_001,card_not_present,FR,18,0,0.74,0
F908765,22.22,m_165,card_present,FR,8,0,0.848,0
F908766,7.8,m_081,card_present,DE,18,1,0.868,0
F908767,67.25,m_127,card_present,,4,0,0.542,0
F908768,43.65,m_110,card_present,DE,0,0,1.0,0
F908769,22.29,m_123,card_not_present,DE,11,0,0.586,1
F908770,81.55,m_178,bank_transfer,FR,15,1,0.818,0
F908771,13.9,m_006,card_not_present,CH,17,0,0.832,0
F908772,164.9,m_027,card_present,FR,9,0,0.897,0
F908773,12.42,m_003,card_not_present,ES,23,0,0.903,0
F908774,7.4,m_074,card_not_present,DE,12,1,0.728,0
F908775,17.23,m_113,card_present,DE,11,0,0.227,0
F908776,186.11,m_091,card_present,FR,10,0,0.427,0
F908777,74.3,m_143,card_not_present,IT,23,0,0.922,0
F908778,63.2,m_042,card_not_present,FR,21,0,0.624,0
F908779,29.32,m_064,card_present,FR,22,0,0.539,0
F908780,55.45,m_042,card_not_present,FR,19,0,0.805,0
F908781,15.45,m_019,card_not_present,FR,8,0,0.871,0
F908782,5.63,m_088,wallet,IT,6,0,0.713,0
F908783,10.91,m_055,card_not_present,FR,15,0,0.784,0
F908784,92.23,m_075,wallet,DE,7,0,0.409,0
F908785,10.47,m_133,card_not_present,FR,16,0,0.8,0
F908786,32.14,m_116,card_present,FR,0,0,0.834,0
F908787,128.78,m_142,card_not_present,FR,2,0,0.613,0
F908788,9.43,m_097,card_not_present,ES,9,1,0.881,1
F908789,5.57,m_142,card_not_present,DE,19,0,0.463,1
F908790,36.21,m_099,bank_transfer,BE,18,1,0.557,0
F908791,403.96,m_143,card_present,FR,22,0,0.734,0
F908792,43.06,m_088,card_not_present,BE,3,0,0.591,0
F908793,39.41,m_140,card_not_present,FR,7,0,0.55,0
F908794,86.74,m_098,card_present,FR,15,0,0.767,0
F908795,40.09,m_153,card_present,BE,17,0,0.501,0
F908796,,m_166,card_present,DE,4,0,0.913,0
F908797,14.1,m_118,card_present,IT,7,1,0.752,0
F908798,29.29,m_082,card_not_present,DE,21,0,0.468,0
F908799,16.5,m_083,card_not_present,ES,18,0,0.679,0
F908800,29.65,m_118,wallet,FR,17,1,0.783,0
F908801,92.58,m_128,card_not_present,FR,4,0,0.591,0
F908802,26.23,m_116,card_not_present,FR,1,0,0.813,0
F908803,60.37,m_176,card_not_present,FR,9,1,0.598,0
F908804,27.65,m_063,wallet,ES,14,0,0.962,0
F908805,3.5,m_061,card_not_present,IT,8,0,0.497,0
F908806,52.77,m_153,card_not_present,CH,10,0,0.887,0
F908807,175.53,m_091,card_present,FR,7,0,0.745,0
F908808,9.02,m_097,card_present,FR,0,0,0.466,0
F908809,8.88,m_161,wallet,FR,3,0,0.883,0
F908810,3.12,m_123,bank_transfer,DE,18,1,0.474,0
F908811,15.83,m_133,card_not_present,FR,8,1,0.88,0
F908812,19.27,m_067,card_present,FR,10,0,0.673,0
F908813,98.21,m_095,card_not_present,FR,12,1,0.958,0
F908814,24.95,m_018,card_not_present,,19,0,0.762,0
F908815,3.8,m_020,card_not_present,FR,22,0,0.641,0
F908816,23.53,m_112,wallet,FR,2,0,0.757,0
F908817,3.35,m_021,card_not_present,DE,5,0,0.733,0
F908818,15.58,m_133,card_present,FR,5,0,0.785,0
F908819,9.82,m_129,card_not_present,CH,10,0,0.769,0
F908820,,m_105,card_present,FR,7,1,1.0,0
F908821,8.08,m_085,card_not_present,IT,15,0,0.643,0
F908822,30.72,m_131,card_present,BE,16,0,0.577,0
F908823,25.48,m_138,bank_transfer,FR,10,0,0.74,0
F908824,15.67,m_171,card_not_present,FR,7,0,0.677,0
F908825,7.08,m_030,bank_transfer,FR,1,0,0.757,0
F908826,23.86,m_018,card_present,FR,11,0,0.547,0
F908827,32.48,m_096,card_not_present,FR,17,0,0.891,0
F908828,79.09,m_096,card_not_present,IT,14,0,1.0,0
F908829,38.33,m_001,card_present,FR,22,1,0.447,0
F908830,29.85,m_001,card_not_present,BE,15,0,0.601,0
F908831,15.27,m_102,card_present,FR,1,0,0.999,0
F908832,42.9,m_141,card_present,DE,14,0,0.838,0
F908833,58.13,m_149,wallet,CH,22,0,0.778,0
F908834,53.9,m_029,card_present,FR,3,0,0.803,0
F908835,50.83,m_134,card_not_present,DE,22,1,0.45,0
F908836,21.7,m_074,card_not_present,CH,18,0,0.762,0
F908837,1399.27,m_120,card_not_present,IT,16,1,0.687,0
F908838,101.81,m_156,card_present,ES,9,1,0.831,0
F908839,65.03,m_142,card_not_present,CH,22,0,0.519,0
F908840,23.49,m_021,card_not_present,ES,2,0,0.361,0
F908841,64.11,m_120,card_not_present,IT,20,0,0.79,0
F908842,7.88,m_099,card_not_present,FR,15,0,0.682,0
F908843,90.6,m_001,card_not_present,FR,22,0,0.593,0
F908844,47.04,m_083,bank_transfer,DE,17,0,0.888,0
F908845,11.46,m_082,wallet,FR,11,0,0.778,0
F908846,3.47,m_134,card_not_present,FR,17,0,0.637,0
F908847,202.52,m_077,card_present,CH,9,0,1.0,0
F908848,6.27,m_098,bank_transfer,FR,8,0,0.596,0
F908849,42.92,m_013,card_present,FR,6,0,0.76,0
F908850,17.85,m_043,card_present,FR,1,0,0.68,0
F908851,67.91,m_153,wallet,BE,7,0,0.553,0
F908852,40.41,m_144,card_present,IT,5,0,0.746,0
F908853,59.31,m_008,card_present,DE,10,0,0.57,0
F908854,39.22,m_141,card_not_present,FR,1,0,0.69,1
F908855,36.87,m_119,wallet,ES,21,1,0.631,0
F908856,,m_144,card_not_present,FR,22,0,0.239,0
F908857,4.39,m_023,card_not_present,FR,1,0,0.661,0
F908858,19.34,m_089,card_not_present,IT,23,0,0.449,0
F908859,29.91,m_111,card_not_present,FR,14,0,0.385,1
F908860,86.34,m_009,card_not_present,DE,18,1,0.674,0
F908861,35.59,m_038,card_not_present,DE,10,0,0.428,0
F908862,16.66,m_074,card_present,ES,13,0,0.877,0
F908863,22.41,m_167,card_present,ES,17,0,0.883,0
F908864,20.16,m_170,wallet,IT,0,0,0.934,0
F908865,16.36,m_137,card_not_present,FR,8,0,1.0,0
F908866,48.99,m_068,bank_transfer,FR,2,0,0.838,0
F908867,34.8,m_126,card_not_present,BE,12,0,0.814,0
F908868,44.92,m_076,card_present,CH,1,0,0.902,1
F908869,364.56,m_165,wallet,FR,1,0,0.638,0
F908870,103.64,m_031,card_present,ES,5,0,0.818,0
F908871,102.15,m_057,card_not_present,FR,18,1,0.368,1
F908872,14.44,m_179,card_present,ES,12,0,0.751,0
F908873,23.3,m_045,card_not_present,FR,1,1,0.678,0
F908874,41.75,m_131,card_present,FR,11,0,0.834,0
F908875,18.32,m_088,card_not_present,IT,19,0,0.699,0
F908876,411.54,m_066,card_present,CH,3,1,0.916,0
F908877,17.37,m_179,card_not_present,ES,9,1,0.838,0
F908878,283.5,m_060,card_not_present,BE,19,0,0.844,0
F908879,79.73,m_130,card_not_present,FR,8,1,0.941,0
F908880,4.47,m_134,card_present,FR,17,0,0.732,0
F908881,56.95,m_008,card_present,FR,20,0,0.659,0
F908882,22.01,m_132,card_not_present,FR,8,0,0.81,0
F908883,19.65,m_054,card_present,CH,13,0,0.476,0
F908884,23.66,m_020,card_not_present,BE,19,0,0.913,0
F908885,40.46,m_001,card_not_present,IT,5,0,0.484,0
F908886,45.99,m_030,card_present,IT,12,1,0.692,0
F908887,13.42,m_107,card_not_present,IT,9,0,0.621,0
F908888,29.35,m_133,card_present,CH,12,0,0.912,0
F908889,12.87,m_167,card_not_present,IT,7,0,1.0,0
F908890,91.32,m_089,card_not_present,FR,6,0,0.764,0
F908891,22.53,m_011,card_present,FR,5,1,0.691,0
F908892,30.74,m_157,card_not_present,ES,8,1,0.634,0
F908893,31.98,m_132,card_not_present,FR,9,0,0.611,0
F908894,29.92,m_048,wallet,FR,19,0,0.691,0
F908895,97.65,m_012,card_not_present,FR,2,0,0.87,1
F908896,223.95,m_045,card_not_present,ES,16,0,0.687,0
F908897,16.25,m_047,card_not_present,IT,6,1,0.48,0
F908898,4.9,m_076,card_not_present,FR,22,0,0.846,0
F908899,19.86,m_176,card_not_present,ES,3,0,0.84,0
F908900,72.44,m_066,card_present,IT,8,0,0.629,0
F908901,24.18,m_094,card_present,FR,9,0,0.782,0
F908902,26.6,m_044,card_not_present,FR,1,1,0.625,1
F908903,37.5,m_096,card_present,FR,0,0,0.719,0
F908904,12.17,m_156,card_present,DE,11,0,0.969,0
F908905,44.09,m_115,card_present,IT,7,0,1.0,0
F908906,27.24,m_063,wallet,FR,21,1,0.712,1
F908907,147.88,m_043,wallet,FR,20,0,0.821,0
F908908,41.29,m_064,card_present,BE,6,0,0.648,0
F908909,76.85,m_084,card_not_present,FR,11,0,0.497,0
F908910,13.38,m_052,card_not_present,DE,19,0,0.983,0
F908911,84.1,m_096,wallet,ES,5,1,0.843,0
F908912,54.15,m_132,card_not_present,FR,21,0,0.629,0
F908913,42.56,m_129,card_present,FR,0,0,0.658,0
F908914,11.98,m_079,card_not_present,FR,6,0,1.0,0
F908915,16.99,m_042,card_not_present,FR,16,1,0.559,0
F908916,30.39,m_018,card_present,FR,8,0,0.879,0
F908917,206.51,m_154,card_not_present,FR,8,0,0.485,0
F908918,23.68,m_141,card_present,ES,22,1,0.934,0
F908919,26.52,m_110,card_present,BE,21,0,0.877,0
F908920,224.11,m_154,card_present,DE,12,1,0.935,0
F908921,177.15,m_082,card_not_present,IT,16,0,1.0,1
F908922,72.34,m_086,card_present,IT,14,0,0.796,0
F908923,39.6,m_001,card_present,FR,1,0,0.519,0
F908924,55.94,m_151,bank_transfer,FR,14,0,0.592,0
F908925,6.51,m_110,card_not_present,FR,4,0,0.83,0
F908926,19.2,m_090,wallet,DE,13,0,0.615,0
F908927,72.16,m_155,card_present,FR,17,0,0.687,0
F908928,37.83,m_086,card_not_present,DE,0,0,0.605,0
F908929,51.96,m_022,card_present,DE,12,0,0.709,0
F908930,139.68,m_022,card_not_present,ES,6,0,0.756,0
F908931,19.59,m_052,card_present,FR,23,0,0.619,0
F908932,109.27,m_021,card_present,ES,13,0,0.627,0
F908933,40.12,m_073,card_not_present,FR,20,0,1.0,0
F908934,28.93,m_078,card_present,DE,5,0,0.44,0
F908935,14.24,m_148,card_present,FR,19,0,0.559,0
F908936,44.0,m_009,card_not_present,IT,4,0,0.632,1
F908937,32.42,m_008,card_present,FR,3,0,0.673,0
F908938,31.08,m_017,card_present,FR,9,0,0.622,0
F908939,16.14,m_148,card_not_present,IT,22,0,0.976,0
F908940,12.33,m_039,bank_transfer,ES,12,1,0.766,0
F908941,37.53,m_138,card_not_present,BE,13,0,1.0,0
F908942,17.52,m_013,bank_transfer,FR,22,0,1.0,0
F908943,38.46,m_146,card_present,FR,14,0,0.912,0
F908944,142.6,m_145,card_present,FR,3,0,0.951,0
F908945,46.53,m_142,card_present,FR,2,0,0.608,0
F908946,14.84,m_114,card_not_present,FR,0,0,0.819,1
F908947,,m_042,wallet,DE,20,0,0.568,0
F908948,4.16,m_158,card_not_present,DE,11,1,0.493,0
F908949,69.16,m_116,card_present,FR,0,1,0.903,0
F908950,,m_023,bank_transfer,FR,7,0,1.0,0
F908951,40.79,m_073,card_not_present,FR,21,0,0.85,0
F908952,53.11,m_091,card_not_present,FR,13,0,0.724,1
F908953,32.7,m_165,card_present,FR,10,0,0.621,0
F908954,48.04,m_035,card_not_present,FR,14,0,0.791,0
F908955,55.18,m_045,card_present,FR,16,1,0.746,0
F908956,34.32,m_115,bank_transfer,BE,7,1,0.899,0
F908957,6.75,m_018,card_present,FR,23,0,0.763,0
F908958,114.25,m_111,wallet,FR,11,0,0.656,0
F908959,36.66,m_003,wallet,FR,11,0,0.715,0
F908960,34.18,m_065,card_not_present,ES,15,0,0.689,0
F908961,12.18,m_052,card_present,DE,3,1,0.715,1
F908962,13.19,m_100,wallet,IT,10,1,0.488,0
F908963,57.46,m_119,card_present,DE,8,1,0.891,0
F908964,133.94,m_058,card_not_present,IT,1,0,0.538,0
F908965,11.3,m_005,card_present,IT,7,0,0.658,0
F908966,110.91,m_134,card_not_present,FR,14,0,0.74,0
F908967,68.97,m_142,card_not_present,ES,3,0,0.66,1
F908968,73.3,m_011,card_not_present,FR,22,1,0.666,0
F908969,11.47,m_042,card_present,FR,10,0,0.805,0
F908970,45.57,m_155,card_present,FR,13,0,0.882,0
F908971,21.36,m_168,card_not_present,ES,13,0,0.639,0
F908972,5.3,m_142,card_not_present,FR,3,0,0.613,1
F908973,67.4,m_029,card_present,FR,17,0,0.458,0
F908974,71.87,m_171,card_not_present,FR,3,0,0.57,1
F908975,19.73,m_177,wallet,ES,17,0,0.834,0
F908976,67.24,m_056,card_present,DE,2,0,0.658,0
F908977,42.95,m_141,card_not_present,CH,22,1,0.835,0
F908978,11.26,m_119,card_present,IT,6,0,0.714,0
F908979,60.2,m_003,card_not_present,BE,14,1,0.669,0
F908980,34.23,m_088,card_not_present,BE,19,0,0.59,0
F908981,15.97,m_144,card_present,FR,6,0,0.902,0
F908982,30.54,m_039,card_present,CH,11,0,0.386,1
F908983,108.31,m_121,card_not_present,FR,5,1,0.83,1
F908984,28.85,m_037,card_not_present,FR,4,0,0.877,0
F908985,137.03,m_161,card_not_present,IT,8,0,0.836,0
F908986,45.3,m_004,card_not_present,BE,20,0,0.617,0
F908987,119.85,m_054,card_not_present,FR,6,0,0.616,1
F908988,25.36,m_034,card_not_present,FR,8,0,0.996,1
F908989,34.13,m_123,card_present,FR,19,0,0.7,0
F908990,572.52,m_070,bank_transfer,FR,20,0,0.699,0
F908991,23.63,m_131,bank_transfer,FR,19,0,0.659,0
F908992,,m_128,card_not_present,FR,16,0,0.849,0
F908993,53.16,m_113,card_not_present,FR,5,1,0.996,0
F908994,59.22,m_129,card_present,BE,3,1,0.445,0
F908995,275.32,m_017,bank_transfer,CH,16,0,0.846,0
F908996,32.79,m_126,card_not_present,FR,13,0,0.55,0
F908997,98.5,m_173,bank_transfer,BE,18,0,0.741,0
F908998,65.47,m_003,card_not_present,FR,1,1,0.202,0
F908999,39.56,m_033,bank_transfer,IT,12,0,0.802,0
F909000,15.1,m_125,wallet,ES,20,0,0.868,0
F909001,100.49,m_023,card_not_present,BE,13,0,0.848,1
F909002,241.44,m_159,card_not_present,,18,0,0.892,0
F909003,20.29,m_152,card_not_present,ES,5,0,0.595,0
F909004,16.26,m_084,card_present,IT,23,0,0.787,0
F909005,54.17,m_115,card_present,IT,1,1,0.544,1
F909006,58.17,m_165,card_present,FR,12,0,0.76,0
F909007,14.86,m_020,card_not_present,IT,21,0,0.97,0
F909008,176.24,m_125,card_not_present,ES,3,0,0.647,0
F909009,102.32,m_132,card_not_present,FR,20,0,0.837,0
F909010,,m_028,card_not_present,FR,7,0,0.531,0
F909011,175.91,m_110,card_not_present,CH,17,0,0.617,0
F909012,84.53,m_177,card_not_present,DE,21,0,0.855,0
F909013,1.66,m_080,card_not_present,FR,11,0,0.373,0
F909014,15.13,m_013,card_present,FR,7,0,0.53,0
F909015,71.06,m_087,bank_transfer,FR,5,1,0.74,0
F909016,79.28,m_147,card_not_present,ES,9,0,0.602,0
F909017,19.69,m_017,card_not_present,FR,1,0,0.742,0
F909018,11.22,m_001,card_not_present,ES,4,1,0.75,1
F909019,2.27,m_148,card_present,CH,12,1,0.708,0
F909020,13.14,m_043,card_not_present,IT,1,0,0.616,0
F909021,10.51,m_090,card_not_present,IT,1,0,0.611,0
F909022,48.35,m_045,card_not_present,DE,3,1,0.675,0
F909023,32.49,m_101,bank_transfer,DE,6,0,0.677,0
F909024,38.03,m_089,card_present,DE,11,0,0.904,0
F909025,197.03,m_093,card_not_present,FR,22,1,0.602,0
F909026,12.23,m_057,card_not_present,FR,21,1,0.934,0
F909027,57.58,m_056,card_not_present,CH,6,0,0.884,0
F909028,4.42,m_034,card_not_present,FR,19,0,0.497,0
F909029,225.36,m_108,card_not_present,FR,0,0,0.853,0
F909030,17.4,m_080,card_not_present,DE,23,0,0.174,0
F909031,19.79,m_031,wallet,FR,18,0,0.28,0
F909032,12.31,m_166,card_not_present,FR,21,1,0.778,1
F909033,9.57,m_071,card_not_present,FR,21,0,0.86,0
F909034,17.15,m_021,card_present,FR,13,0,0.862,0
F909035,114.4,m_075,card_not_present,FR,6,0,0.918,0
F909036,53.15,m_114,card_present,FR,10,0,1.0,0
F909037,31.27,m_083,bank_transfer,DE,5,1,0.857,0
F909038,71.52,m_127,card_not_present,FR,22,1,0.607,0
F909039,26.83,m_003,card_present,DE,9,0,0.685,0
F909040,46.71,m_119,card_not_present,FR,2,0,0.957,0
F909041,20.5,m_056,card_not_present,FR,8,0,0.623,0
F909042,44.52,m_140,card_not_present,FR,5,1,0.908,0
F909043,554.27,m_118,card_present,DE,3,0,0.64,0
F909044,6.72,m_074,card_present,FR,4,0,0.483,0
F909045,8.44,m_115,card_present,FR,0,1,0.738,0
F909046,41.69,m_104,card_not_present,ES,7,0,0.568,0
F909047,53.45,m_168,wallet,FR,18,0,0.717,0
F909048,13.09,m_004,card_not_present,FR,10,0,0.563,0
F909049,27.47,m_179,card_not_present,IT,22,0,0.522,0
F909050,142.27,m_099,card_not_present,IT,13,0,0.581,0
F909051,12.7,m_111,card_not_present,FR,10,0,0.694,0
F909052,65.86,m_089,card_present,FR,0,0,0.773,0
F909053,69.31,m_051,card_present,FR,10,0,0.697,0
F909054,16.15,m_093,card_present,FR,1,0,0.544,0
F909055,34.49,m_160,card_not_present,FR,10,0,0.81,0
F909056,25.87,m_089,card_present,FR,22,0,0.731,0
F909057,9.67,m_085,card_present,FR,11,0,0.676,0
F909058,21.67,m_121,card_not_present,FR,10,1,0.779,0
F909059,41.26,m_046,card_present,ES,18,1,0.598,0
F909060,29.84,m_145,card_not_present,ES,13,0,0.638,1
F909061,3.63,m_032,card_not_present,IT,13,0,0.722,0
F909062,19.23,m_008,card_not_present,BE,14,0,0.737,0
F909063,36.06,m_029,card_not_present,FR,16,1,0.6,0
F909064,35.65,m_172,card_not_present,FR,4,0,0.518,0
F909065,217.86,m_148,card_present,DE,2,0,0.75,0
F909066,5.11,m_098,card_present,FR,14,0,1.0,0
F909067,17.9,m_114,wallet,DE,0,0,0.723,0
F909068,19.42,m_015,wallet,CH,13,0,0.87,0
F909069,205.93,m_130,card_not_present,ES,11,0,0.73,0
F909070,25.34,m_070,card_not_present,FR,1,0,0.226,0
F909071,77.29,m_067,wallet,CH,14,1,0.625,0
F909072,162.52,m_161,card_not_present,FR,9,1,0.742,0
F909073,11.81,m_044,card_not_present,DE,2,1,0.59,0
F909074,49.55,m_162,card_not_present,CH,8,0,0.675,1
F909075,27.33,m_162,card_present,FR,2,0,0.788,0
F909076,7.69,m_131,card_present,FR,19,0,0.743,0
F909077,54.92,m_069,card_not_present,FR,8,0,0.912,0
F909078,23.72,m_012,card_present,FR,9,0,0.569,0
F909079,95.8,m_151,card_present,CH,2,0,0.755,0
F909080,12.9,m_085,card_not_present,FR,13,0,0.665,0
F909081,62.93,m_019,card_not_present,DE,5,0,0.738,0
F909082,47.25,m_177,card_present,ES,19,0,0.966,0
F909083,5.56,m_152,wallet,FR,2,0,0.899,0
F909084,40.11,m_027,card_not_present,FR,0,0,0.645,0
F909085,31.57,m_030,card_not_present,FR,4,0,0.731,0
F909086,22.82,m_159,card_present,FR,1,0,0.689,0
F909087,5.07,m_027,card_present,FR,23,0,0.714,0
F909088,10.55,m_004,wallet,IT,12,0,0.86,0
F909089,105.15,m_105,bank_transfer,IT,21,0,0.83,0
F909090,5.92,m_036,card_present,FR,12,0,0.799,0
F909091,65.16,m_155,bank_transfer,FR,8,0,0.769,0
F909092,5.54,m_050,card_present,FR,20,0,0.758,0
F909093,32.36,m_101,card_not_present,FR,9,1,0.778,0
F909094,42.13,m_062,bank_transfer,FR,21,1,0.575,0
F909095,118.55,m_013,card_not_present,CH,8,1,0.722,0
F909096,10.85,m_019,card_present,FR,23,0,0.707,0
F909097,21.78,m_027,card_not_present,FR,5,1,0.971,0
F909098,41.74,m_157,card_present,FR,13,0,0.823,0
F909099,23.2,m_061,card_present,FR,10,0,0.726,0
F909100,7.79,m_165,card_present,FR,1,0,0.68,0
F909101,11.47,m_032,wallet,FR,9,1,0.616,0
F909102,36.62,m_053,card_not_present,FR,18,0,0.901,0
F909103,15.79,m_095,card_not_present,,6,0,0.681,0
F909104,102.24,m_157,card_present,ES,5,0,0.621,0
F909105,81.38,m_148,card_present,FR,5,0,0.851,0
F909106,115.69,m_048,wallet,ES,3,0,1.0,0
F909107,2.53,m_171,card_present,DE,8,0,0.715,0
F909108,101.16,m_138,card_present,BE,3,0,0.725,0
F909109,49.95,m_075,card_not_present,FR,7,0,0.759,0
F909110,24.26,m_148,card_present,FR,8,0,0.637,0
F909111,,m_161,card_not_present,IT,20,0,0.778,0
F909112,25.55,m_095,wallet,FR,17,0,0.671,0
F909113,9.35,m_161,card_not_present,FR,15,0,0.828,0
F909114,37.06,m_158,bank_transfer,DE,15,0,0.524,0
F909115,131.35,m_078,wallet,FR,11,0,0.457,0
F909116,12.41,m_038,card_not_present,FR,14,0,0.695,0
F909117,165.85,m_008,bank_transfer,FR,21,0,0.645,0
F909118,38.81,m_014,card_not_present,FR,16,0,0.807,0
F909119,71.82,m_050,card_present,ES,23,0,0.722,0
F909120,11.5,m_049,card_not_present,FR,17,0,0.824,0
F909121,35.14,m_155,card_not_present,FR,23,0,0.671,0
F909122,12.07,m_087,card_not_present,ES,19,0,0.844,0
F909123,38.36,m_093,card_present,FR,5,0,0.772,0
F909124,49.57,m_039,card_present,CH,16,0,0.616,0
F909125,35.11,m_082,card_not_present,IT,19,0,0.512,0
F909126,43.09,m_105,card_present,FR,15,0,0.756,0
F909127,19.82,m_142,card_not_present,FR,0,0,1.0,0
F909128,56.93,m_045,card_not_present,FR,13,0,0.898,0
F909129,40.95,m_043,wallet,FR,8,0,0.475,0
F909130,32.92,m_000,card_not_present,IT,21,0,0.259,0
F909131,25.95,m_109,card_present,FR,12,0,0.738,0
F909132,107.92,m_134,card_not_present,FR,20,0,0.403,0
F909133,86.8,m_044,card_present,DE,16,0,0.801,0
F909134,62.71,m_113,card_not_present,BE,4,1,0.714,1
F909135,32.8,m_074,card_not_present,FR,19,0,0.726,0
F909136,20.26,m_109,card_not_present,FR,20,0,0.857,1
F909137,55.64,m_021,card_not_present,ES,10,0,0.573,0
F909138,15.5,m_123,wallet,FR,8,0,0.568,0
F909139,232.49,m_165,card_not_present,FR,15,0,0.779,0
F909140,334.29,m_052,card_not_present,IT,4,0,0.824,0
F909141,26.93,m_152,card_present,FR,2,0,0.553,0
F909142,138.79,m_119,card_not_present,BE,15,0,0.663,0
F909143,13.42,m_024,card_not_present,IT,16,0,0.818,0
F909144,8.98,m_156,bank_transfer,DE,10,0,0.43,0
F909145,78.16,m_086,card_not_present,FR,3,0,0.448,0
F909146,20.45,m_023,wallet,FR,1,1,0.572,0
F909147,272.91,m_161,card_present,FR,3,0,0.877,0
F909148,38.85,m_110,card_present,DE,11,0,0.993,0
F909149,128.07,m_035,card_present,FR,0,0,0.425,0
F909150,17.8,m_152,card_not_present,FR,1,1,0.505,0
F909151,23.61,m_056,wallet,FR,3,0,0.776,0
F909152,7.57,m_093,wallet,FR,22,0,0.733,0
F909153,11.71,m_094,card_present,DE,16,0,0.648,0
F909154,28.12,m_118,card_not_present,FR,1,0,0.485,0
F909155,198.29,m_159,card_not_present,IT,23,0,0.663,1
F909156,39.41,m_172,card_not_present,FR,5,0,0.779,0
F909157,23.16,m_085,card_not_present,IT,18,1,0.757,1
F909158,84.05,m_127,card_present,ES,21,0,0.796,0
F909159,30.73,m_010,card_not_present,CH,12,0,0.601,1
F909160,11.88,m_110,card_not_present,ES,6,0,0.578,0
F909161,39.77,m_025,card_present,IT,3,0,0.848,0
F909162,84.7,m_176,card_not_present,FR,18,0,0.648,0
F909163,11.17,m_037,wallet,ES,19,0,0.366,0
F909164,42.91,m_162,card_present,FR,9,0,0.424,0
F909165,40.25,m_150,card_not_present,FR,2,0,0.614,0
F909166,33.55,m_163,card_not_present,ES,18,0,0.653,0
F909167,101.31,m_072,card_not_present,FR,16,1,0.708,1
F909168,25.16,m_072,card_present,IT,21,0,0.528,0
F909169,16.12,m_056,card_not_present,FR,1,0,0.662,0
F909170,17.55,m_014,card_present,DE,11,1,0.783,0
F909171,63.51,m_178,card_not_present,FR,16,0,0.453,0
F909172,20.52,m_040,card_present,IT,8,0,0.774,0
F909173,21.66,m_074,card_not_present,FR,8,0,0.726,0
F909174,27.55,m_020,card_not_present,FR,13,0,0.831,0
F909175,9.87,m_079,card_not_present,FR,7,1,0.809,0
F909176,35.5,m_124,card_not_present,CH,13,0,0.814,0
F909177,413.45,m_016,card_present,FR,22,0,0.573,0
F909178,26.38,m_083,bank_transfer,FR,23,1,0.472,0
F909179,69.29,m_010,card_not_present,FR,18,0,0.821,0
F909180,118.03,m_169,card_not_present,FR,23,0,0.656,0
F909181,11.93,m_026,card_not_present,IT,10,0,0.583,0
F909182,44.2,m_039,card_present,DE,5,1,0.816,0
F909183,19.85,m_038,card_not_present,ES,6,1,0.815,1
F909184,94.75,m_169,card_present,FR,19,0,0.8,0
F909185,63.62,m_110,bank_transfer,FR,2,1,0.779,0
F909186,,m_133,card_not_present,BE,22,1,0.685,0
F909187,61.06,m_064,card_present,ES,2,1,0.691,0
F909188,5.26,m_127,card_not_present,FR,7,0,0.799,0
F909189,10.65,m_179,card_not_present,FR,2,0,0.889,0
F909190,8.07,m_119,card_not_present,DE,6,0,0.327,0
F909191,36.84,m_011,card_present,FR,6,0,0.718,0
F909192,62.49,m_141,bank_transfer,FR,23,0,0.92,0
F909193,42.74,m_119,wallet,FR,11,0,1.0,0
F909194,81.3,m_079,card_not_present,FR,15,0,0.68,0
F909195,14.33,m_113,card_not_present,DE,12,1,0.897,1
F909196,94.09,m_129,card_present,FR,8,0,0.859,0
F909197,123.66,m_177,card_present,FR,20,0,0.554,0
F909198,34.5,m_030,card_not_present,FR,17,0,0.35,0
F909199,37.94,m_057,card_present,FR,21,0,0.585,0
F909200,38.06,m_010,wallet,DE,15,1,0.535,0
F909201,21.39,m_075,card_present,FR,17,1,0.819,0
F909202,65.31,m_167,card_not_present,FR,23,0,0.773,1
F909203,34.69,m_150,card_present,ES,12,1,0.463,0
F909204,17.74,m_086,card_present,FR,11,1,0.57,0
F909205,6.77,m_066,card_not_present,FR,3,0,0.829,0
F909206,16.59,m_089,card_present,FR,11,0,0.698,0
F909207,194.59,m_082,card_not_present,FR,8,0,0.862,0
F909208,15.73,m_116,card_not_present,FR,20,0,0.652,0
F909209,21.89,m_047,card_present,CH,10,0,0.756,0
F909210,40.51,m_055,wallet,ES,9,1,0.853,1
F909211,38.99,m_061,card_present,CH,19,0,0.5,0
F909212,11.48,m_158,card_present,IT,13,0,0.818,0
F909213,97.96,m_151,card_not_present,BE,9,0,0.665,0
F909214,44.87,m_113,card_present,IT,11,1,1.0,0
F909215,26.57,m_005,card_not_present,BE,18,0,0.835,0
F909216,57.95,m_007,card_not_present,FR,0,0,0.847,1
F909217,27.11,m_014,card_present,FR,2,0,0.787,0
F909218,43.6,m_074,wallet,DE,4,0,0.631,0
F909219,48.76,m_071,card_not_present,FR,3,0,0.828,0
F909220,31.98,m_043,card_not_present,DE,8,0,0.476,0
F909221,38.28,m_087,bank_transfer,FR,15,0,0.748,0
F909222,16.02,m_007,card_present,FR,21,1,0.497,0
F909223,5.4,m_139,card_not_present,FR,12,0,0.568,0
F909224,77.35,m_138,card_present,FR,18,0,0.804,0
F909225,14.4,m_017,wallet,DE,16,0,0.795,0
F909226,230.86,m_051,bank_transfer,DE,5,0,0.695,0
F909227,121.63,m_047,card_not_present,CH,11,0,0.799,0
F909228,91.56,m_008,wallet,ES,13,0,0.766,0
F909229,43.38,m_137,card_not_present,,18,0,0.733,0
F909230,28.46,m_064,wallet,BE,0,0,0.613,1
F909231,19.86,m_073,card_not_present,CH,22,0,0.93,0
F909232,33.54,m_069,card_not_present,FR,10,0,0.726,0
F909233,328.3,m_013,card_not_present,FR,17,0,0.324,0
F909234,47.84,m_001,card_not_present,CH,10,0,0.615,0
F909235,26.05,m_039,wallet,FR,10,1,0.577,0
F909236,12.26,m_158,card_present,FR,7,0,0.863,0
F909237,16.89,m_077,bank_transfer,IT,16,0,0.637,0
F909238,81.32,m_027,wallet,FR,5,0,0.895,0
F909239,53.98,m_152,bank_transfer,ES,10,0,0.731,0
F909240,59.63,m_132,card_present,FR,16,1,0.593,0
F909241,188.64,m_178,card_present,ES,17,0,0.728,0
F909242,12.35,m_153,bank_transfer,FR,4,0,0.932,0
F909243,141.37,m_038,card_present,BE,11,0,0.72,0
F909244,32.45,m_129,card_not_present,FR,14,0,0.777,0
F909245,11.48,m_046,card_present,FR,18,1,0.856,0
F909246,34.87,m_115,bank_transfer,ES,13,0,0.828,0
F909247,117.37,m_065,card_not_present,FR,17,0,1.0,0
F909248,23.12,m_165,bank_transfer,CH,18,0,0.707,0
F909249,2.47,m_060,card_not_present,ES,19,0,0.757,0
F909250,72.7,m_137,card_present,CH,19,0,0.578,0
F909251,20.44,m_159,card_present,FR,12,0,0.726,0
F909252,76.14,m_085,card_present,ES,3,1,0.448,1
F909253,70.18,m_053,card_not_present,CH,6,0,0.909,0
F909254,138.48,m_045,card_not_present,FR,22,0,0.808,0
F909255,20.96,m_111,card_present,FR,12,0,0.706,0
F909256,98.39,m_164,card_present,DE,7,0,0.686,0
F909257,8.1,m_026,card_not_present,FR,8,0,0.52,1
F909258,21.71,m_166,card_present,FR,15,0,0.829,0
F909259,9.78,m_110,card_not_present,CH,23,0,0.533,0
F909260,92.2,m_151,card_not_present,FR,23,1,0.719,0
F909261,46.0,m_082,card_not_present,FR,7,0,0.396,1
F909262,9.09,m_135,card_not_present,CH,21,0,0.43,0
F909263,10.79,m_099,wallet,BE,17,1,1.0,0
F909264,42.35,m_131,card_not_present,DE,0,0,0.632,1
F909265,24.47,m_000,card_not_present,FR,19,0,0.972,0
F909266,76.35,m_165,card_present,IT,21,0,0.339,0
F909267,18.48,m_009,card_not_present,FR,3,1,0.831,0
F909268,35.88,m_123,card_present,FR,23,1,0.971,0
F909269,59.35,m_153,card_present,FR,17,0,0.949,0
F909270,91.77,m_001,card_not_present,FR,20,1,0.83,0
F909271,49.58,m_121,card_not_present,FR,20,0,0.922,0
F909272,272.07,m_053,card_not_present,FR,4,1,0.691,0
F909273,45.0,m_171,card_present,FR,4,0,0.799,0
F909274,4.3,m_105,card_present,FR,13,0,1.0,0
F909275,11.32,m_155,bank_transfer,CH,7,0,0.618,0
F909276,6.7,m_126,card_present,FR,17,0,0.699,0
F909277,55.02,m_049,card_not_present,FR,1,0,0.823,1
F909278,33.65,m_095,card_present,FR,11,0,0.756,0
F909279,35.23,m_039,card_not_present,FR,15,0,0.931,1
F909280,70.72,m_052,card_not_present,DE,21,0,1.0,1
F909281,193.96,m_134,wallet,FR,21,0,0.868,0
F909282,100.47,m_090,card_not_present,DE,21,0,0.625,0
F909283,33.57,m_036,card_present,ES,16,1,0.616,0
F909284,18.84,m_097,bank_transfer,DE,5,1,0.794,0
F909285,30.47,m_142,card_not_present,ES,11,1,1.0,0
F909286,51.08,m_104,card_present,BE,6,0,0.411,0
F909287,56.45,m_128,bank_transfer,,1,0,0.786,0
F909288,16.43,m_130,card_not_present,FR,9,0,0.692,0
F909289,27.43,m_065,card_not_present,BE,18,0,0.835,0
F909290,37.18,m_066,card_present,FR,5,0,0.911,0
F909291,21.61,m_113,card_present,IT,17,1,0.371,1
F909292,106.12,m_144,card_not_present,FR,20,0,0.729,0
F909293,73.17,m_129,wallet,FR,22,1,0.855,0
F909294,18.28,m_060,bank_transfer,FR,8,0,0.948,0
F909295,42.21,m_028,card_not_present,DE,20,0,0.791,0
F909296,18.43,m_093,wallet,DE,23,1,0.447,0
F909297,12.18,m_014,card_present,IT,16,0,0.114,0
F909298,27.91,m_177,card_present,CH,6,0,0.591,0
F909299,70.61,m_178,card_not_present,FR,10,0,0.813,0
F909300,12.73,m_030,card_not_present,IT,18,0,0.744,0
F909301,103.9,m_172,card_not_present,IT,14,0,0.72,0
F909302,29.62,m_119,card_present,BE,7,0,0.743,1
F909303,33.07,m_165,card_not_present,DE,23,0,0.891,0
F909304,51.91,m_073,card_not_present,FR,18,0,0.524,0
F909305,100.75,m_019,wallet,IT,11,0,0.88,0
F909306,91.55,m_164,card_not_present,IT,6,0,0.888,0
F909307,14.26,m_155,card_present,BE,19,0,0.742,0
F909308,46.41,m_121,bank_transfer,FR,23,1,0.532,0
F909309,64.37,m_086,card_present,ES,1,1,0.785,0
F909310,444.71,m_116,card_not_present,FR,9,0,0.812,0
F909311,18.18,m_151,card_not_present,BE,13,1,0.36,0
F909312,291.39,m_114,card_present,FR,15,0,0.803,0
F909313,105.55,m_150,card_present,FR,8,0,0.629,0
F909314,61.89,m_059,card_present,FR,1,0,0.633,0
F909315,143.65,m_117,card_present,FR,8,0,0.607,0
F909316,11.3,m_054,card_not_present,FR,10,0,0.729,0
F909317,35.86,m_032,card_not_present,DE,5,0,0.799,0
F909318,42.07,m_163,wallet,FR,17,1,0.708,0
F909319,7.9,m_065,card_not_present,FR,14,0,0.798,0
F909320,17.68,m_116,card_not_present,FR,13,0,0.571,0
F909321,96.71,m_085,card_present,DE,21,0,0.365,0
F909322,4.43,m_158,card_not_present,FR,20,0,0.662,0
F909323,32.62,m_004,card_not_present,DE,1,0,0.623,0
F909324,18.78,m_069,card_not_present,ES,3,0,0.531,1
F909325,4.78,m_076,wallet,DE,0,0,0.613,1
F909326,5.35,m_141,card_present,FR,17,0,0.705,0
F909327,22.53,m_157,card_present,ES,0,0,0.8,0
F909328,48.67,m_027,card_not_present,FR,3,0,0.305,0
F909329,176.61,m_161,card_not_present,BE,8,1,0.637,0
F909330,43.39,m_116,wallet,FR,23,1,0.75,1
F909331,34.65,m_031,card_not_present,FR,6,0,0.575,0
F909332,140.05,m_112,card_present,ES,19,0,0.714,0
F909333,38.71,m_119,card_present,DE,3,0,1.0,0
F909334,44.84,m_026,card_not_present,ES,3,0,0.972,0
F909335,40.35,m_082,card_not_present,FR,23,0,0.507,0
F909336,33.31,m_062,card_not_present,FR,1,0,1.0,0
F909337,4.04,m_021,bank_transfer,ES,7,0,0.355,0
F909338,211.47,m_108,bank_transfer,FR,3,0,0.98,0
F909339,3.24,m_054,card_present,FR,7,0,0.774,0
F909340,55.45,m_030,bank_transfer,,13,0,0.605,0
F909341,16.15,m_063,card_not_present,FR,21,0,1.0,0
F909342,28.71,m_156,card_present,FR,19,0,0.696,0
F909343,33.28,m_095,card_not_present,IT,21,0,0.627,0
F909344,20.92,m_151,wallet,FR,14,0,0.799,0
F909345,21.11,m_096,card_present,IT,5,0,0.814,0
F909346,14.62,m_023,card_present,DE,17,0,1.0,0
F909347,30.73,m_097,card_not_present,FR,10,0,0.787,0
F909348,7.82,m_054,card_not_present,FR,22,1,0.536,0
F909349,73.3,m_114,card_not_present,FR,17,0,0.417,0
F909350,28.19,m_005,card_not_present,FR,4,0,0.443,0
F909351,236.04,m_165,card_present,DE,13,0,0.633,0
F909352,4.52,m_050,card_present,ES,10,0,0.744,0
F909353,5.37,m_052,card_present,ES,11,0,0.768,0
F909354,8.89,m_130,card_present,FR,5,0,1.0,0
F909355,130.82,m_072,card_present,FR,21,0,0.894,0
F909356,6.98,m_088,card_not_present,CH,8,0,0.844,0
F909357,52.31,m_137,card_present,ES,5,0,0.824,0
F909358,14.51,m_170,card_not_present,FR,19,0,0.577,0
F909359,26.72,m_098,wallet,IT,20,0,0.69,0
F909360,35.71,m_161,wallet,FR,16,0,0.865,0
F909361,23.08,m_067,wallet,FR,19,0,0.551,0
F909362,68.69,m_006,card_present,FR,5,0,0.75,0
F909363,22.08,m_170,wallet,ES,8,0,1.0,0
F909364,116.16,m_096,card_present,IT,19,0,0.934,0
F909365,7.33,m_024,card_present,FR,7,1,0.949,0
F909366,16.69,m_046,card_present,BE,4,0,0.868,1
F909367,23.08,m_054,card_not_present,FR,8,0,0.86,0
F909368,11.47,m_025,card_not_present,FR,5,0,0.637,0
F909369,27.24,m_006,card_present,FR,2,0,0.776,0
F909370,54.4,m_014,card_not_present,DE,11,0,0.819,0
F909371,25.98,m_149,card_present,FR,2,0,0.523,0
F909372,72.03,m_092,bank_transfer,FR,16,1,0.934,0
F909373,4.35,m_115,card_not_present,CH,13,0,0.565,0
F909374,109.61,m_060,card_not_present,FR,3,0,0.807,0
F909375,67.04,m_094,card_not_present,FR,14,0,0.803,0
F909376,7.72,m_112,card_present,BE,23,0,0.755,1
F909377,34.16,m_097,card_present,ES,20,0,0.59,0
F909378,18.02,m_035,card_not_present,FR,11,0,0.762,0
F909379,20.38,m_077,card_not_present,IT,1,1,0.792,0
F909380,144.12,m_148,card_not_present,ES,22,1,0.161,0
F909381,78.18,m_059,wallet,FR,21,0,0.565,0
F909382,19.66,m_044,card_present,FR,5,0,0.564,0
F909383,33.03,m_179,card_not_present,FR,17,0,0.631,0
F909384,221.14,m_050,card_present,FR,5,1,0.732,1
F909385,34.53,m_104,card_present,IT,18,0,0.7,0
F909386,30.94,m_151,card_present,FR,10,0,0.787,0
F909387,134.03,m_148,card_not_present,FR,19,0,1.0,0
F909388,33.81,m_027,card_not_present,CH,14,0,0.617,0
F909389,33.01,m_081,card_present,FR,2,0,1.0,0
F909390,570.65,m_164,card_present,FR,21,0,0.731,0
F909391,10.5,m_041,card_not_present,FR,3,0,0.286,0
F909392,26.81,m_018,wallet,IT,2,0,0.6,0
F909393,11.65,m_108,card_present,FR,23,1,0.653,0
F909394,33.07,m_123,wallet,FR,4,0,0.849,1
F909395,8.25,m_142,card_present,FR,4,1,0.549,0
F909396,29.47,m_052,card_not_present,FR,5,1,0.653,0
F909397,36.92,m_161,wallet,IT,16,0,0.557,0
F909398,46.24,m_077,card_not_present,FR,20,0,0.583,0
F909399,48.62,m_096,card_not_present,FR,18,0,0.547,0
F909400,18.8,m_046,wallet,IT,18,0,0.672,0
F909401,46.73,m_178,bank_transfer,FR,23,0,0.486,0
F909402,62.37,m_063,card_not_present,FR,16,0,0.68,0
F909403,61.55,m_079,card_not_present,FR,11,0,0.717,0
F909404,77.69,m_156,card_not_present,BE,15,0,0.906,1
F909405,67.62,m_075,card_not_present,CH,9,0,0.477,0
F909406,126.38,m_127,card_not_present,FR,9,0,0.524,0
F909407,298.44,m_089,wallet,FR,14,0,0.756,0
F909408,13.19,m_092,card_not_present,FR,11,1,0.873,0
F909409,94.57,m_020,card_present,FR,11,0,0.573,0
F909410,11.57,m_073,card_present,BE,16,0,0.785,0
F909411,28.85,m_084,wallet,CH,21,0,0.681,0
F909412,7.47,m_099,card_present,BE,3,1,0.986,0
F909413,19.84,m_053,card_not_present,DE,6,0,0.729,0
F909414,77.24,m_012,card_not_present,DE,15,0,0.558,0
F909415,4.04,m_164,card_not_present,FR,16,0,0.736,0
F909416,64.25,m_068,wallet,DE,3,0,0.706,0
F909417,11.61,m_038,wallet,DE,7,0,0.654,0
F909418,14.53,m_072,card_present,DE,3,0,0.543,0
F909419,88.94,m_153,wallet,FR,3,0,0.825,0
F909420,14.73,m_075,card_not_present,CH,0,0,0.708,0
F909421,23.44,m_178,wallet,FR,21,1,0.69,0
F909422,147.63,m_162,card_not_present,FR,10,1,0.826,0
F909423,76.98,m_035,card_present,DE,14,0,1.0,0
F909424,10.0,m_144,card_not_present,FR,22,0,0.82,0
F909425,39.29,m_109,card_not_present,FR,14,0,0.898,1
F909426,25.44,m_055,card_present,DE,6,0,0.858,0
F909427,60.83,m_075,card_not_present,FR,15,1,0.679,0
F909428,100.26,m_016,wallet,IT,10,0,0.667,0
F909429,69.15,m_038,card_not_present,DE,23,0,0.687,0
F909430,56.7,m_074,card_present,FR,16,0,0.91,0
F909431,14.33,m_090,bank_transfer,FR,13,0,0.494,0
F909432,144.92,m_153,card_present,ES,1,1,0.778,0
F909433,10.52,m_018,card_not_present,FR,19,0,0.851,0
F909434,72.16,m_101,card_not_present,FR,13,0,0.672,0
F909435,62.54,m_117,card_present,DE,18,0,0.632,0
F909436,48.84,m_090,card_present,FR,22,0,0.843,0
F909437,6.31,m_050,wallet,DE,10,1,0.766,0
F909438,39.33,m_150,card_not_present,FR,16,0,0.459,0
F909439,15.08,m_156,bank_transfer,IT,16,0,1.0,0
F909440,125.25,m_161,card_present,FR,10,0,0.827,0
F909441,8.61,m_161,card_present,CH,5,1,0.627,0
F909442,9.07,m_134,card_present,FR,9,0,0.735,0
F909443,24.98,m_034,card_not_present,DE,3,0,0.59,0
F909444,36.23,m_048,wallet,ES,12,1,0.8,0
F909445,102.17,m_114,wallet,DE,13,1,0.553,0
F909446,53.3,m_082,card_not_present,FR,0,0,0.885,0
F909447,6.69,m_085,bank_transfer,FR,15,1,1.0,0
F909448,19.18,m_158,card_present,BE,3,0,0.502,0
F909449,11.92,m_010,bank_transfer,IT,15,0,1.0,0
F909450,31.61,m_041,card_not_present,FR,16,1,0.854,0
F909451,71.81,m_054,wallet,FR,9,1,1.0,0
F909452,98.43,m_051,card_present,FR,0,0,0.603,0
F909453,41.27,m_086,card_present,FR,3,0,0.458,0
F909454,54.72,m_011,wallet,FR,1,1,0.764,0
F909455,57.83,m_076,bank_transfer,FR,14,0,0.781,0
F909456,19.04,m_020,card_not_present,FR,10,0,0.689,0
F909457,24.65,m_154,card_present,FR,7,1,0.636,0
F909458,9.33,m_075,card_not_present,IT,19,0,0.966,0
F909459,8.03,m_056,card_present,IT,11,0,0.591,0
F909460,15.39,m_131,card_present,BE,6,1,0.772,1
F909461,14.55,m_149,card_not_present,FR,14,0,0.796,0
F909462,145.49,m_141,card_not_present,IT,21,1,0.783,0
F909463,19.61,m_029,card_not_present,FR,19,0,0.439,0
F909464,36.55,m_078,card_not_present,FR,19,0,0.7,0
F909465,94.58,m_138,wallet,FR,13,1,0.667,0
F909466,22.55,m_137,card_not_present,IT,17,0,0.289,1
F909467,35.92,m_108,card_present,FR,14,0,0.742,0
F909468,5.97,m_117,card_not_present,FR,15,0,0.755,0
F909469,23.97,m_115,card_present,ES,2,0,0.686,0
F909470,61.99,m_160,card_present,FR,18,0,0.517,0
F909471,55.8,m_052,card_present,FR,15,0,0.709,1
F909472,23.16,m_003,card_not_present,FR,13,1,0.442,0
F909473,12.77,m_085,card_not_present,,17,0,0.744,0
F909474,48.33,m_068,bank_transfer,IT,3,0,0.661,0
F909475,160.36,m_030,card_not_present,FR,22,0,0.645,0
F909476,17.44,m_067,card_not_present,FR,0,1,0.69,1
F909477,23.45,m_108,card_not_present,CH,13,0,0.849,0
F909478,76.99,m_031,card_not_present,BE,23,0,0.614,0
F909479,32.24,m_004,card_not_present,FR,2,0,0.601,0
F909480,79.46,m_152,card_not_present,FR,14,0,0.591,0
F909481,17.61,m_162,wallet,ES,21,1,0.746,0
F909482,60.6,m_056,card_not_present,ES,22,0,0.991,0
F909483,40.11,m_118,card_not_present,CH,3,0,0.657,0
F909484,6.5,m_126,wallet,BE,9,1,0.689,0
F909485,114.23,m_078,card_present,FR,2,0,0.658,0
F909486,76.12,m_159,card_not_present,FR,1,0,0.655,0
F909487,41.54,m_103,card_present,FR,15,1,0.703,0
F909488,25.15,m_114,wallet,FR,22,0,0.692,0
F909489,49.33,m_045,wallet,ES,2,0,0.697,0
F909490,11.53,m_137,card_present,FR,11,0,0.985,0
F909491,16.28,m_067,card_not_present,ES,18,0,1.0,0
F909492,24.74,m_023,wallet,BE,3,0,0.692,0
F909493,21.77,m_053,card_not_present,FR,20,0,0.666,0
F909494,25.37,m_158,card_present,IT,14,0,0.916,0
F909495,14.1,m_035,card_present,CH,14,0,0.326,0
F909496,45.81,m_038,card_not_present,DE,21,1,0.634,0
F909497,76.03,m_024,wallet,CH,23,0,0.66,0
F909498,38.48,m_104,card_not_present,BE,16,0,0.625,0
F909499,27.05,m_115,card_not_present,FR,21,1,0.825,0
F909500,41.49,m_165,card_present,FR,21,0,0.518,0
F909501,20.07,m_042,card_present,BE,19,0,1.0,0
F909502,25.91,m_149,card_not_present,FR,0,0,0.602,0
F909503,101.98,m_009,card_not_present,FR,7,0,0.727,0
F909504,16.33,m_022,wallet,BE,12,0,0.657,0
F909505,91.4,m_161,wallet,IT,18,1,0.961,0
F909506,73.88,m_124,card_present,IT,10,0,0.675,0
F909507,37.5,m_015,wallet,FR,10,0,1.0,0
F909508,10.43,m_110,card_not_present,FR,20,0,0.918,0
F909509,39.5,m_052,card_not_present,FR,18,0,0.652,0
F909510,20.79,m_028,card_not_present,FR,3,1,0.619,0
F909511,40.53,m_038,card_present,CH,22,1,0.752,0
F909512,15.96,m_172,card_not_present,FR,18,0,0.85,0
F909513,45.02,m_098,card_present,DE,21,0,1.0,0
F909514,34.85,m_055,card_present,CH,17,0,0.877,0
F909515,135.57,m_139,card_not_present,BE,15,0,0.876,0
F909516,61.87,m_004,card_not_present,BE,7,0,0.512,0
F909517,16.24,m_029,card_not_present,BE,7,0,0.7,1
F909518,56.54,m_099,wallet,FR,5,1,0.451,0
F909519,10.27,m_002,card_present,FR,2,1,1.0,0
F909520,114.18,m_116,card_not_present,FR,2,0,0.796,0
F909521,140.22,m_125,card_present,FR,8,1,0.893,0
F909522,111.61,m_015,card_present,FR,5,0,0.445,0
F909523,56.65,m_025,card_not_present,ES,9,0,0.759,0
F909524,10.16,m_066,card_present,FR,17,0,0.615,0
F909525,121.65,m_133,bank_transfer,FR,18,0,0.661,0
F909526,199.49,m_150,wallet,FR,14,0,0.778,0
F909527,65.61,m_150,wallet,FR,11,0,0.743,0
F909528,58.34,m_071,card_not_present,FR,9,1,0.548,0
F909529,2.43,m_025,card_present,BE,9,0,0.377,0
F909530,60.34,m_101,card_present,BE,22,1,0.685,0
F909531,8.79,m_176,card_not_present,FR,12,0,0.478,1
F909532,25.06,m_108,card_not_present,FR,17,0,0.669,0
F909533,24.13,m_162,card_not_present,ES,11,1,0.762,0
F909534,31.14,m_128,wallet,FR,23,0,0.74,0
F909535,3.25,m_077,card_not_present,FR,20,0,0.566,0
F909536,7.19,m_134,wallet,FR,10,0,0.902,0
F909537,11.46,m_156,card_not_present,FR,9,0,0.684,0
F909538,10.78,m_062,card_present,ES,7,1,0.869,0
F909539,33.32,m_169,card_present,FR,4,0,0.734,0
F909540,29.97,m_132,card_present,FR,2,0,0.686,0
F909541,37.72,m_109,card_present,FR,6,0,0.475,0
F909542,33.05,m_018,card_present,FR,13,0,0.785,0
F909543,10.34,m_146,card_not_present,DE,17,1,0.946,0
F909544,19.66,m_106,card_not_present,IT,3,0,0.903,0
F909545,33.05,m_085,card_not_present,BE,17,0,1.0,0
F909546,11.12,m_121,card_present,ES,10,0,0.646,0
F909547,3.18,m_154,bank_transfer,FR,3,0,0.63,0
F909548,21.19,m_069,card_present,CH,7,0,0.605,0
F909549,15.42,m_035,card_not_present,FR,19,0,0.688,0
F909550,100.02,m_049,card_not_present,ES,19,1,0.944,0
F909551,10.97,m_131,bank_transfer,ES,7,0,0.531,0
F909552,47.49,m_154,wallet,DE,7,0,0.994,0
F909553,78.66,m_126,wallet,FR,14,0,0.458,0
F909554,18.45,m_052,card_not_present,FR,14,0,0.615,0
F909555,,m_069,card_present,BE,11,0,0.831,0
F909556,29.66,m_177,card_present,FR,4,0,0.866,0
F909557,53.33,m_132,card_present,BE,18,0,0.787,0
F909558,11.54,m_104,card_not_present,FR,15,0,0.532,0
F909559,19.59,m_064,card_not_present,FR,11,0,0.521,0
F909560,17.01,m_143,card_not_present,ES,23,0,1.0,0
F909561,85.0,m_075,card_present,FR,15,1,0.764,0
F909562,,m_101,bank_transfer,IT,23,0,0.807,0
F909563,63.98,m_059,wallet,BE,3,0,0.499,0
F909564,34.46,m_091,card_present,IT,18,0,0.839,0
F909565,32.58,m_024,card_not_present,FR,17,0,1.0,0
F909566,132.45,m_127,card_present,ES,11,0,0.857,0
F909567,5.35,m_016,card_not_present,CH,20,0,0.992,0
F909568,24.41,m_044,card_present,FR,21,0,0.664,0
F909569,12.92,m_141,bank_transfer,BE,10,0,0.748,0
F909570,41.44,m_010,card_present,FR,17,1,0.687,0
F909571,43.07,m_154,card_present,IT,2,0,0.744,0
F909572,20.32,m_103,card_present,FR,0,0,0.699,0
F909573,32.89,m_148,card_present,FR,7,0,1.0,0
F909574,80.4,m_134,card_present,FR,18,0,0.546,0
F909575,23.51,m_114,card_present,CH,3,0,0.648,0
F909576,304.16,m_116,card_present,FR,11,0,0.82,0
F909577,54.51,m_104,card_present,FR,11,0,0.8,0
F909578,40.54,m_167,card_present,ES,18,0,1.0,0
F909579,53.67,m_113,wallet,CH,4,0,0.538,0
F909580,22.88,m_073,card_present,FR,21,0,0.397,0
F909581,68.88,m_093,card_not_present,DE,13,0,0.697,0
F909582,40.72,m_161,card_present,FR,16,0,0.442,0
F909583,18.81,m_119,card_not_present,FR,7,0,0.591,0
F909584,24.93,m_158,card_present,FR,19,0,0.411,0
F909585,19.47,m_153,card_present,FR,8,0,0.675,0
F909586,5.81,m_034,wallet,BE,14,0,0.938,0
F909587,32.8,m_127,card_present,FR,18,1,0.587,0
F909588,24.12,m_016,card_not_present,ES,6,0,0.552,0
F909589,13.66,m_056,card_not_present,FR,9,0,0.829,0
F909590,6.24,m_057,card_not_present,FR,10,0,0.607,0
F909591,5.73,m_060,card_not_present,FR,15,0,0.864,0
F909592,88.19,m_160,card_present,FR,14,0,0.588,0
F909593,36.09,m_089,card_not_present,FR,4,1,0.372,0
F909594,63.7,m_063,card_not_present,FR,22,0,0.728,0
F909595,169.14,m_141,card_not_present,,19,0,0.721,0
F909596,92.61,m_144,card_present,IT,0,1,0.9,0
F909597,41.48,m_037,card_not_present,IT,5,0,0.603,0
F909598,392.37,m_142,card_not_present,FR,11,0,0.572,1
F909599,19.11,m_150,card_not_present,IT,3,1,0.779,0
F909600,51.85,m_115,wallet,FR,21,0,0.576,0
F909601,,m_026,card_not_present,BE,7,0,0.752,0
F909602,21.09,m_072,card_present,CH,14,0,0.936,0
F909603,94.48,m_175,card_not_present,FR,7,0,0.751,0
F909604,8.91,m_174,card_present,ES,12,0,0.584,0
F909605,44.72,m_070,card_present,FR,13,0,0.424,0
F909606,53.41,m_056,card_present,FR,6,0,0.533,0
F909607,22.65,m_001,card_not_present,FR,15,1,0.736,1
F909608,157.15,m_132,card_present,FR,3,0,1.0,0
F909609,32.66,m_074,bank_transfer,ES,5,0,0.709,0
F909610,14.41,m_084,card_not_present,FR,2,0,0.734,0
F909611,33.86,m_003,card_present,FR,13,0,1.0,0
F909612,21.08,m_158,card_not_present,FR,16,1,0.456,0
F909613,21.86,m_030,bank_transfer,CH,21,0,0.711,0
F909614,27.51,m_109,card_present,DE,19,0,0.551,0
F909615,36.36,m_152,card_not_present,DE,19,0,0.825,1
F909616,20.43,m_014,card_not_present,IT,23,0,0.783,0
F909617,479.89,m_021,wallet,DE,6,0,0.722,0
F909618,5.9,m_027,card_not_present,FR,6,0,0.506,0
F909619,8.77,m_100,card_present,FR,20,0,0.602,0
F909620,182.32,m_028,card_not_present,FR,2,0,0.576,0
F909621,23.46,m_054,card_not_present,DE,0,0,0.925,0
F909622,97.74,m_078,card_not_present,FR,12,1,0.664,0
F909623,46.83,m_003,wallet,FR,23,0,0.81,0
F909624,47.48,m_117,card_not_present,ES,6,0,0.765,0
F909625,90.44,m_161,card_not_present,BE,11,0,0.607,0
F909626,38.58,m_038,card_not_present,FR,4,0,0.663,0
F909627,16.07,m_059,card_not_present,CH,15,0,0.825,0
F909628,98.02,m_179,bank_transfer,DE,9,0,0.767,0
F909629,36.8,m_157,card_present,IT,15,0,0.811,0
F909630,42.94,m_088,wallet,BE,7,1,0.869,0
F909631,33.25,m_131,bank_transfer,ES,5,0,0.801,0
F909632,85.95,m_077,card_present,FR,10,0,0.607,0
F909633,35.2,m_000,card_not_present,IT,17,1,0.498,1
F909634,166.44,m_041,card_not_present,FR,0,0,0.986,0
F909635,41.4,m_024,card_present,DE,11,0,0.649,0
F909636,30.4,m_148,card_not_present,FR,11,0,0.846,1
F909637,10.29,m_111,card_present,FR,18,0,0.696,0
F909638,33.08,m_026,card_present,ES,15,0,0.546,1
F909639,4.69,m_032,card_not_present,IT,5,0,0.891,0
F909640,22.88,m_146,card_present,IT,4,1,0.79,0
F909641,83.85,m_089,card_not_present,FR,10,0,0.818,1
F909642,47.98,m_146,card_present,FR,4,0,0.791,1
F909643,70.66,m_006,card_present,DE,22,0,0.7,0
F909644,46.61,m_098,card_not_present,FR,13,0,0.302,0
F909645,166.52,m_041,card_not_present,DE,11,0,0.76,0
F909646,26.83,m_126,card_present,DE,1,0,0.517,0
F909647,15.89,m_051,card_present,IT,3,1,0.421,0
F909648,20.28,m_033,bank_transfer,FR,18,0,0.427,0
F909649,65.84,m_001,card_present,FR,3,0,0.904,0
F909650,60.99,m_020,card_present,FR,12,0,0.853,0
F909651,23.8,m_149,card_not_present,DE,1,1,0.659,0
F909652,118.68,m_026,card_present,FR,11,0,0.834,0
F909653,105.97,m_120,card_not_present,FR,10,1,0.611,1
F909654,230.88,m_115,card_not_present,FR,2,0,0.815,0
F909655,5.81,m_169,card_not_present,FR,7,0,0.687,0
F909656,2.33,m_146,card_not_present,FR,5,1,0.741,0
F909657,6.51,m_012,card_not_present,FR,23,0,1.0,0
F909658,18.8,m_118,card_not_present,FR,2,0,0.705,0
F909659,53.18,m_067,card_present,FR,15,0,0.752,0
F909660,8.56,m_176,card_present,FR,14,0,0.791,0
F909661,32.59,m_035,card_not_present,CH,6,0,0.909,0
F909662,85.76,m_116,card_not_present,IT,6,0,0.744,0
F909663,78.29,m_047,card_present,FR,18,0,0.54,0
F909664,73.3,m_167,card_not_present,FR,14,0,0.751,1
F909665,14.0,m_069,bank_transfer,ES,11,0,0.579,0
F909666,25.57,m_044,card_not_present,DE,13,0,0.554,1
F909667,62.12,m_012,bank_transfer,BE,19,0,0.756,0
F909668,10.4,m_054,card_present,CH,5,0,0.728,0
F909669,132.65,m_021,card_not_present,CH,13,0,0.896,0
F909670,59.13,m_149,card_not_present,FR,18,0,0.446,0
F909671,11.94,m_078,card_present,FR,18,1,0.597,0
F909672,123.1,m_108,card_not_present,FR,13,0,0.692,0
F909673,42.39,m_127,card_present,FR,2,1,0.483,0
F909674,18.24,m_175,card_present,FR,19,0,0.895,0
F909675,45.83,m_095,card_present,FR,1,0,0.563,0
F909676,226.16,m_089,wallet,ES,14,1,0.893,0
F909677,23.28,m_014,card_present,FR,22,0,0.668,0
F909678,31.43,m_091,card_not_present,IT,3,0,0.923,0
F909679,112.54,m_143,card_not_present,CH,20,0,0.584,0
F909680,55.57,m_168,card_not_present,,17,0,0.816,0
F909681,103.39,m_024,card_not_present,FR,18,0,0.9,0
F909682,9.47,m_120,card_present,DE,16,0,1.0,0
F909683,16.73,m_007,card_present,CH,0,0,0.665,0
F909684,14.36,m_117,card_not_present,FR,4,0,0.667,1
F909685,91.33,m_016,card_not_present,FR,3,0,0.807,0
F909686,5.83,m_174,card_not_present,FR,2,0,0.424,0
F909687,26.21,m_120,wallet,FR,8,0,0.637,0
F909688,74.49,m_137,bank_transfer,FR,18,1,1.0,0
F909689,45.79,m_091,card_not_present,FR,11,0,0.738,0
F909690,59.09,m_083,wallet,FR,15,0,0.742,0
F909691,46.88,m_158,card_not_present,FR,10,0,0.793,1
F909692,88.19,m_003,card_present,FR,9,1,0.76,0
F909693,41.44,m_142,card_not_present,FR,11,0,0.775,0
F909694,564.95,m_033,wallet,CH,11,0,0.637,0
F909695,59.59,m_039,card_present,CH,10,0,0.766,0
F909696,17.69,m_091,wallet,FR,16,0,0.695,0
F909697,6.69,m_034,card_not_present,ES,3,0,0.673,0
F909698,33.52,m_079,card_not_present,FR,12,1,0.93,0
F909699,15.52,m_166,card_not_present,DE,12,0,0.867,0
F909700,94.78,m_028,card_not_present,FR,6,1,0.722,1
F909701,29.75,m_102,card_not_present,FR,8,0,0.658,0
F909702,165.7,m_003,card_present,BE,19,0,0.648,0
F909703,15.68,m_110,card_present,CH,1,0,0.622,0
F909704,39.35,m_013,card_not_present,DE,12,0,0.395,1
F909705,9.49,m_132,card_present,FR,4,0,0.756,0
F909706,21.13,m_168,card_not_present,BE,3,0,0.696,0
F909707,60.72,m_016,card_present,FR,18,0,0.629,0
F909708,37.61,m_130,card_present,FR,10,0,0.476,0
F909709,214.48,m_017,card_not_present,ES,6,0,0.715,0
F909710,242.9,m_105,card_present,FR,8,0,0.895,0
F909711,77.37,m_143,card_present,FR,7,0,0.826,0
F909712,15.76,m_035,card_present,BE,4,1,0.74,1
F909713,20.15,m_097,card_present,BE,11,0,0.664,0
F909714,70.43,m_064,card_not_present,FR,5,0,0.75,0
F909715,45.46,m_128,card_not_present,CH,21,1,0.844,0
F909716,25.84,m_078,card_present,FR,8,0,0.755,0
F909717,9.65,m_002,card_not_present,FR,4,0,0.444,0
F909718,36.35,m_121,card_not_present,DE,0,0,0.77,0
F909719,37.83,m_020,card_not_present,DE,0,0,0.757,0
F909720,31.46,m_014,card_present,CH,23,0,0.847,0
F909721,13.34,m_044,card_not_present,BE,1,1,0.775,0
F909722,36.28,m_021,wallet,FR,21,1,0.608,0
F909723,247.13,m_080,wallet,FR,11,0,0.714,0
F909724,24.32,m_111,card_not_present,FR,0,0,0.9,0
F909725,34.92,m_177,wallet,DE,14,0,0.981,0
F909726,60.04,m_091,card_not_present,FR,17,0,0.732,0
F909727,196.63,m_023,card_present,BE,11,1,0.825,0
F909728,21.32,m_014,card_present,FR,20,0,0.767,0
F909729,30.45,m_160,card_present,FR,21,0,0.775,0
F909730,33.98,m_073,card_present,FR,9,1,0.771,0
F909731,115.5,m_093,wallet,ES,12,0,0.628,0
F909732,38.78,m_179,card_not_present,FR,14,0,0.349,0
F909733,67.04,m_135,card_present,FR,1,0,0.456,0
F909734,18.12,m_135,card_not_present,FR,6,1,0.858,1
F909735,84.54,m_089,card_present,FR,23,0,0.714,0
F909736,35.26,m_037,card_not_present,FR,8,0,0.719,0
F909737,24.63,m_026,card_not_present,FR,6,0,0.672,0
F909738,12.16,m_010,bank_transfer,FR,15,0,0.585,0
F909739,4.51,m_094,card_present,ES,11,0,0.657,0
F909740,6.29,m_106,card_not_present,FR,4,1,0.771,0
F909741,30.43,m_114,card_not_present,ES,1,0,0.524,0
F909742,35.92,m_018,card_not_present,IT,22,0,0.66,0
F909743,39.5,m_125,card_present,FR,6,0,0.906,1
F909744,46.7,m_018,wallet,BE,5,0,0.709,0
F909745,48.3,m_035,card_not_present,FR,14,0,0.947,0
F909746,194.1,m_135,card_not_present,DE,17,0,0.73,0
F909747,34.68,m_071,card_present,CH,13,1,0.647,0
F909748,153.5,m_164,card_not_present,FR,21,0,0.718,0
F909749,26.15,m_167,card_present,FR,17,0,0.788,0
F909750,52.92,m_059,card_present,FR,13,1,1.0,0
F909751,93.41,m_108,card_present,ES,12,0,0.708,0
F909752,10.4,m_045,card_not_present,FR,9,0,0.894,0
F909753,22.68,m_140,wallet,FR,2,0,0.693,0
F909754,13.01,m_104,card_not_present,FR,0,0,1.0,1
F909755,41.09,m_067,card_not_present,ES,15,0,1.0,0
F909756,27.16,m_048,card_present,FR,23,1,0.515,0
F909757,56.12,m_128,card_not_present,IT,12,0,0.778,0
F909758,54.33,m_125,card_not_present,FR,14,0,0.658,0
F909759,13.62,m_003,bank_transfer,FR,12,0,0.46,0
F909760,5.62,m_030,card_not_present,FR,9,0,0.702,0
F909761,8.57,m_070,card_present,FR,18,0,0.432,0
F909762,10.28,m_037,card_present,BE,8,0,0.781,0
F909763,12.94,m_000,wallet,CH,8,1,0.802,0
F909764,15.76,m_179,card_not_present,FR,2,0,0.713,0
F909765,4.84,m_052,bank_transfer,FR,3,0,0.763,0
F909766,27.55,m_075,card_not_present,IT,14,0,0.658,1
F909767,51.27,m_078,card_present,FR,20,0,0.505,0
F909768,160.15,m_062,card_present,CH,3,0,0.638,0
F909769,32.9,m_073,card_present,FR,7,0,0.675,0
F909770,53.95,m_057,card_not_present,,23,1,0.636,0
F909771,251.0,m_116,bank_transfer,FR,18,1,0.526,0
F909772,,m_144,card_present,FR,12,0,0.8,0
F909773,21.38,m_070,card_present,,2,0,0.677,0
F909774,185.57,m_091,card_not_present,BE,9,0,0.823,0
F909775,50.76,m_043,card_present,CH,21,0,1.0,0
F909776,108.04,m_070,bank_transfer,DE,11,0,0.704,0
F909777,38.76,m_090,bank_transfer,FR,9,0,0.529,0
F909778,12.01,m_169,card_present,ES,23,0,0.788,0
F909779,34.64,m_091,card_not_present,FR,5,0,0.373,0
F909780,24.57,m_032,card_present,BE,19,0,0.212,0
F909781,50.35,m_154,bank_transfer,ES,20,0,0.973,0
F909782,36.17,m_057,card_present,FR,3,0,0.641,0
F909783,164.87,m_087,card_present,FR,23,0,0.759,0
F909784,50.43,m_178,card_not_present,FR,17,0,0.76,0
F909785,30.78,m_136,card_not_present,FR,10,0,0.517,0
F909786,29.2,m_046,card_present,FR,2,0,0.834,0
F909787,4.17,m_099,card_not_present,FR,16,0,0.855,1
F909788,45.82,m_075,card_not_present,FR,1,0,0.338,0
F909789,,m_082,card_not_present,IT,16,0,0.74,0
F909790,101.21,m_168,card_present,CH,12,0,0.943,0
F909791,57.46,m_102,card_not_present,DE,12,0,0.672,0
F909792,20.44,m_063,card_present,CH,17,0,0.725,0
F909793,9.06,m_150,card_present,BE,9,0,0.713,0
F909794,13.6,m_063,card_present,FR,4,0,0.94,0
F909795,32.23,m_105,bank_transfer,BE,9,1,0.721,0
F909796,17.4,m_130,card_not_present,IT,4,0,0.621,1
F909797,16.0,m_033,card_not_present,FR,5,1,0.963,0
F909798,371.31,m_041,card_present,FR,20,0,0.725,0
F909799,13.49,m_129,card_present,IT,23,0,1.0,1
F909800,3.21,m_018,card_not_present,DE,11,0,0.555,0
F909801,25.97,m_124,card_not_present,FR,5,0,0.477,0
F909802,27.76,m_053,card_not_present,BE,18,0,0.424,0
F909803,18.51,m_023,card_not_present,IT,0,0,0.962,0
F909804,16.55,m_173,card_not_present,FR,10,0,0.743,0
F909805,29.3,m_093,wallet,FR,17,1,0.681,0
F909806,45.54,m_026,card_not_present,FR,16,0,0.746,0
F909807,167.88,m_048,card_not_present,FR,2,0,0.897,0
F909808,9.62,m_130,card_present,DE,20,0,0.566,0
F909809,107.67,m_071,card_not_present,DE,2,0,1.0,1
F909810,14.31,m_019,card_not_present,CH,13,0,0.989,1
F909811,10.31,m_152,card_not_present,FR,6,0,0.466,0
F909812,11.35,m_151,card_present,FR,22,0,0.557,0
F909813,19.62,m_126,card_not_present,FR,19,0,0.251,0
F909814,20.33,m_098,card_not_present,FR,16,0,0.614,1
F909815,33.82,m_177,card_not_present,DE,12,0,0.733,0
F909816,77.42,m_117,card_not_present,CH,11,1,0.846,1
F909817,26.91,m_040,card_present,FR,21,0,0.761,0
F909818,4.0,m_078,card_not_present,ES,5,0,0.791,0
F909819,24.81,m_030,wallet,IT,10,0,0.738,0
F909820,135.55,m_042,card_present,FR,5,0,0.805,0
F909821,20.68,m_116,card_not_present,FR,16,0,0.726,0
F909822,42.01,m_082,card_not_present,BE,1,0,0.702,0
F909823,20.63,m_157,card_not_present,FR,12,0,0.3,0
F909824,203.36,m_042,card_present,ES,22,0,0.544,0
F909825,127.07,m_091,card_not_present,ES,16,1,0.715,0
F909826,37.32,m_080,card_not_present,FR,5,0,0.827,0
F909827,24.38,m_110,card_not_present,ES,4,0,0.579,0
F909828,53.38,m_099,card_present,DE,7,0,0.221,0
F909829,101.41,m_083,card_present,FR,12,0,0.617,0
F909830,100.51,m_054,card_present,FR,14,0,0.816,0
F909831,22.95,m_011,card_not_present,BE,18,1,0.658,0
F909832,139.58,m_140,card_present,,22,1,0.683,0
F909833,38.82,m_151,wallet,FR,21,1,0.73,1
F909834,,m_054,card_not_present,FR,22,0,0.286,0
F909835,11.76,m_062,card_present,FR,0,0,0.698,0
F909836,31.66,m_125,card_not_present,FR,2,1,0.624,0
F909837,28.45,m_063,card_not_present,FR,8,0,0.811,0
F909838,17.01,m_052,wallet,FR,13,0,0.45,0
F909839,32.3,m_050,card_not_present,DE,16,0,0.835,0
F909840,24.63,m_073,card_not_present,FR,22,0,0.371,0
F909841,203.49,m_091,card_not_present,FR,23,0,1.0,0
F909842,2.41,m_002,card_not_present,CH,9,0,0.841,0
F909843,73.93,m_095,card_not_present,FR,5,0,0.854,0
F909844,42.03,m_112,card_not_present,FR,18,1,0.607,0
F909845,90.73,m_095,card_not_present,FR,22,1,0.819,0
F909846,7.76,m_062,card_not_present,BE,3,0,0.525,1
F909847,39.24,m_050,card_not_present,BE,3,0,0.512,0
F909848,66.94,m_092,card_not_present,FR,1,0,0.757,0
F909849,33.66,m_008,card_not_present,FR,13,0,0.969,0
F909850,22.3,m_116,card_present,FR,11,0,0.536,0
F909851,28.86,m_147,card_not_present,FR,23,1,0.743,0
F909852,20.05,m_101,card_present,IT,22,1,0.73,0
F909853,52.21,m_174,wallet,DE,21,0,0.707,0
F909854,92.79,m_063,bank_transfer,BE,2,0,0.951,0
F909855,34.64,m_106,wallet,FR,22,1,1.0,1
F909856,8.7,m_043,card_not_present,BE,16,0,0.854,0
F909857,43.71,m_140,bank_transfer,ES,7,0,0.832,0
F909858,57.95,m_001,card_present,FR,1,0,0.354,0
F909859,67.22,m_087,card_not_present,IT,15,1,0.699,0
F909860,72.84,m_022,wallet,FR,12,0,0.801,0
F909861,,m_142,card_not_present,FR,12,0,0.792,0
F909862,25.05,m_070,wallet,DE,0,0,0.558,0
F909863,5.63,m_162,card_not_present,FR,12,0,0.69,0
F909864,42.36,m_106,card_present,FR,23,0,0.818,0
F909865,5.68,m_126,card_present,DE,7,0,0.658,0
F909866,9.99,m_022,card_not_present,BE,21,1,0.507,0
F909867,965.13,m_173,card_present,FR,17,1,0.667,0
F909868,20.99,m_019,card_not_present,DE,1,0,0.768,0
F909869,2.77,m_001,card_not_present,FR,17,0,0.652,0
F909870,31.18,m_114,wallet,IT,1,0,0.785,0
F909871,17.4,m_081,wallet,DE,2,0,0.546,0
F909872,17.59,m_167,card_present,FR,6,0,0.669,0
F909873,11.46,m_144,wallet,ES,7,0,0.67,0
F909874,30.97,m_030,wallet,IT,9,0,0.573,0
F909875,10.6,m_059,card_present,BE,19,0,0.881,0
F909876,107.77,m_039,bank_transfer,FR,2,0,0.75,0
F909877,82.4,m_103,card_not_present,IT,17,0,0.575,0
F909878,43.84,m_034,card_not_present,CH,4,0,0.828,0
F909879,43.22,m_057,card_present,CH,15,0,1.0,0
F909880,25.05,m_128,card_not_present,FR,20,0,0.62,0
F909881,160.31,m_158,card_present,FR,14,0,0.604,0
F909882,19.21,m_092,card_not_present,FR,0,0,0.614,0
F909883,47.89,m_167,card_not_present,FR,1,0,0.818,0
F909884,18.82,m_126,card_present,FR,0,0,0.556,0
F909885,48.13,m_056,card_present,IT,15,0,1.0,0
F909886,6.35,m_017,bank_transfer,IT,22,0,0.896,0
F909887,25.52,m_138,wallet,DE,10,0,0.653,1
F909888,47.26,m_019,wallet,FR,7,0,0.358,0
F909889,7.56,m_062,card_present,DE,9,0,1.0,0
F909890,108.41,m_162,card_present,FR,5,0,0.042,0
F909891,55.09,m_079,card_not_present,DE,20,0,0.707,0
F909892,10.25,m_112,card_not_present,BE,2,0,0.691,1
F909893,48.66,m_178,card_present,DE,6,1,0.705,0
F909894,70.52,m_030,card_not_present,FR,15,0,0.683,0
F909895,,m_001,bank_transfer,FR,23,1,0.776,0
F909896,69.11,m_114,card_not_present,FR,4,1,0.58,0
F909897,25.64,m_052,card_present,FR,18,0,0.796,0
F909898,17.95,m_073,card_present,IT,22,0,0.679,0
F909899,408.48,m_030,card_not_present,DE,4,0,0.998,0
F909900,34.53,m_047,card_not_present,ES,23,0,0.887,1
F909901,19.33,m_110,card_present,FR,9,0,0.648,0
F909902,28.47,m_128,card_present,FR,22,0,0.738,0
F909903,51.98,m_108,card_present,IT,8,0,0.756,0
F909904,45.74,m_087,card_not_present,IT,9,0,0.937,0
F909905,30.96,m_002,card_not_present,FR,0,0,0.601,1
F909906,25.18,m_096,card_present,FR,12,0,0.522,0
F909907,9.57,m_076,card_not_present,FR,4,0,0.3,1
F909908,48.44,m_077,card_present,FR,6,0,0.889,0
F909909,83.32,m_151,card_not_present,DE,22,1,0.769,0
F909910,93.5,m_127,bank_transfer,ES,12,0,1.0,1
F909911,7.46,m_001,card_present,ES,11,0,0.656,0
F909912,32.05,m_081,card_present,FR,5,0,0.624,0
F909913,116.78,m_177,card_not_present,FR,0,0,0.527,0
F909914,83.97,m_019,card_not_present,FR,7,0,0.562,0
F909915,12.64,m_099,card_present,FR,5,0,0.764,0
F909916,9.9,m_074,card_present,ES,0,0,1.0,0
F909917,176.16,m_004,card_present,CH,12,0,0.802,0
F909918,13.52,m_160,bank_transfer,FR,7,0,0.928,0
F909919,98.92,m_112,card_not_present,FR,22,0,0.588,0
F909920,36.84,m_073,card_not_present,FR,20,1,0.755,1
F909921,129.11,m_112,card_present,DE,0,0,0.839,0
F909922,35.0,m_126,card_present,ES,14,0,0.622,0
F909923,74.9,m_131,card_present,ES,2,1,0.933,1
F909924,14.29,m_021,bank_transfer,FR,13,1,0.629,0
F909925,8.79,m_090,card_not_present,FR,6,0,0.866,0
F909926,39.67,m_037,card_not_present,FR,5,0,0.842,0
F909927,8.46,m_061,card_present,FR,9,0,0.548,0
F909928,109.86,m_174,card_not_present,IT,10,0,0.758,0
F909929,20.52,m_177,card_present,FR,23,0,0.794,0
F909930,75.0,m_098,card_not_present,FR,14,0,0.78,1
F909931,29.25,m_020,bank_transfer,FR,22,0,0.81,0
F909932,51.35,m_124,card_present,FR,4,0,0.983,0
F909933,50.93,m_146,wallet,CH,2,0,0.353,0
F909934,31.35,m_087,card_present,FR,2,0,0.56,0
F909935,62.17,m_017,bank_transfer,IT,14,0,0.613,0
F909936,123.17,m_061,wallet,BE,9,0,0.474,0
F909937,75.51,m_175,card_not_present,FR,7,0,0.64,0
F909938,102.04,m_141,card_not_present,FR,6,0,0.684,0
F909939,9.48,m_089,card_not_present,,20,1,0.881,0
F909940,104.46,m_011,bank_transfer,IT,23,1,0.571,0
F909941,8.3,m_001,card_not_present,ES,9,0,0.562,0
F909942,233.41,m_035,wallet,IT,19,0,0.764,0
F909943,53.27,m_173,card_not_present,FR,9,0,0.987,0
F909944,54.26,m_039,card_not_present,FR,19,0,0.377,1
F909945,73.66,m_090,card_not_present,ES,9,0,0.628,0
F909946,15.0,m_146,wallet,FR,17,0,0.644,0
F909947,25.08,m_089,card_present,FR,1,0,0.661,0
F909948,45.34,m_020,card_not_present,DE,5,0,0.557,1
F909949,7.27,m_177,wallet,FR,11,0,0.88,0
F909950,70.89,m_040,card_not_present,DE,18,0,1.0,0
F909951,18.12,m_142,card_present,FR,14,0,0.668,0
F909952,63.01,m_126,card_present,ES,22,0,0.586,0
F909953,7.96,m_114,card_present,FR,19,1,0.472,0
F909954,171.74,m_117,card_present,FR,11,0,0.837,0
F909955,61.63,m_164,card_present,FR,22,1,0.536,0
F909956,44.17,m_109,card_present,FR,1,0,0.88,0
F909957,48.34,m_094,card_not_present,IT,5,0,0.443,0
F909958,46.35,m_121,card_not_present,FR,2,0,0.764,0
F909959,16.66,m_113,card_not_present,FR,20,0,0.773,0
F909960,22.51,m_117,card_not_present,FR,2,0,0.307,0
F909961,25.54,m_152,card_not_present,FR,10,0,0.326,0
F909962,15.7,m_069,card_not_present,FR,21,0,0.84,1
F909963,86.63,m_079,card_present,ES,7,0,0.779,0
F909964,19.56,m_131,card_not_present,ES,23,0,0.722,1
F909965,20.7,m_167,card_not_present,DE,21,0,0.98,0
F909966,41.92,m_162,wallet,FR,6,0,0.497,0
F909967,48.55,m_158,card_not_present,DE,4,0,0.776,0
F909968,32.5,m_044,card_present,FR,8,0,0.577,0
F909969,17.16,m_047,card_present,IT,3,0,1.0,0
F909970,84.97,m_102,wallet,IT,10,0,0.92,0
F909971,138.98,m_076,card_present,DE,4,1,0.644,1
F909972,54.46,m_091,card_present,FR,1,0,0.799,0
F909973,23.09,m_139,card_not_present,IT,10,0,0.811,0
F909974,17.45,m_088,card_not_present,FR,22,0,0.416,0
F909975,10.99,m_000,card_not_present,IT,14,0,0.827,0
F909976,19.15,m_128,card_not_present,FR,19,0,0.809,0
F909977,228.73,m_064,card_not_present,FR,12,0,0.684,0
F909978,257.34,m_155,card_present,BE,18,0,1.0,0
F909979,44.45,m_123,wallet,ES,16,0,0.399,0
F909980,8.72,m_126,card_present,FR,5,0,0.703,0
F909981,8.23,m_067,card_not_present,FR,6,0,0.616,0
F909982,,m_105,wallet,FR,7,0,0.767,0
F909983,42.85,m_003,card_not_present,FR,3,0,0.66,0
F909984,17.56,m_066,card_not_present,FR,9,0,0.686,0
F909985,38.7,m_005,card_not_present,FR,0,1,0.951,1
F909986,22.65,m_019,wallet,IT,8,0,0.863,0
F909987,5.38,m_112,card_present,BE,10,0,0.915,0
F909988,161.39,m_133,card_not_present,DE,15,0,0.816,0
F909989,75.11,m_029,card_not_present,FR,4,0,0.615,0
F909990,11.67,m_088,bank_transfer,BE,10,1,0.305,0
F909991,95.85,m_138,card_not_present,DE,22,1,0.994,0
F909992,104.74,m_009,card_not_present,BE,0,0,0.971,0
F909993,35.87,m_019,card_present,FR,21,0,0.44,0
F909994,44.02,m_011,card_not_present,FR,8,0,0.56,0
F909995,17.22,m_111,card_present,FR,16,0,0.653,0
F909996,24.9,m_123,card_not_present,CH,11,0,0.647,0
F909997,161.26,m_128,card_not_present,FR,11,0,0.669,0
F909998,2.38,m_049,wallet,FR,17,1,0.432,0
F909999,28.29,m_127,bank_transfer,DE,3,0,0.523,0
F910000,12.32,m_066,wallet,FR,10,0,0.852,0
F910001,56.65,m_174,card_present,FR,2,0,0.822,0
F910002,16.49,m_032,card_not_present,DE,1,1,1.0,0
F910003,51.63,m_027,card_present,CH,14,0,0.918,0
F910004,9.37,m_158,card_not_present,FR,12,0,0.721,0
F910005,57.12,m_133,wallet,CH,15,1,0.713,0
F910006,118.71,m_166,bank_transfer,FR,4,1,0.547,0
F910007,127.9,m_108,card_present,FR,19,0,0.396,0
F910008,16.96,m_004,card_present,ES,5,0,0.673,0
F910009,400.65,m_026,card_not_present,FR,20,0,0.727,0
F910010,39.94,m_125,bank_transfer,FR,9,0,0.333,0
F910011,26.54,m_120,card_not_present,FR,16,0,0.89,0
F910012,20.87,m_085,bank_transfer,IT,22,1,1.0,0
F910013,9.58,m_004,card_present,FR,14,0,1.0,0
F910014,27.02,m_035,card_not_present,FR,10,0,1.0,0
F910015,210.06,m_169,card_not_present,ES,2,1,1.0,0
F910016,50.24,m_004,wallet,CH,2,1,0.5,0
F910017,105.49,m_096,wallet,FR,13,0,0.672,0
F910018,23.63,m_094,wallet,FR,5,0,0.545,0
F910019,25.87,m_044,card_not_present,FR,15,1,0.603,1
F910020,95.02,m_094,card_present,FR,5,1,0.649,0
F910021,55.19,m_056,card_present,FR,16,1,0.587,0
F910022,16.28,m_012,card_not_present,IT,18,1,0.17,0
F910023,254.18,m_099,card_present,FR,13,0,0.742,0
F910024,14.68,m_093,card_not_present,ES,12,1,1.0,0
F910025,19.72,m_096,bank_transfer,FR,9,0,0.916,0
F910026,58.09,m_092,card_present,IT,2,0,0.749,0
F910027,262.51,m_106,card_not_present,FR,3,0,0.513,1
F910028,122.51,m_099,card_present,FR,4,0,1.0,0
F910029,19.46,m_070,card_not_present,ES,7,0,0.74,0
F910030,32.08,m_129,bank_transfer,IT,5,1,0.702,0
F910031,114.94,m_107,card_present,,10,0,0.668,0
F910032,407.03,m_044,card_present,FR,5,0,0.816,0
F910033,134.7,m_092,bank_transfer,DE,17,0,0.608,0
F910034,41.27,m_050,wallet,FR,20,0,0.785,0
F910035,23.8,m_089,card_present,FR,10,1,0.861,0
F910036,16.65,m_128,card_not_present,FR,11,1,0.697,0
F910037,19.17,m_133,card_present,FR,7,0,0.418,0
F910038,122.96,m_013,card_not_present,FR,7,0,0.733,0
F910039,103.29,m_026,card_not_present,FR,8,0,0.503,0
F910040,33.69,m_050,card_not_present,FR,2,0,1.0,0
F910041,29.08,m_109,card_present,CH,15,0,0.792,0
F910042,73.91,m_100,bank_transfer,CH,5,0,0.402,0
F910043,78.9,m_049,card_present,FR,4,0,0.921,0
F910044,54.58,m_168,card_present,FR,10,0,0.801,0
F910045,98.17,m_021,card_not_present,FR,5,0,0.808,0
F910046,19.45,m_050,card_present,DE,17,0,0.952,0
F910047,79.21,m_005,card_present,IT,19,0,0.951,0
F910048,20.53,m_101,card_not_present,FR,22,1,0.608,0
F910049,,m_015,card_not_present,FR,1,0,0.508,0
F910050,327.83,m_041,card_not_present,DE,3,0,0.347,0
F910051,,m_033,wallet,FR,15,1,0.561,1
F910052,141.38,m_087,card_present,IT,13,1,0.486,0
F910053,8.45,m_116,card_present,FR,18,1,0.707,0
F910054,45.57,m_098,card_present,DE,18,0,0.73,0
F910055,26.21,m_108,card_not_present,FR,17,0,0.784,0
F910056,58.41,m_012,card_not_present,FR,2,0,0.527,0
F910057,18.21,m_112,card_present,ES,14,0,0.853,0
F910058,36.69,m_141,card_not_present,ES,18,0,0.512,0
F910059,30.58,m_143,bank_transfer,ES,23,1,0.751,0
F910060,28.86,m_154,card_not_present,IT,20,1,0.842,0
F910061,11.42,m_008,bank_transfer,IT,3,1,0.467,1
F910062,33.65,m_091,card_not_present,FR,10,0,0.652,0
F910063,21.57,m_178,card_present,FR,21,0,0.708,0
F910064,36.09,m_103,card_present,IT,10,0,0.463,0
F910065,32.29,m_016,card_present,ES,20,0,0.678,1
F910066,117.57,m_012,card_not_present,FR,20,0,0.697,0
F910067,44.5,m_063,card_not_present,IT,2,0,0.729,0
F910068,17.17,m_150,card_not_present,IT,14,0,0.611,0
F910069,41.22,m_176,bank_transfer,,14,0,0.546,0
F910070,6.76,m_132,card_not_present,FR,7,1,0.557,1
F910071,17.67,m_000,card_present,BE,9,0,0.559,1
F910072,28.66,m_095,wallet,IT,20,1,0.718,0
F910073,29.32,m_153,card_not_present,ES,15,0,0.613,0
F910074,9.89,m_164,card_present,FR,3,0,1.0,0
F910075,65.93,m_017,card_not_present,FR,19,0,0.55,0
F910076,184.29,m_074,card_present,FR,19,0,0.828,0
F910077,30.18,m_116,card_present,BE,8,0,0.631,0
F910078,2.41,m_100,card_present,ES,9,0,0.907,0
F910079,25.95,m_138,bank_transfer,IT,13,0,0.657,0
F910080,90.18,m_061,wallet,BE,19,0,0.863,0
F910081,46.14,m_025,card_not_present,FR,7,1,0.849,0
F910082,5.37,m_148,card_not_present,DE,12,0,0.488,0
F910083,134.82,m_139,card_not_present,DE,7,1,0.41,0
F910084,45.98,m_015,wallet,ES,8,0,0.688,0
F910085,17.69,m_164,card_present,FR,21,0,0.431,0
F910086,15.35,m_177,card_not_present,BE,21,0,0.977,0
F910087,71.64,m_006,wallet,CH,7,0,0.612,0
F910088,479.64,m_053,card_present,IT,20,0,0.899,0
F910089,276.5,m_151,card_not_present,FR,12,0,0.747,0
F910090,20.15,m_146,card_present,ES,3,0,0.433,0
F910091,89.23,m_094,card_not_present,FR,21,0,0.384,0
F910092,29.81,m_087,card_present,FR,8,0,0.322,0
F910093,30.6,m_098,card_not_present,FR,14,0,0.673,0
F910094,74.94,m_041,card_not_present,FR,5,0,0.667,0
F910095,11.77,m_052,card_present,DE,23,0,0.84,0
F910096,5.37,m_093,card_not_present,ES,15,0,0.753,0
F910097,31.27,m_013,card_not_present,FR,23,1,0.786,0
F910098,81.69,m_010,card_not_present,ES,1,0,0.533,0
F910099,244.07,m_050,card_present,DE,22,0,0.866,0
F910100,84.3,m_028,card_present,ES,2,0,0.776,0
F910101,95.49,m_107,card_not_present,IT,3,0,0.689,0
F910102,66.94,m_039,card_not_present,FR,14,0,0.924,0
F910103,63.85,m_118,wallet,DE,8,0,0.608,0
F910104,2.73,m_001,card_not_present,BE,16,0,0.704,0
F910105,31.74,m_138,card_present,ES,15,0,0.899,0
F910106,38.46,m_175,card_not_present,DE,15,0,0.86,0
F910107,9.11,m_084,card_not_present,ES,4,0,0.881,0
F910108,12.32,m_072,card_not_present,FR,16,0,0.734,0
F910109,13.11,m_150,card_present,FR,22,0,0.827,0
F910110,25.89,m_137,card_not_present,BE,9,1,0.874,0
F910111,77.9,m_171,card_present,FR,6,0,1.0,0
F910112,7.22,m_041,card_present,FR,17,0,0.878,0
F910113,23.98,m_148,card_present,BE,12,0,0.91,0
F910114,68.93,m_107,card_not_present,CH,20,0,0.828,0
F910115,74.44,m_042,card_not_present,FR,17,0,0.615,0
F910116,28.47,m_033,bank_transfer,FR,16,0,0.579,1
F910117,37.77,m_085,card_not_present,IT,6,0,0.279,0
F910118,8.02,m_008,card_present,FR,3,0,0.475,0
F910119,19.41,m_029,card_present,DE,2,0,0.492,0
F910120,41.19,m_046,card_not_present,FR,10,1,0.729,1
F910121,12.24,m_063,wallet,FR,20,0,0.991,0
F910122,20.98,m_029,card_not_present,FR,19,1,0.483,0
F910123,16.29,m_119,wallet,IT,16,0,0.721,0
F910124,36.07,m_050,card_present,ES,7,0,0.868,0
F910125,,m_063,card_present,FR,11,0,0.613,1
F910126,17.57,m_085,card_present,FR,14,0,0.517,1
F910127,150.05,m_052,card_present,IT,8,0,0.786,0
F910128,56.01,m_006,card_not_present,IT,21,0,0.969,0
F910129,130.9,m_147,card_present,BE,12,0,0.662,0
F910130,53.67,m_004,card_present,FR,22,1,0.933,0
F910131,29.09,m_001,card_not_present,BE,4,0,0.852,0
F910132,14.57,m_127,wallet,FR,21,0,0.876,0
F910133,8.32,m_074,card_present,FR,18,0,0.468,0
F910134,19.64,m_017,card_not_present,DE,21,0,0.946,1
F910135,18.64,m_153,card_present,FR,14,0,0.794,0
F910136,31.88,m_128,card_not_present,FR,20,0,0.534,0
F910137,241.31,m_138,card_not_present,FR,9,0,0.693,1
F910138,35.89,m_027,card_not_present,IT,14,0,0.375,1
F910139,86.25,m_145,wallet,FR,4,1,0.67,0
F910140,28.24,m_084,bank_transfer,FR,11,0,0.798,0
F910141,60.28,m_107,card_not_present,FR,13,0,0.661,0
F910142,113.85,m_125,card_not_present,FR,19,1,0.834,0
F910143,21.47,m_085,card_not_present,DE,18,0,0.577,0
F910144,100.73,m_095,card_not_present,ES,15,0,0.853,0
F910145,93.48,m_170,card_not_present,BE,10,0,1.0,0
F910146,46.56,m_030,card_present,FR,8,1,0.673,0
F910147,27.1,m_097,wallet,FR,10,0,0.741,0
F910148,108.05,m_010,card_not_present,FR,3,0,0.431,0
F910149,9.45,m_164,card_present,FR,21,0,0.963,0
F910150,167.43,m_048,card_not_present,FR,14,0,0.733,0
F910151,84.46,m_107,card_not_present,FR,4,0,1.0,0
F910152,6.28,m_002,card_not_present,ES,1,0,0.558,0
F910153,8.57,m_132,card_not_present,FR,9,0,0.622,0
F910154,33.07,m_156,card_not_present,DE,11,0,0.87,0
F910155,9.64,m_081,card_present,IT,0,0,0.82,0
F910156,15.49,m_133,card_present,IT,2,0,0.47,0
F910157,10.77,m_076,wallet,CH,18,0,1.0,0
F910158,131.01,m_025,card_not_present,FR,12,0,0.62,0
F910159,4.11,m_063,card_present,BE,6,1,0.626,0
F910160,19.48,m_067,card_present,FR,8,1,1.0,0
F910161,90.27,m_112,wallet,FR,12,0,0.857,0
F910162,31.22,m_114,card_present,FR,11,0,0.921,0
F910163,9.78,m_072,card_not_present,FR,5,0,0.848,0
F910164,48.62,m_105,bank_transfer,FR,1,0,0.936,0
F910165,6.18,m_118,card_not_present,FR,1,0,1.0,0
F910166,177.77,m_036,card_not_present,IT,12,0,0.386,0
F910167,44.93,m_032,card_not_present,FR,10,1,0.816,0
F910168,9.61,m_121,card_not_present,FR,11,0,0.979,0
F910169,43.11,m_071,card_not_present,IT,13,0,0.599,0
F910170,34.18,m_122,bank_transfer,DE,18,0,0.848,0
F910171,110.25,m_076,bank_transfer,FR,8,1,0.834,0
F910172,7.97,m_061,card_not_present,IT,15,0,0.608,0
F910173,79.76,m_173,card_not_present,DE,0,0,0.626,0
F910174,119.7,m_006,bank_transfer,BE,16,0,0.626,0
F910175,10.79,m_038,card_not_present,FR,15,0,0.738,0
F910176,56.93,m_078,wallet,ES,16,0,0.419,0
F910177,23.78,m_075,card_present,FR,13,1,0.783,0
F910178,38.97,m_176,card_not_present,FR,17,1,0.821,0
F910179,42.48,m_144,card_not_present,DE,19,0,0.581,1
F910180,89.77,m_141,card_present,FR,18,0,0.742,0
F910181,7.65,m_050,card_present,DE,12,0,1.0,0
F910182,23.75,m_129,wallet,IT,9,0,1.0,0
F910183,12.99,m_152,card_not_present,DE,21,1,1.0,1
F910184,15.39,m_045,card_not_present,FR,16,0,0.897,0
F910185,79.3,m_050,card_not_present,FR,9,0,0.818,0
F910186,49.4,m_142,card_not_present,BE,5,0,0.829,0
F910187,15.49,m_054,card_not_present,IT,2,0,0.67,0
F910188,55.19,m_076,wallet,FR,2,0,0.669,0
F910189,131.49,m_010,card_not_present,FR,21,0,0.642,1
F910190,78.25,m_177,card_not_present,FR,8,0,0.595,0
F910191,23.4,m_007,card_not_present,DE,0,0,0.616,0
F910192,16.39,m_134,card_present,ES,14,0,0.483,0
F910193,53.22,m_152,bank_transfer,FR,7,0,0.693,1
F910194,122.97,m_122,card_not_present,FR,13,0,1.0,1
F910195,25.94,m_130,card_not_present,DE,3,0,0.637,0
F910196,23.97,m_136,wallet,DE,22,0,0.447,0
F910197,92.02,m_122,card_not_present,FR,10,0,0.706,0
F910198,92.36,m_112,wallet,FR,17,0,0.568,0
F910199,53.75,m_117,card_not_present,FR,5,0,1.0,0
F910200,45.31,m_113,card_not_present,FR,10,0,0.554,0
F910201,25.06,m_108,card_present,FR,9,0,1.0,0
F910202,60.34,m_017,card_present,DE,12,0,0.899,0
F910203,72.89,m_107,card_present,BE,1,0,0.894,1
F910204,42.2,m_068,card_present,ES,10,0,0.769,0
F910205,59.61,m_017,card_not_present,FR,18,0,0.864,0
F910206,101.85,m_061,wallet,BE,12,0,0.738,0
F910207,14.43,m_055,card_present,FR,5,0,0.62,0
F910208,35.44,m_025,card_present,BE,8,0,1.0,0
F910209,241.13,m_085,card_not_present,FR,18,0,0.719,0
F910210,8.57,m_121,card_not_present,ES,2,0,0.559,1
F910211,111.58,m_019,card_present,DE,21,0,0.74,0
F910212,17.63,m_004,wallet,DE,10,0,0.883,0
F910213,39.3,m_118,card_not_present,FR,18,0,0.822,0
F910214,,m_123,card_present,FR,14,0,0.52,0
F910215,154.56,m_154,card_not_present,FR,18,1,0.968,0
F910216,,m_015,card_not_present,DE,10,0,0.559,0
F910217,11.22,m_095,card_not_present,FR,4,0,0.734,0
F910218,24.49,m_021,card_not_present,ES,1,0,0.912,0
F910219,47.67,m_075,card_not_present,FR,1,0,1.0,1
F910220,32.21,m_158,card_present,BE,12,0,0.675,1
F910221,64.35,m_155,wallet,ES,23,1,0.85,0
F910222,26.02,m_088,wallet,FR,1,1,0.676,0
F910223,8.35,m_069,card_not_present,,18,0,0.848,0
F910224,13.35,m_042,card_not_present,CH,5,0,0.484,0
F910225,12.46,m_051,wallet,FR,5,0,1.0,0
F910226,73.12,m_012,card_present,FR,10,0,0.68,0
F910227,17.09,m_104,card_present,IT,12,0,0.724,0
F910228,144.59,m_047,bank_transfer,FR,4,0,0.535,0
F910229,52.54,m_057,card_not_present,IT,17,0,0.583,0
F910230,30.85,m_174,card_not_present,DE,17,0,0.606,0
F910231,52.2,m_028,card_present,DE,8,0,0.671,0
F910232,76.79,m_034,card_not_present,FR,19,0,0.718,0
F910233,9.58,m_113,card_not_present,BE,13,1,0.726,0
F910234,8.58,m_174,card_present,FR,6,0,0.814,0
F910235,24.65,m_085,card_present,IT,7,0,0.627,0
F910236,39.53,m_129,card_present,FR,13,0,1.0,0
F910237,202.63,m_128,bank_transfer,ES,15,0,0.359,0
F910238,42.73,m_164,bank_transfer,ES,4,0,0.909,1
F910239,31.37,m_022,bank_transfer,FR,23,0,0.686,0
F910240,39.36,m_114,card_not_present,FR,21,0,0.702,0
F910241,11.8,m_088,bank_transfer,FR,23,0,0.461,0
F910242,95.32,m_077,card_not_present,IT,12,0,0.782,1
F910243,23.34,m_039,card_present,ES,19,1,0.522,0
F910244,54.88,m_010,card_present,BE,19,0,0.872,0
F910245,61.9,m_096,card_not_present,FR,2,0,0.565,1
F910246,101.03,m_020,card_not_present,CH,0,0,0.492,0
F910247,29.24,m_026,card_not_present,FR,16,1,0.628,1
F910248,13.69,m_123,card_not_present,IT,8,0,1.0,0
F910249,6.26,m_072,card_not_present,FR,7,0,0.638,1
F910250,117.21,m_002,card_not_present,FR,7,0,0.567,0
F910251,66.92,m_167,card_not_present,IT,6,0,0.842,0
F910252,33.95,m_033,card_not_present,CH,13,0,0.685,0
F910253,27.83,m_038,wallet,CH,9,0,0.709,0
F910254,60.86,m_134,card_present,CH,5,0,0.954,0
F910255,61.8,m_156,card_present,IT,18,1,0.448,0
F910256,30.16,m_099,wallet,DE,22,0,0.763,0
F910257,74.14,m_052,card_not_present,FR,17,0,0.604,0
F910258,5.36,m_036,card_not_present,FR,21,0,0.793,0
F910259,59.16,m_149,card_not_present,,22,0,0.611,1
F910260,71.44,m_069,bank_transfer,CH,4,1,0.782,0
F910261,195.62,m_159,card_present,FR,5,0,0.797,0
F910262,7.83,m_013,card_not_present,FR,6,1,0.908,0
F910263,51.17,m_099,card_present,IT,7,0,0.701,0
F910264,17.9,m_035,card_present,IT,6,0,0.601,0
F910265,17.87,m_089,card_not_present,IT,1,0,0.805,1
F910266,48.69,m_115,bank_transfer,,23,0,0.72,0
F910267,23.43,m_098,card_not_present,FR,17,0,0.627,0
F910268,93.57,m_050,card_not_present,FR,8,0,0.974,0
F910269,52.93,m_115,card_not_present,ES,9,0,0.491,0
F910270,16.36,m_137,card_not_present,ES,9,0,0.882,0
F910271,184.61,m_006,wallet,FR,14,0,0.819,0
F910272,133.11,m_112,card_present,FR,22,0,0.866,0
F910273,61.72,m_059,card_not_present,BE,10,0,0.824,1
F910274,28.62,m_000,card_present,FR,2,0,0.535,0
F910275,40.44,m_026,card_present,FR,16,0,0.848,0
F910276,156.52,m_005,bank_transfer,FR,22,0,0.7,0
F910277,8.31,m_020,card_not_present,BE,18,0,0.648,1
F910278,15.75,m_158,card_present,BE,2,0,1.0,0
F910279,40.06,m_048,card_not_present,BE,16,1,0.546,0
F910280,45.56,m_127,card_present,FR,10,0,0.81,0
F910281,262.24,m_028,card_not_present,FR,14,1,0.825,0
F910282,24.19,m_005,card_present,FR,1,0,0.751,0
F910283,16.84,m_143,card_present,DE,10,0,0.652,0
F910284,52.19,m_021,card_present,FR,10,0,0.212,0
F910285,7.95,m_145,card_not_present,FR,1,0,1.0,0
F910286,18.5,m_162,card_present,DE,6,0,0.591,0
F910287,29.43,m_082,card_present,CH,7,0,0.919,0
F910288,22.11,m_064,card_not_present,CH,15,1,0.785,0
F910289,20.69,m_173,card_not_present,ES,2,0,0.321,0
F910290,12.33,m_082,wallet,FR,21,0,0.767,1
F910291,38.82,m_123,card_present,FR,4,1,0.659,0
F910292,34.4,m_165,card_present,FR,0,0,0.57,0
F910293,23.76,m_071,card_not_present,ES,5,0,0.483,1
F910294,58.16,m_142,card_not_present,DE,10,1,0.865,0
F910295,24.5,m_057,card_present,DE,1,0,0.551,0
F910296,177.12,m_147,card_not_present,IT,3,0,0.685,0
F910297,10.26,m_044,card_present,FR,1,0,0.665,1
F910298,53.71,m_021,card_present,DE,4,0,0.665,0
F910299,32.27,m_042,wallet,CH,15,0,0.748,0
F910300,30.02,m_015,card_present,IT,4,0,0.753,0
F910301,47.12,m_087,wallet,FR,3,0,0.706,0
F910302,32.12,m_060,card_not_present,FR,17,1,0.829,0
F910303,13.02,m_047,wallet,BE,5,0,0.699,0
F910304,16.36,m_010,card_not_present,CH,7,0,0.52,0
F910305,14.35,m_177,wallet,IT,2,0,0.52,0
F910306,11.82,m_121,card_not_present,FR,13,1,0.933,1
F910307,37.67,m_170,card_not_present,ES,21,0,0.827,0
F910308,29.19,m_119,card_present,FR,23,0,0.721,0
F910309,163.05,m_137,card_present,FR,14,0,0.51,0
F910310,40.01,m_090,card_not_present,DE,6,0,0.645,0
F910311,28.48,m_056,card_not_present,ES,7,0,0.694,1
F910312,,m_090,bank_transfer,FR,10,0,0.562,0
F910313,7.82,m_081,card_not_present,FR,14,0,0.565,0
F910314,27.9,m_115,bank_transfer,FR,5,1,0.855,0
F910315,73.55,m_084,card_present,IT,18,0,0.733,0
F910316,226.49,m_136,card_present,FR,21,0,0.992,0
F910317,52.31,m_166,card_present,FR,6,0,0.493,0
F910318,11.54,m_125,bank_transfer,FR,18,0,0.815,0
F910319,58.86,m_079,card_not_present,FR,20,0,0.905,1
F910320,21.83,m_150,card_not_present,FR,13,0,0.897,0
F910321,27.15,m_022,card_not_present,FR,7,0,0.859,0
F910322,8.51,m_001,bank_transfer,FR,5,0,0.777,0
F910323,9.17,m_128,card_not_present,FR,6,0,0.729,0
F910324,130.12,m_151,card_present,DE,4,0,0.256,0
F910325,31.85,m_036,card_not_present,FR,6,0,0.651,0
F910326,35.71,m_147,wallet,FR,15,0,0.846,0
F910327,70.32,m_175,card_not_present,DE,7,0,0.94,0
F910328,21.77,m_119,card_present,FR,9,0,0.721,0
F910329,23.73,m_166,card_not_present,BE,4,0,0.691,0
F910330,20.32,m_037,card_not_present,IT,21,0,0.648,0
F910331,17.4,m_097,card_present,BE,3,0,0.754,0
F910332,19.81,m_017,wallet,FR,5,0,0.937,1
F910333,7.8,m_052,card_present,FR,10,0,0.913,0
F910334,25.12,m_041,card_present,DE,7,1,0.667,1
F910335,52.91,m_148,card_present,ES,19,0,0.442,0
F910336,79.35,m_113,bank_transfer,FR,8,0,0.598,0
F910337,50.82,m_164,card_not_present,FR,10,0,0.588,0
F910338,27.35,m_021,card_not_present,,20,0,0.618,0
F910339,22.48,m_159,card_present,FR,23,0,0.592,0
F910340,5.98,m_004,card_not_present,FR,9,0,0.775,0
F910341,38.63,m_067,card_not_present,FR,13,0,0.735,0
F910342,10.77,m_120,wallet,DE,7,1,0.932,0
F910343,84.21,m_129,card_present,IT,21,0,0.812,0
F910344,38.0,m_069,card_present,FR,2,0,0.387,0
F910345,226.37,m_093,bank_transfer,ES,3,0,0.659,0
F910346,21.86,m_056,wallet,ES,7,0,0.588,0
F910347,35.42,m_134,wallet,FR,5,0,0.69,0
F910348,98.38,m_058,card_not_present,FR,14,0,0.888,0
F910349,7.94,m_144,wallet,FR,3,0,0.431,0
F910350,2.59,m_016,card_not_present,FR,10,1,0.707,0
F910351,14.96,m_025,wallet,IT,18,0,0.788,0
F910352,47.92,m_075,card_not_present,IT,22,0,0.828,0
F910353,205.78,m_165,card_present,ES,1,1,0.55,1
F910354,2.72,m_115,card_present,ES,0,0,0.823,0
F910355,21.37,m_086,card_not_present,FR,5,0,0.677,0
F910356,44.86,m_175,card_present,BE,3,0,1.0,1
F910357,13.24,m_018,card_not_present,ES,5,0,0.97,0
F910358,33.6,m_020,bank_transfer,FR,5,0,0.412,0
F910359,331.33,m_088,card_present,FR,13,0,0.805,0
F910360,137.25,m_136,card_not_present,DE,21,0,0.893,0
F910361,45.03,m_117,card_not_present,FR,23,0,0.685,0
F910362,32.15,m_179,card_not_present,DE,18,0,0.621,0
F910363,54.03,m_001,wallet,FR,17,1,0.516,0
F910364,41.63,m_121,card_not_present,ES,16,0,0.788,0
F910365,30.17,m_143,card_not_present,ES,12,0,1.0,0
F910366,63.72,m_042,card_not_present,IT,7,0,0.617,0
F910367,146.12,m_023,card_not_present,ES,6,0,0.565,0
F910368,8.74,m_101,wallet,DE,3,0,0.738,0
F910369,20.29,m_095,card_not_present,FR,17,0,0.727,0
F910370,47.64,m_081,card_present,ES,23,0,0.554,0
F910371,24.16,m_014,wallet,FR,6,0,0.637,0
F910372,19.24,m_147,card_present,FR,20,0,0.749,0
F910373,9.33,m_134,card_present,IT,11,0,0.586,0
F910374,17.18,m_077,bank_transfer,DE,2,0,0.612,0
F910375,24.59,m_102,card_not_present,BE,1,0,0.656,0
F910376,87.46,m_130,card_present,FR,22,0,0.971,0
F910377,26.65,m_043,card_not_present,IT,8,0,0.852,0
F910378,29.99,m_093,card_not_present,FR,3,0,0.902,0
F910379,72.65,m_107,card_present,FR,21,0,0.727,0
F910380,53.53,m_093,card_present,FR,4,0,0.7,0
F910381,22.62,m_178,card_not_present,IT,4,0,0.851,0
F910382,18.28,m_053,card_not_present,BE,8,0,0.822,0
F910383,14.14,m_057,wallet,DE,2,0,0.617,1
F910384,229.68,m_106,card_not_present,IT,23,0,0.473,0
F910385,12.04,m_155,card_not_present,FR,9,1,0.927,0
F910386,19.45,m_154,card_present,FR,21,0,0.437,0
F910387,17.9,m_146,card_present,FR,2,0,0.835,0
F910388,19.63,m_071,card_not_present,FR,18,0,0.783,0
F910389,26.79,m_077,card_present,FR,2,0,0.668,0
F910390,28.57,m_033,wallet,ES,19,0,0.846,1
F910391,75.39,m_159,card_not_present,FR,2,0,0.591,0
F910392,20.32,m_050,card_not_present,CH,9,0,0.869,0
F910393,,m_001,card_present,FR,9,0,0.82,0
F910394,42.38,m_038,card_present,ES,10,0,0.743,0
F910395,27.37,m_034,card_not_present,ES,11,0,0.742,0
F910396,101.74,m_149,card_not_present,IT,16,1,0.829,0
F910397,7.47,m_059,card_present,FR,15,0,0.931,0
F910398,48.68,m_035,card_present,FR,6,0,0.336,0
F910399,15.52,m_164,wallet,DE,3,0,0.764,0
F910400,48.45,m_066,card_present,DE,2,0,0.608,0
F910401,26.22,m_027,card_not_present,FR,2,0,0.722,0
F910402,11.2,m_146,bank_transfer,BE,3,0,0.396,0
F910403,101.01,m_114,card_not_present,FR,22,0,0.296,0
F910404,28.46,m_031,card_present,FR,5,0,0.924,0
F910405,8.67,m_003,card_present,IT,3,0,0.621,0
F910406,24.24,m_116,card_present,,19,0,0.704,0
F910407,47.69,m_075,card_present,FR,6,0,0.587,0
F910408,3.98,m_126,card_not_present,FR,0,0,0.61,0
F910409,416.93,m_036,bank_transfer,FR,15,1,0.76,0
F910410,34.17,m_081,card_present,FR,6,0,0.781,0
F910411,34.83,m_003,card_not_present,FR,14,0,0.771,0
F910412,23.91,m_142,card_not_present,FR,10,0,1.0,0
F910413,64.07,m_051,card_not_present,FR,17,0,0.768,1
F910414,40.29,m_067,card_present,BE,4,0,0.438,0
F910415,3.32,m_044,card_not_present,FR,14,0,0.786,1
F910416,48.58,m_119,card_not_present,ES,5,0,0.835,0
F910417,14.16,m_154,bank_transfer,FR,10,0,0.486,0
F910418,2.2,m_026,wallet,ES,1,0,0.561,0
F910419,229.0,m_059,card_not_present,ES,9,0,0.641,0
F910420,179.4,m_074,bank_transfer,BE,14,0,0.422,0
F910421,18.35,m_150,card_not_present,FR,11,0,0.798,0
F910422,6.19,m_013,card_present,FR,18,0,0.94,0
F910423,73.06,m_069,card_present,FR,13,0,0.688,0
F910424,6.26,m_073,card_not_present,ES,23,0,0.87,0
F910425,7.65,m_006,card_present,FR,10,0,0.611,0
F910426,361.36,m_122,wallet,FR,12,0,0.667,0
F910427,25.24,m_130,card_not_present,FR,1,1,0.547,0
F910428,22.19,m_108,card_not_present,FR,20,0,0.444,1
F910429,41.81,m_121,wallet,FR,19,0,0.662,0
F910430,52.49,m_175,card_present,FR,8,0,0.719,0
F910431,76.99,m_138,card_not_present,BE,2,1,0.403,0
F910432,180.97,m_043,card_not_present,DE,17,0,0.775,0
F910433,23.86,m_154,bank_transfer,FR,7,0,0.538,0
F910434,60.46,m_149,card_not_present,ES,17,0,0.883,0
F910435,39.42,m_094,card_not_present,IT,20,0,0.734,0
F910436,103.01,m_095,wallet,IT,20,0,0.812,0
F910437,11.99,m_051,card_present,DE,2,0,0.708,0
F910438,29.01,m_062,bank_transfer,ES,4,1,0.98,0
F910439,155.53,m_108,wallet,FR,0,0,0.709,0
F910440,11.65,m_065,bank_transfer,CH,22,0,0.531,0
F910441,18.32,m_074,card_not_present,FR,5,0,0.836,0
F910442,,m_119,card_not_present,FR,22,0,0.447,0
F910443,28.24,m_006,card_not_present,DE,8,0,0.519,0
F910444,12.22,m_114,card_not_present,DE,16,0,0.763,0
F910445,16.68,m_103,card_present,FR,12,0,0.475,0
F910446,79.87,m_083,card_not_present,IT,8,0,0.294,0
F910447,37.17,m_132,card_present,FR,4,1,0.522,0
F910448,55.59,m_125,card_not_present,FR,18,0,0.527,0
F910449,62.22,m_122,wallet,BE,9,0,1.0,0
F910450,64.97,m_145,card_present,FR,5,0,0.92,0
F910451,187.54,m_138,card_present,ES,8,0,0.709,0
F910452,51.12,m_043,card_not_present,FR,7,0,0.654,0
F910453,40.7,m_095,card_present,DE,23,0,0.481,0
F910454,31.26,m_003,card_not_present,FR,0,0,0.601,0
F910455,124.97,m_065,bank_transfer,FR,12,1,0.78,0
F910456,21.28,m_178,card_not_present,FR,15,0,0.509,0
F910457,64.08,m_127,card_present,DE,15,0,0.55,0
F910458,36.78,m_063,card_not_present,DE,18,0,0.214,0
F910459,21.15,m_125,wallet,FR,19,0,0.843,0
F910460,22.73,m_123,card_not_present,FR,16,0,0.772,0
F910461,15.32,m_106,card_not_present,FR,9,0,0.991,0
F910462,194.01,m_119,card_present,CH,23,0,0.873,0
F910463,27.74,m_078,wallet,IT,0,1,1.0,0
F910464,84.06,m_020,card_present,CH,18,0,0.644,0
F910465,10.34,m_097,card_present,FR,2,1,0.362,0
F910466,21.34,m_048,card_present,ES,18,0,0.914,0
F910467,113.45,m_047,card_not_present,IT,5,1,1.0,0
F910468,39.17,m_012,card_not_present,IT,19,0,0.569,1
F910469,68.39,m_135,card_present,BE,19,0,0.773,0
F910470,17.81,m_006,card_present,DE,11,0,0.559,0
F910471,67.44,m_126,card_not_present,FR,5,0,0.766,0
F910472,51.32,m_157,card_not_present,DE,20,0,0.684,0
F910473,99.24,m_142,card_not_present,FR,18,1,0.422,0
F910474,25.05,m_114,card_present,BE,5,0,0.845,0
F910475,12.73,m_055,card_not_present,ES,11,0,0.817,0
F910476,15.19,m_102,card_not_present,FR,19,0,0.577,0
F910477,50.92,m_055,card_not_present,IT,5,1,0.994,0
F910478,38.22,m_175,card_present,FR,6,0,1.0,0
F910479,34.61,m_043,wallet,IT,9,0,0.638,0
F910480,52.94,m_177,card_not_present,FR,20,0,0.54,0
F910481,17.84,m_011,card_present,DE,20,0,0.705,0
F910482,46.22,m_158,wallet,FR,23,1,0.4,0
F910483,149.25,m_140,card_not_present,IT,3,0,0.803,0
F910484,109.48,m_056,card_not_present,FR,12,0,0.629,0
F910485,26.98,m_094,wallet,IT,6,0,0.592,1
F910486,35.31,m_043,wallet,ES,20,0,0.989,0
F910487,36.18,m_100,card_not_present,FR,13,0,0.694,0
F910488,81.0,m_025,wallet,DE,4,1,0.806,0
F910489,33.98,m_032,card_present,DE,20,0,0.983,0
F910490,57.21,m_072,bank_transfer,DE,2,0,0.532,0
F910491,5.8,m_114,bank_transfer,BE,10,0,0.725,0
F910492,68.41,m_005,card_not_present,CH,18,0,0.825,0
F910493,26.51,m_080,card_not_present,ES,2,1,0.947,1
F910494,27.5,m_140,card_not_present,FR,19,0,0.816,0
F910495,227.53,m_146,card_not_present,CH,10,0,0.83,0
F910496,25.7,m_031,card_not_present,FR,14,0,0.807,0
F910497,52.45,m_155,card_present,IT,5,0,0.989,0
F910498,29.08,m_125,card_not_present,BE,0,0,0.906,1
F910499,46.48,m_007,card_present,FR,15,0,0.548,0
F910500,29.17,m_118,wallet,FR,9,0,0.897,0
F910501,174.73,m_169,card_not_present,FR,8,0,0.835,0
F910502,59.22,m_090,card_not_present,ES,17,0,0.434,0
F910503,19.67,m_164,bank_transfer,FR,0,0,0.743,0
F910504,83.42,m_126,card_present,FR,6,0,0.716,0
F910505,6.53,m_024,wallet,BE,12,0,0.809,0
F910506,10.99,m_099,card_present,DE,12,0,0.649,0
F910507,7.51,m_089,card_not_present,CH,2,1,0.917,1
F910508,23.69,m_010,card_present,,23,0,0.514,0
F910509,27.13,m_012,card_not_present,FR,16,1,1.0,0
F910510,15.72,m_143,card_not_present,ES,3,1,0.872,0
F910511,43.91,m_093,card_present,FR,5,0,0.866,0
F910512,10.27,m_068,card_present,IT,5,1,0.801,0
F910513,61.66,m_118,card_not_present,FR,22,0,0.961,0
F910514,107.55,m_023,wallet,FR,0,0,1.0,0
F910515,20.16,m_100,card_present,FR,4,0,0.613,0
F910516,93.29,m_032,card_not_present,ES,14,0,0.569,0
F910517,6.2,m_120,card_present,FR,14,0,0.85,0
F910518,10.3,m_163,card_present,FR,0,0,0.67,0
F910519,17.96,m_079,card_not_present,IT,23,0,0.641,0
F910520,37.62,m_158,card_present,BE,13,0,0.476,0
F910521,342.24,m_055,card_present,FR,18,0,0.426,0
F910522,13.37,m_153,card_present,IT,13,0,0.602,0
F910523,53.52,m_058,card_not_present,FR,21,0,0.818,0
F910524,18.4,m_121,card_not_present,BE,11,0,0.619,0
F910525,,m_088,card_present,CH,9,0,0.904,0
F910526,19.0,m_134,card_not_present,ES,8,0,0.742,0
F910527,74.14,m_092,card_not_present,FR,5,0,0.657,0
F910528,38.62,m_126,card_not_present,FR,0,0,1.0,0
F910529,13.56,m_015,card_present,FR,12,0,0.912,0
F910530,120.24,m_016,card_present,FR,13,0,0.78,0
F910531,20.53,m_160,card_not_present,CH,17,1,0.656,0
F910532,9.24,m_111,card_present,FR,2,0,1.0,0
F910533,43.56,m_098,card_present,DE,1,1,0.595,0
F910534,48.73,m_126,card_not_present,DE,10,1,0.755,0
F910535,20.3,m_126,card_not_present,DE,20,0,0.847,0
F910536,10.15,m_104,wallet,FR,11,0,0.697,0
F910537,253.14,m_178,card_not_present,FR,4,0,0.644,1
F910538,36.93,m_042,card_present,FR,4,0,0.908,0
F910539,77.03,m_037,card_not_present,FR,5,0,0.571,1
F910540,88.89,m_126,card_present,FR,17,0,0.966,0
F910541,46.37,m_114,card_present,FR,7,1,0.608,0
F910542,65.43,m_026,card_not_present,FR,0,0,0.613,0
F910543,45.05,m_070,card_not_present,CH,18,0,0.647,0
F910544,24.34,m_004,card_not_present,FR,15,0,0.531,0
F910545,4.3,m_058,card_not_present,FR,11,1,0.766,0
F910546,62.16,m_123,card_not_present,FR,0,0,0.955,0
F910547,15.5,m_159,card_present,IT,11,0,0.635,0
F910548,16.85,m_177,bank_transfer,ES,21,0,0.559,0
F910549,26.51,m_025,bank_transfer,ES,22,0,0.674,0
F910550,36.7,m_051,bank_transfer,ES,15,0,0.834,0
F910551,56.4,m_050,wallet,FR,17,0,0.664,0
F910552,30.65,m_086,card_present,FR,13,0,0.711,0
F910553,48.5,m_022,card_present,ES,4,0,0.509,0
F910554,11.81,m_064,card_not_present,FR,23,1,0.701,0
F910555,26.65,m_039,card_not_present,DE,10,1,0.404,1
F910556,55.35,m_105,card_not_present,FR,11,0,0.822,0
F910557,62.83,m_112,card_not_present,ES,2,1,0.478,0
F910558,50.82,m_164,bank_transfer,BE,19,0,0.508,0
F910559,12.12,m_008,card_not_present,DE,15,0,1.0,1
F910560,21.98,m_027,card_not_present,ES,19,0,0.228,0
F910561,10.62,m_096,bank_transfer,FR,13,1,0.417,0
F910562,41.92,m_143,card_not_present,IT,2,1,0.574,1
F910563,,m_142,card_present,IT,5,0,0.5,0
F910564,13.84,m_081,card_present,CH,19,1,0.71,1
F910565,72.62,m_050,card_not_present,FR,8,0,0.939,0
F910566,72.09,m_094,card_not_present,ES,23,0,0.707,1
F910567,11.8,m_142,card_not_present,IT,0,0,0.814,0
F910568,44.42,m_129,card_present,FR,8,1,0.639,0
F910569,61.29,m_146,card_present,BE,6,0,0.876,0
F910570,156.43,m_175,card_not_present,FR,18,0,0.898,0
F910571,42.51,m_048,bank_transfer,FR,14,0,0.728,0
F910572,503.75,m_145,card_not_present,FR,9,0,0.671,0
F910573,24.14,m_141,wallet,BE,4,0,0.346,0
F910574,70.94,m_076,bank_transfer,FR,13,0,0.842,0
F910575,23.21,m_179,bank_transfer,FR,4,0,0.515,0
F910576,53.3,m_008,bank_transfer,FR,17,0,0.558,0
F910577,18.73,m_128,card_not_present,CH,21,0,0.579,0
F910578,45.54,m_064,card_not_present,BE,13,0,0.942,0
F910579,88.57,m_077,card_present,FR,16,0,0.69,0
F910580,18.16,m_140,card_not_present,FR,20,0,0.62,0
F910581,67.53,m_020,card_not_present,IT,7,0,0.638,0
F910582,95.65,m_005,bank_transfer,DE,21,0,0.738,0
F910583,159.89,m_024,card_present,FR,7,0,0.667,0
F910584,34.21,m_031,card_present,FR,12,0,0.674,0
F910585,13.09,m_164,card_present,FR,20,0,0.634,0
F910586,54.58,m_123,card_not_present,FR,4,0,0.6,0
F910587,12.64,m_162,card_present,FR,11,0,0.927,0
F910588,52.36,m_030,card_not_present,DE,18,0,0.706,0
F910589,143.95,m_162,card_present,FR,0,0,0.794,0
F910590,125.14,m_038,card_present,FR,10,0,0.462,0
F910591,31.09,m_010,card_not_present,FR,0,1,1.0,0
F910592,46.57,m_159,bank_transfer,FR,7,1,0.361,1
F910593,83.65,m_100,wallet,DE,10,0,0.785,0
F910594,69.86,m_158,card_not_present,FR,11,1,0.451,0
F910595,15.93,m_115,card_not_present,CH,16,0,0.433,0
F910596,91.0,m_029,card_present,FR,9,0,0.708,0
F910597,24.41,m_153,card_not_present,FR,11,0,0.528,0
F910598,22.88,m_036,card_present,FR,22,1,0.889,0
F910599,80.37,m_088,card_present,FR,15,0,0.576,0
F910600,140.03,m_115,card_present,FR,6,0,0.653,0
F910601,107.65,m_061,card_present,CH,1,0,0.845,0
F910602,4.73,m_101,wallet,FR,1,0,0.79,0
F910603,213.76,m_083,card_present,BE,1,1,0.838,0
F910604,158.75,m_060,card_not_present,FR,7,0,0.825,0
F910605,137.6,m_140,card_present,FR,10,0,0.786,1
F910606,19.26,m_176,card_not_present,FR,22,0,0.76,0
F910607,19.36,m_158,card_present,FR,22,0,0.502,0
F910608,61.78,m_156,card_not_present,ES,12,0,0.463,0
F910609,8.62,m_068,card_present,FR,5,0,0.738,0
F910610,175.68,m_092,card_not_present,FR,17,0,0.583,0
F910611,40.09,m_117,card_present,IT,17,0,0.692,0
F910612,27.79,m_064,card_not_present,BE,0,0,1.0,0
F910613,13.72,m_026,card_present,FR,19,0,0.806,0
F910614,12.1,m_052,bank_transfer,BE,15,0,0.815,0
F910615,93.22,m_116,card_present,DE,3,0,0.764,0
F910616,136.55,m_077,card_present,DE,9,0,0.787,0
F910617,47.29,m_031,card_not_present,FR,9,0,0.582,0
F910618,15.45,m_025,card_present,FR,0,0,0.4,1
F910619,22.83,m_049,card_not_present,FR,3,0,0.783,0
F910620,128.49,m_015,card_present,ES,10,0,0.915,0
F910621,24.48,m_031,card_present,FR,2,0,0.822,0
F910622,21.81,m_072,card_not_present,ES,8,0,0.921,0
F910623,89.97,m_089,wallet,DE,0,0,0.986,0
F910624,38.46,m_092,card_present,FR,16,1,0.693,0
F910625,52.6,m_179,bank_transfer,FR,13,0,0.969,0
F910626,45.05,m_118,card_not_present,FR,18,0,0.852,0
F910627,86.02,m_043,wallet,FR,3,0,0.723,0
F910628,14.3,m_140,card_not_present,IT,10,0,0.626,0
F910629,15.08,m_104,card_not_present,FR,6,0,0.659,0
F910630,23.29,m_075,card_present,FR,3,0,0.595,0
F910631,21.85,m_017,card_not_present,CH,14,1,0.685,0
F910632,14.43,m_016,card_not_present,ES,3,0,0.567,0
F910633,8.0,m_099,card_not_present,FR,16,1,0.966,1
F910634,3.81,m_053,card_present,FR,2,0,0.937,0
F910635,50.44,m_073,card_present,DE,15,0,0.748,0
F910636,25.03,m_002,bank_transfer,FR,14,1,0.836,0
F910637,8.72,m_167,card_not_present,IT,19,0,0.869,1
F910638,2.85,m_165,card_not_present,CH,7,0,0.543,0
F910639,44.41,m_007,card_not_present,FR,10,1,0.291,0
F910640,35.77,m_160,wallet,FR,7,0,0.921,0
F910641,13.89,m_017,card_not_present,FR,0,0,0.855,0
F910642,2.52,m_010,wallet,FR,13,0,0.788,0
F910643,5.98,m_132,card_not_present,FR,18,0,0.744,0
F910644,38.09,m_173,card_not_present,IT,17,1,0.642,0
F910645,35.64,m_058,card_not_present,FR,7,1,0.897,0
F910646,72.13,m_123,card_not_present,FR,3,0,0.684,0
F910647,42.45,m_106,card_not_present,FR,9,1,0.76,0
F910648,38.46,m_015,card_not_present,FR,15,0,0.894,0
F910649,57.72,m_078,card_not_present,FR,5,0,0.377,0
F910650,40.16,m_097,card_present,IT,3,0,0.907,0
F910651,12.83,m_016,card_not_present,FR,0,0,0.716,0
F910652,82.66,m_141,card_present,FR,16,0,0.952,0
F910653,8.9,m_036,wallet,FR,15,0,0.761,0
F910654,81.81,m_139,card_not_present,ES,15,0,0.502,0
F910655,21.06,m_050,bank_transfer,FR,7,0,0.564,0
F910656,74.39,m_059,card_not_present,FR,4,0,0.868,0
F910657,39.36,m_167,wallet,FR,22,0,0.479,0
F910658,48.09,m_079,card_present,FR,11,0,0.429,0
F910659,20.06,m_130,card_present,FR,14,0,0.643,0
F910660,15.54,m_167,card_present,FR,0,0,0.453,0
F910661,248.06,m_120,card_not_present,CH,7,1,0.557,1
F910662,180.2,m_157,card_present,FR,8,1,0.984,0
F910663,10.03,m_136,card_present,FR,0,0,0.632,0
F910664,117.91,m_036,card_present,FR,3,0,0.939,0
F910665,89.42,m_047,card_not_present,FR,22,0,0.339,0
F910666,45.37,m_087,card_not_present,FR,19,0,0.747,0
F910667,80.3,m_003,card_not_present,,10,0,0.619,0
F910668,141.35,m_152,card_not_present,FR,19,0,1.0,0
F910669,6.88,m_062,card_not_present,FR,2,0,0.647,0
F910670,24.26,m_134,card_present,FR,3,0,0.598,0
F910671,12.33,m_067,card_present,ES,9,0,0.998,0
F910672,31.02,m_136,card_present,FR,12,0,1.0,0
F910673,24.12,m_111,card_not_present,BE,21,0,0.716,0
F910674,314.13,m_150,card_not_present,FR,16,0,0.785,1
F910675,15.92,m_001,bank_transfer,BE,0,0,0.65,0
F910676,39.35,m_111,card_not_present,FR,7,0,0.615,0
F910677,64.59,m_124,card_present,FR,15,0,0.73,0
F910678,55.32,m_144,card_present,ES,0,1,0.361,0
F910679,38.28,m_038,wallet,FR,10,0,0.804,0
F910680,123.11,m_086,card_not_present,FR,7,0,0.812,0
F910681,25.39,m_092,card_not_present,FR,19,1,0.71,0
F910682,105.26,m_084,card_present,ES,0,0,0.854,0
F910683,45.21,m_093,card_not_present,FR,22,0,0.66,0
F910684,174.6,m_179,card_not_present,IT,20,0,0.726,0
F910685,16.96,m_167,wallet,ES,1,0,0.539,0
F910686,121.58,m_092,card_present,DE,4,0,0.828,0
F910687,2.87,m_064,card_present,FR,3,0,0.487,0
F910688,16.95,m_055,bank_transfer,CH,5,0,0.882,0
F910689,253.62,m_041,card_not_present,FR,5,0,0.658,1
F910690,97.57,m_056,card_present,BE,18,0,0.333,0
F910691,59.47,m_082,card_not_present,FR,5,0,0.732,0
F910692,5.51,m_134,card_not_present,FR,19,0,0.413,0
F910693,32.66,m_075,card_present,DE,3,0,0.653,1
F910694,101.34,m_065,card_present,FR,7,0,0.805,0
F910695,124.61,m_029,card_not_present,DE,10,1,0.584,0
F910696,12.5,m_085,card_present,BE,15,1,0.334,0
F910697,102.91,m_093,card_present,CH,23,0,0.918,0
F910698,69.25,m_125,card_present,ES,21,0,0.649,0
F910699,25.89,m_105,card_present,CH,9,0,0.839,0
F910700,64.36,m_152,card_not_present,FR,7,0,0.207,0
F910701,29.65,m_007,bank_transfer,FR,17,1,1.0,0
F910702,18.49,m_081,wallet,FR,17,0,0.879,0
F910703,94.04,m_156,card_present,FR,3,0,0.647,0
F910704,4.77,m_050,card_not_present,FR,9,1,0.736,0
F910705,56.46,m_087,card_present,FR,8,0,0.697,0
F910706,5.94,m_131,card_present,FR,3,0,1.0,0
F910707,31.18,m_140,card_present,FR,23,0,0.565,0
F910708,280.9,m_045,card_present,FR,16,0,0.934,0
F910709,,m_065,card_not_present,FR,11,1,0.67,0
F910710,33.94,m_156,bank_transfer,ES,22,1,0.84,0
F910711,,m_011,card_not_present,BE,13,0,0.493,0
F910712,95.4,m_025,card_not_present,ES,0,0,0.976,0
F910713,9.07,m_105,card_present,FR,21,0,0.75,0
F910714,39.97,m_114,card_present,FR,11,0,0.35,0
F910715,54.83,m_174,wallet,BE,12,0,0.513,0
F910716,70.0,m_113,wallet,DE,5,0,0.584,0
F910717,55.2,m_151,card_present,FR,1,0,0.69,0
F910718,21.52,m_140,wallet,DE,9,0,0.3,0
F910719,10.57,m_048,wallet,FR,10,0,0.816,0
F910720,,m_033,wallet,FR,18,0,0.856,1
F910721,13.05,m_058,card_not_present,FR,17,1,0.688,0
F910722,72.94,m_031,bank_transfer,FR,22,0,0.662,0
F910723,3.94,m_019,card_not_present,FR,1,0,0.794,0
F910724,24.45,m_055,bank_transfer,FR,5,0,0.695,0
F910725,43.75,m_091,card_present,ES,9,0,0.726,0
F910726,30.03,m_081,card_not_present,FR,12,0,0.517,1
F910727,203.57,m_166,card_not_present,DE,6,0,0.558,0
F910728,6.3,m_063,card_not_present,FR,19,0,0.705,0
F910729,62.57,m_158,card_not_present,DE,16,0,0.808,0
F910730,24.27,m_140,card_not_present,FR,10,0,0.664,0
F910731,15.64,m_061,card_not_present,BE,13,1,0.284,0
F910732,23.2,m_148,card_present,FR,2,0,0.997,0
F910733,94.19,m_111,card_present,FR,6,0,0.777,0
F910734,62.93,m_057,wallet,FR,6,0,0.605,0
F910735,21.12,m_127,card_present,IT,3,0,0.94,0
F910736,56.99,m_149,bank_transfer,FR,23,1,0.574,0
F910737,3.9,m_166,card_not_present,FR,14,0,0.787,0
F910738,14.88,m_054,card_not_present,FR,13,0,0.429,0
F910739,60.04,m_083,card_not_present,IT,7,0,0.542,0
F910740,41.41,m_031,card_present,CH,11,0,0.632,0
F910741,95.81,m_149,card_not_present,FR,10,0,0.923,0
F910742,921.99,m_162,bank_transfer,ES,19,0,0.878,0
F910743,17.84,m_121,card_not_present,FR,9,0,0.808,0
F910744,17.31,m_126,card_present,FR,21,0,0.816,0
F910745,16.95,m_149,bank_transfer,FR,3,0,0.427,0
F910746,40.16,m_117,card_present,DE,4,0,0.771,0
F910747,23.09,m_139,wallet,FR,23,0,0.833,0
F910748,73.81,m_084,bank_transfer,FR,2,0,0.562,0
F910749,45.91,m_177,card_not_present,FR,11,1,0.653,0
F910750,223.35,m_164,card_present,FR,2,0,0.434,1
F910751,11.48,m_105,card_present,FR,10,0,0.581,0
F910752,79.52,m_019,card_not_present,FR,23,0,0.795,0
F910753,100.93,m_139,card_not_present,FR,10,0,0.625,0
F910754,,m_131,card_present,ES,11,1,0.885,0
F910755,24.31,m_163,bank_transfer,FR,17,0,0.945,0
F910756,12.09,m_125,card_present,IT,1,0,0.899,0
F910757,22.13,m_151,bank_transfer,FR,13,0,0.933,0
F910758,29.82,m_034,card_present,FR,13,1,0.579,0
F910759,25.79,m_168,card_present,FR,5,1,0.559,0
F910760,9.76,m_164,card_not_present,BE,3,0,0.347,0
F910761,82.59,m_030,card_not_present,FR,20,0,0.662,1
F910762,41.87,m_080,card_not_present,FR,13,0,0.91,0
F910763,26.56,m_089,card_not_present,ES,19,1,0.811,0
F910764,151.48,m_010,wallet,FR,12,1,1.0,0
F910765,90.07,m_138,card_not_present,FR,7,1,0.789,0
F910766,7.38,m_126,wallet,DE,8,0,0.443,0
F910767,24.16,m_054,card_not_present,BE,7,0,0.837,0
F910768,145.11,m_104,card_present,FR,10,0,0.635,0
F910769,23.43,m_076,card_not_present,ES,11,0,0.603,0
F910770,209.03,m_074,card_not_present,FR,23,0,0.546,0
F910771,31.97,m_029,wallet,ES,16,0,0.769,0
F910772,29.97,m_004,card_not_present,BE,11,1,0.625,0
F910773,82.86,m_135,card_present,BE,12,0,0.609,0
F910774,27.42,m_167,card_not_present,IT,18,0,0.388,1
F910775,22.68,m_051,card_present,FR,10,0,0.711,0
F910776,408.74,m_050,wallet,FR,5,0,0.56,0
F910777,37.86,m_158,wallet,FR,1,0,0.857,0
F910778,18.98,m_021,card_not_present,FR,23,0,1.0,0
F910779,13.73,m_068,wallet,FR,10,1,1.0,0
F910780,108.15,m_135,card_present,FR,23,0,0.441,0
F910781,30.28,m_096,card_present,ES,18,0,1.0,1
F910782,,m_158,card_not_present,FR,8,0,0.642,0
F910783,4.22,m_137,card_not_present,IT,15,0,0.769,0
F910784,19.25,m_105,card_present,FR,13,0,0.677,0
F910785,67.67,m_170,card_not_present,FR,13,0,0.533,0
F910786,13.62,m_002,card_present,ES,6,0,0.441,0
F910787,10.31,m_120,card_not_present,FR,15,1,1.0,0
F910788,9.68,m_029,card_not_present,FR,7,0,0.887,0
F910789,9.49,m_146,card_present,FR,5,0,0.714,0
F910790,21.23,m_053,card_not_present,FR,22,0,0.934,0
F910791,52.46,m_059,card_not_present,CH,17,0,0.449,0
F910792,28.34,m_089,card_present,BE,16,0,0.764,0
F910793,65.36,m_035,card_present,IT,18,0,0.928,0
F910794,4.23,m_079,wallet,FR,23,0,0.676,0
F910795,16.26,m_166,card_present,IT,17,0,0.463,0
F910796,105.71,m_130,wallet,FR,4,0,0.966,0
F910797,,m_106,wallet,FR,5,0,0.655,0
F910798,17.36,m_023,card_present,FR,18,0,0.612,0
F910799,36.35,m_104,card_not_present,BE,12,0,0.781,0
F910800,21.69,m_072,card_present,FR,5,0,0.478,0
F910801,16.69,m_076,card_not_present,FR,4,0,0.677,1
F910802,12.52,m_011,card_not_present,ES,7,0,1.0,0
F910803,30.67,m_167,card_present,FR,5,0,0.917,0
F910804,50.79,m_139,card_not_present,BE,4,1,0.686,0
F910805,52.65,m_004,card_not_present,DE,9,1,0.742,0
F910806,32.81,m_057,card_present,FR,3,0,0.604,0
F910807,23.47,m_029,card_not_present,FR,10,0,0.467,0
F910808,102.16,m_146,card_present,FR,0,0,0.832,1
F910809,37.22,m_087,card_present,BE,8,1,0.586,0
F910810,163.64,m_078,card_present,FR,13,0,0.96,0
F910811,40.54,m_136,card_not_present,FR,8,0,0.89,0
F910812,11.06,m_150,card_present,FR,18,0,1.0,0
F910813,309.78,m_058,card_present,FR,3,0,0.849,0
F910814,281.77,m_120,card_present,DE,3,0,0.538,1
F910815,19.3,m_009,card_not_present,CH,19,0,1.0,0
F910816,26.27,m_101,card_not_present,CH,7,0,0.536,0
F910817,11.01,m_152,card_present,ES,0,0,0.704,0
F910818,29.01,m_129,card_not_present,FR,20,1,0.658,1
F910819,76.82,m_059,card_not_present,FR,20,0,0.542,0
F910820,4.09,m_000,wallet,FR,15,0,0.735,0
F910821,30.3,m_047,card_present,FR,9,1,0.626,0
F910822,13.68,m_163,bank_transfer,FR,9,0,0.854,0
F910823,22.75,m_097,card_not_present,ES,13,0,0.862,0
F910824,17.96,m_094,card_not_present,IT,3,0,0.685,0
F910825,35.63,m_149,wallet,ES,1,0,0.505,0
F910826,67.04,m_129,card_present,FR,19,0,0.728,0
F910827,8.02,m_165,card_present,BE,11,0,0.51,0
F910828,173.59,m_155,card_not_present,FR,10,0,1.0,1
F910829,33.83,m_159,card_not_present,IT,7,1,0.901,0
F910830,9.13,m_062,card_not_present,ES,23,0,0.731,0
F910831,12.32,m_022,card_present,ES,1,1,0.845,0
F910832,49.06,m_067,card_not_present,FR,4,0,0.687,0
F910833,33.76,m_135,card_not_present,ES,19,1,0.946,1
F910834,16.28,m_061,card_present,DE,21,0,0.991,0
F910835,164.14,m_166,card_present,ES,9,0,0.935,0
F910836,43.86,m_155,card_present,FR,22,0,0.928,0
F910837,24.42,m_141,card_not_present,BE,3,0,0.73,1
F910838,243.24,m_154,card_not_present,IT,23,0,0.682,0
F910839,5.01,m_163,wallet,DE,0,0,0.738,0
F910840,17.93,m_084,wallet,ES,16,0,0.628,0
F910841,19.14,m_078,card_present,FR,1,0,0.445,0
F910842,49.12,m_131,card_not_present,CH,18,0,0.68,0
F910843,13.08,m_081,wallet,FR,21,0,0.966,0
F910844,,m_091,bank_transfer,DE,12,1,0.443,1
F910845,174.05,m_061,card_present,FR,9,0,0.572,0
F910846,94.95,m_091,bank_transfer,BE,15,0,0.693,0
F910847,79.67,m_076,card_not_present,FR,19,0,0.506,0
F910848,29.8,m_039,bank_transfer,FR,21,0,0.88,0
F910849,45.61,m_065,card_present,FR,22,0,0.884,0
F910850,35.0,m_118,card_present,BE,20,0,0.789,0
F910851,231.35,m_051,card_not_present,CH,18,1,0.996,0
F910852,33.34,m_015,card_not_present,BE,3,0,0.678,0
F910853,167.57,m_046,card_not_present,FR,18,1,1.0,0
F910854,71.41,m_120,card_not_present,CH,8,1,1.0,0
F910855,59.23,m_066,card_present,IT,17,1,0.76,0
F910856,12.8,m_144,card_not_present,,18,0,0.767,0
F910857,19.35,m_123,card_not_present,FR,12,1,0.632,1
F910858,22.7,m_127,wallet,BE,15,0,0.349,0
F910859,44.54,m_149,card_present,FR,7,0,0.447,0
F910860,10.39,m_112,card_not_present,ES,22,0,0.625,0
F910861,21.04,m_078,card_present,FR,12,0,0.564,0
F910862,56.78,m_169,card_present,BE,10,0,0.566,0
F910863,,m_120,card_not_present,ES,7,0,0.88,0
F910864,91.63,m_004,wallet,FR,15,1,0.954,1
F910865,6.24,m_109,card_not_present,CH,0,0,0.528,0
F910866,20.48,m_080,card_present,FR,22,0,0.921,0
F910867,214.61,m_146,card_not_present,FR,18,0,0.839,0
F910868,42.84,m_116,card_present,DE,16,0,1.0,0
F910869,48.82,m_037,wallet,FR,14,0,0.36,0
F910870,164.45,m_051,card_present,IT,0,0,0.705,0
F910871,,m_153,card_not_present,FR,0,0,1.0,1
F910872,11.94,m_052,card_not_present,BE,12,0,0.542,0
F910873,12.72,m_004,card_present,FR,23,1,0.291,0
F910874,9.9,m_097,card_not_present,BE,8,0,0.668,0
F910875,77.64,m_024,card_present,FR,21,0,0.791,0
F910876,27.86,m_160,card_present,BE,13,1,0.813,0
F910877,28.0,m_129,wallet,DE,21,0,0.743,0
F910878,49.51,m_100,card_present,FR,9,0,0.462,0
F910879,34.19,m_083,card_not_present,FR,10,0,0.81,0
F910880,11.38,m_167,card_not_present,CH,21,0,0.963,0
F910881,10.05,m_044,card_present,DE,3,0,0.817,0
F910882,9.01,m_015,card_present,FR,3,0,0.598,0
F910883,50.72,m_066,card_not_present,BE,21,0,0.884,0
F910884,21.68,m_018,card_not_present,FR,3,0,0.395,0
F910885,5.25,m_013,card_not_present,FR,13,0,0.739,0
F910886,55.33,m_050,card_not_present,FR,0,0,0.884,0
F910887,21.42,m_078,card_not_present,FR,5,0,0.926,0
F910888,63.91,m_119,card_not_present,FR,21,0,0.896,0
F910889,16.27,m_085,card_not_present,FR,11,0,0.705,1
F910890,7.55,m_178,card_present,DE,21,0,0.89,0
F910891,188.23,m_128,card_present,FR,17,0,1.0,0
F910892,18.82,m_058,card_present,,23,0,0.748,0
F910893,23.1,m_037,card_not_present,IT,23,0,0.681,0
F910894,133.0,m_114,bank_transfer,DE,11,0,0.777,0
F910895,112.31,m_138,card_not_present,FR,11,0,0.433,0
F910896,19.92,m_025,wallet,FR,15,0,0.962,0
F910897,141.21,m_148,card_present,FR,22,0,0.744,0
F910898,22.06,m_093,card_present,FR,6,0,1.0,0
F910899,14.12,m_019,card_not_present,DE,7,1,0.886,0
F910900,21.72,m_020,card_present,DE,8,0,0.767,0
F910901,50.63,m_038,card_present,BE,5,0,0.724,0
F910902,19.9,m_068,card_not_present,DE,9,1,0.571,0
F910903,13.22,m_074,bank_transfer,ES,22,0,0.489,0
F910904,616.61,m_152,bank_transfer,FR,15,0,0.626,0
F910905,10.72,m_118,card_present,FR,9,0,0.745,0
F910906,37.01,m_142,card_present,IT,7,0,0.547,0
F910907,19.01,m_171,card_not_present,DE,6,0,0.686,0
F910908,56.36,m_087,wallet,FR,1,1,0.745,0
F910909,67.33,m_172,card_not_present,FR,18,0,0.643,0
F910910,232.92,m_077,card_not_present,ES,8,0,0.986,0
F910911,301.43,m_087,card_not_present,DE,20,1,0.785,1
F910912,129.74,m_173,wallet,FR,0,0,0.842,0
F910913,20.42,m_162,card_present,FR,19,0,0.954,0
F910914,250.38,m_170,card_not_present,ES,5,0,0.496,0
F910915,20.74,m_037,card_not_present,IT,12,0,0.846,0
F910916,71.78,m_046,card_present,BE,6,0,0.496,0
F910917,32.38,m_115,card_present,CH,17,0,0.95,0
F910918,17.17,m_071,card_present,FR,16,0,0.5,0
F910919,24.88,m_056,card_not_present,BE,20,0,0.782,0
F910920,13.75,m_008,card_present,FR,5,0,0.702,0
F910921,64.76,m_058,card_not_present,FR,0,1,0.844,1
F910922,51.81,m_165,card_present,FR,5,0,0.411,0
F910923,35.1,m_041,card_not_present,IT,7,0,0.901,0
F910924,148.87,m_089,bank_transfer,FR,23,1,0.937,0
F910925,14.21,m_133,card_not_present,FR,21,0,0.549,0
F910926,16.49,m_096,card_present,ES,12,0,1.0,0
F910927,13.59,m_034,card_not_present,FR,10,0,0.402,0
F910928,239.06,m_062,card_not_present,BE,15,0,0.67,0
F910929,17.32,m_047,card_present,IT,3,0,0.716,0
F910930,86.72,m_131,card_not_present,FR,20,0,0.625,0
F910931,62.99,m_045,card_not_present,IT,17,0,0.795,0
F910932,259.64,m_009,card_not_present,ES,16,0,0.724,0
F910933,54.99,m_064,card_not_present,CH,21,0,0.853,0
F910934,50.85,m_097,card_present,FR,21,0,0.35,0
F910935,316.9,m_010,card_not_present,FR,3,0,0.746,1
F910936,15.29,m_175,card_not_present,FR,8,0,0.445,0
F910937,133.39,m_099,card_not_present,FR,14,1,1.0,0
F910938,16.57,m_066,bank_transfer,CH,13,0,0.674,0
F910939,26.2,m_103,card_not_present,FR,15,0,0.694,1
F910940,32.01,m_118,card_not_present,DE,12,0,0.549,0
F910941,10.39,m_176,card_not_present,FR,7,0,0.818,0
F910942,69.9,m_150,card_present,FR,14,0,0.336,0
F910943,8.93,m_041,card_not_present,FR,14,0,0.829,0
F910944,25.78,m_100,card_present,ES,13,0,0.418,0
F910945,89.26,m_079,wallet,FR,3,0,0.632,0
F910946,37.08,m_041,card_present,FR,21,1,0.677,0
F910947,4.79,m_090,card_not_present,ES,21,1,0.931,0
F910948,32.35,m_077,card_not_present,BE,5,0,0.898,0
F910949,,m_172,card_not_present,FR,23,0,0.731,0
F910950,59.16,m_028,wallet,FR,6,1,0.742,0
F910951,30.41,m_013,card_not_present,ES,5,0,0.455,0
F910952,41.1,m_153,card_not_present,BE,16,0,0.712,1
F910953,10.59,m_135,card_present,FR,20,0,0.931,0
F910954,49.21,m_022,card_not_present,FR,2,1,0.562,0
F910955,27.98,m_144,card_present,BE,15,0,0.614,0
F910956,62.39,m_131,card_not_present,FR,9,1,0.792,0
F910957,24.35,m_173,card_present,CH,22,0,0.589,0
F910958,8.33,m_148,card_present,BE,1,0,0.745,0
F910959,39.91,m_050,card_not_present,FR,16,0,0.696,0
F910960,21.04,m_165,card_not_present,BE,6,0,0.821,0
F910961,11.97,m_138,card_not_present,FR,19,0,0.47,0
F910962,20.34,m_156,card_present,FR,4,0,0.827,0
F910963,38.83,m_002,card_not_present,DE,6,0,0.693,1
F910964,49.83,m_106,card_not_present,FR,15,0,0.638,0
F910965,26.56,m_165,card_not_present,IT,15,0,0.737,0
F910966,75.74,m_148,card_not_present,FR,1,0,0.639,0
F910967,5.93,m_150,card_present,FR,2,0,0.987,0
F910968,26.11,m_108,bank_transfer,IT,16,0,0.787,0
F910969,59.57,m_131,bank_transfer,DE,17,0,0.614,0
F910970,540.42,m_065,wallet,DE,9,0,0.721,0
F910971,34.82,m_003,card_not_present,DE,14,0,0.874,0
F910972,10.38,m_080,card_not_present,DE,13,0,0.673,0
F910973,140.93,m_114,card_not_present,FR,5,0,0.803,0
F910974,22.97,m_164,card_present,FR,3,0,0.976,0
F910975,33.77,m_046,card_not_present,FR,11,0,0.893,0
F910976,17.16,m_060,card_not_present,CH,1,0,0.964,0
F910977,16.04,m_132,card_present,FR,23,0,1.0,0
F910978,80.42,m_154,card_present,DE,8,0,0.761,0
F910979,,m_106,card_not_present,FR,23,0,0.776,0
F910980,23.04,m_091,card_not_present,FR,2,0,0.85,0
F910981,88.03,m_032,card_not_present,CH,19,0,0.797,0
F910982,5.16,m_105,card_not_present,FR,4,0,0.89,0
F910983,82.13,m_174,card_not_present,FR,1,0,0.821,1
F910984,105.02,m_131,card_not_present,DE,20,0,0.714,0
F910985,36.33,m_144,card_present,FR,13,1,0.942,0
F910986,28.26,m_028,wallet,IT,23,0,0.621,1
F910987,4.6,m_066,card_present,CH,15,0,0.595,0
F910988,8.51,m_099,card_not_present,ES,3,1,0.896,0
F910989,5.42,m_097,card_present,FR,19,0,1.0,0
F910990,60.57,m_135,card_not_present,FR,9,1,0.577,0
F910991,,m_035,wallet,ES,22,1,0.722,1
F910992,3.44,m_009,card_not_present,FR,12,0,0.545,0
F910993,71.72,m_163,card_not_present,FR,11,0,0.943,0
F910994,50.88,m_172,wallet,FR,1,0,0.622,0
F910995,28.8,m_087,card_not_present,FR,7,0,0.792,0
F910996,31.06,m_174,card_not_present,FR,5,1,0.814,1
F910997,7.06,m_132,card_not_present,FR,21,0,0.587,0
F910998,33.84,m_091,card_not_present,CH,19,0,0.762,0
F910999,18.17,m_058,bank_transfer,FR,1,0,0.758,0
F911000,7.45,m_119,card_not_present,ES,18,0,0.816,0
F911001,141.47,m_131,card_present,FR,10,0,0.622,0
F911002,144.18,m_052,card_not_present,FR,11,1,0.862,1
F911003,1572.78,m_158,card_present,FR,12,0,0.651,0
F911004,14.23,m_057,card_not_present,FR,13,1,0.923,0
F911005,26.39,m_015,card_not_present,CH,23,1,0.801,0
F911006,19.85,m_173,card_present,FR,10,1,0.649,0
F911007,6.06,m_036,card_present,IT,6,0,0.521,0
F911008,6.57,m_015,card_not_present,BE,20,0,0.951,0
F911009,15.94,m_092,card_present,FR,18,0,0.655,0
F911010,118.89,m_081,card_present,CH,18,0,0.784,0
F911011,89.59,m_105,wallet,FR,6,0,0.876,0
F911012,50.03,m_149,wallet,IT,21,0,0.842,0
F911013,43.21,m_020,card_not_present,FR,2,0,0.597,0
F911014,145.63,m_150,wallet,CH,10,0,0.749,0
F911015,52.41,m_028,card_present,ES,1,1,0.857,1
F911016,47.69,m_085,bank_transfer,ES,17,1,1.0,0
F911017,23.51,m_137,card_not_present,FR,15,0,0.642,0
F911018,269.19,m_157,card_not_present,,15,0,0.388,0
F911019,19.03,m_111,card_not_present,BE,3,0,0.712,1
F911020,35.57,m_127,card_present,FR,0,0,1.0,0
F911021,34.74,m_040,card_not_present,DE,3,0,0.469,0
F911022,12.4,m_041,card_present,FR,8,0,0.468,0
F911023,40.87,m_132,card_not_present,ES,14,0,0.74,0
F911024,218.47,m_078,card_present,ES,21,0,0.898,0
F911025,4.7,m_148,card_not_present,,3,0,0.718,0
F911026,6.44,m_119,card_not_present,FR,17,1,0.637,0
F911027,36.43,m_069,card_present,FR,21,1,0.734,0
F911028,28.58,m_163,wallet,FR,17,0,0.812,0
F911029,19.04,m_097,card_present,DE,5,0,0.716,1
F911030,50.66,m_152,card_present,DE,2,0,1.0,0
F911031,113.5,m_044,card_present,FR,14,1,0.453,0
F911032,63.76,m_136,card_present,ES,11,0,0.421,0
F911033,15.42,m_103,card_present,FR,16,0,0.882,0
F911034,125.06,m_030,wallet,CH,14,0,0.469,0
F911035,25.97,m_117,card_present,IT,3,0,0.747,0
F911036,11.4,m_020,bank_transfer,FR,6,0,0.734,0
F911037,62.36,m_028,card_present,FR,9,0,0.618,0
F911038,129.75,m_139,card_not_present,FR,0,0,0.845,0
F911039,52.04,m_135,card_not_present,IT,12,0,0.613,0
F911040,19.2,m_088,card_present,FR,6,0,0.657,0
F911041,46.11,m_092,card_present,FR,3,0,0.462,0
F911042,21.55,m_065,card_not_present,FR,14,0,0.513,0
F911043,76.76,m_153,wallet,DE,11,0,0.841,0
F911044,25.17,m_121,card_not_present,FR,20,1,0.753,1
F911045,147.48,m_008,card_not_present,FR,0,0,0.709,1
F911046,3.84,m_026,card_not_present,IT,10,0,0.869,0
F911047,64.81,m_037,card_present,FR,2,0,0.712,0
F911048,126.17,m_051,wallet,FR,23,0,0.781,0
F911049,143.44,m_038,card_present,IT,18,0,0.721,0
F911050,40.1,m_085,card_not_present,ES,9,1,0.623,0
F911051,14.48,m_066,card_not_present,FR,11,0,0.746,0
F911052,3.99,m_011,wallet,CH,23,0,0.786,0
F911053,85.26,m_157,card_present,CH,17,0,0.966,0
F911054,102.52,m_058,bank_transfer,CH,20,0,0.693,0
F911055,31.12,m_092,wallet,FR,17,0,0.872,0
F911056,35.4,m_066,card_not_present,ES,5,1,0.548,0
F911057,3.72,m_143,bank_transfer,DE,16,1,1.0,0
F911058,82.14,m_007,card_present,BE,17,1,0.722,0
F911059,4.2,m_078,card_present,ES,0,1,0.797,0
F911060,36.98,m_163,card_not_present,ES,6,0,0.575,0
F911061,68.04,m_021,card_present,DE,12,0,0.834,0
F911062,41.22,m_163,card_not_present,ES,12,0,0.741,0
F911063,28.24,m_103,card_present,CH,14,1,0.58,0
F911064,89.69,m_154,card_not_present,FR,2,0,0.804,0
F911065,12.96,m_157,bank_transfer,IT,2,1,0.958,0
F911066,3.35,m_071,bank_transfer,IT,10,0,0.831,0
F911067,35.4,m_087,card_present,FR,4,0,0.458,0
F911068,20.77,m_167,card_present,BE,12,0,0.949,0
F911069,205.62,m_158,card_present,IT,19,0,1.0,0
F911070,139.7,m_150,card_not_present,DE,5,0,0.617,0
F911071,13.5,m_004,card_not_present,DE,14,0,0.781,0
F911072,51.68,m_100,card_not_present,DE,12,0,0.82,1
F911073,9.14,m_083,card_not_present,FR,2,0,1.0,0
F911074,3.95,m_095,card_not_present,FR,12,0,0.64,1
F911075,22.47,m_091,card_not_present,FR,4,0,1.0,0
F911076,66.24,m_103,card_not_present,DE,1,0,0.609,0
F911077,31.16,m_071,card_not_present,FR,20,1,0.862,1
F911078,160.21,m_027,card_not_present,IT,10,0,0.697,0
F911079,69.04,m_118,card_not_present,IT,19,1,0.89,1
F911080,91.35,m_073,card_not_present,CH,19,0,0.448,0
F911081,35.86,m_115,card_present,BE,19,0,0.951,0
F911082,41.75,m_063,card_present,FR,10,0,0.544,0
F911083,33.7,m_116,wallet,FR,14,1,0.832,0
F911084,23.98,m_006,card_not_present,FR,6,0,0.685,0
F911085,10.18,m_101,bank_transfer,BE,17,0,1.0,0
F911086,31.37,m_009,card_present,CH,8,0,0.483,0
F911087,10.38,m_096,card_present,FR,5,0,0.866,0
F911088,34.31,m_171,card_not_present,FR,16,0,1.0,0
F911089,8.17,m_086,card_present,FR,18,1,0.593,0
F911090,44.7,m_054,card_not_present,FR,14,0,0.59,0
F911091,88.67,m_005,card_present,FR,20,0,0.714,0
F911092,58.74,m_137,card_present,FR,12,0,0.727,0
F911093,94.22,m_178,card_not_present,CH,12,1,0.84,0
F911094,15.38,m_150,card_present,ES,3,0,0.638,0
F911095,14.86,m_063,card_present,BE,3,1,0.311,0
F911096,16.35,m_002,card_present,FR,18,0,0.963,0
F911097,70.59,m_073,card_not_present,ES,4,0,0.822,0
F911098,88.35,m_055,card_present,FR,9,0,0.637,0
F911099,176.64,m_051,card_present,FR,8,1,0.901,0
F911100,36.1,m_083,card_present,ES,14,0,0.502,0
F911101,33.5,m_153,card_present,FR,1,0,0.813,0
F911102,12.21,m_170,card_present,FR,23,0,0.753,0
F911103,28.88,m_074,card_not_present,CH,21,0,0.87,0
F911104,16.95,m_066,wallet,ES,19,0,0.441,0
F911105,32.65,m_158,card_present,FR,3,0,0.618,0
F911106,75.55,m_045,card_not_present,IT,12,0,0.8,0
F911107,10.42,m_098,card_not_present,IT,0,0,0.488,0
F911108,6.91,m_013,card_not_present,FR,18,0,0.891,0
F911109,37.58,m_080,card_present,FR,12,1,0.802,0
F911110,48.63,m_085,card_not_present,FR,3,0,0.922,0
F911111,46.64,m_050,card_not_present,IT,13,0,0.589,0
F911112,60.08,m_179,card_not_present,FR,22,1,0.855,0
F911113,21.96,m_078,card_not_present,FR,17,0,1.0,0
F911114,17.52,m_092,card_present,FR,22,0,0.71,0
F911115,69.85,m_077,card_not_present,FR,16,0,0.976,0
F911116,28.78,m_152,wallet,FR,5,1,0.638,0
F911117,125.17,m_171,card_present,BE,18,1,0.531,0
F911118,29.05,m_026,card_not_present,FR,15,1,0.398,0
F911119,5.1,m_021,card_not_present,ES,2,0,0.597,0
F911120,136.17,m_169,card_present,FR,21,0,0.575,0
F911121,23.1,m_137,card_present,FR,4,0,0.842,0
F911122,101.71,m_109,card_present,FR,22,1,0.378,1
F911123,217.45,m_047,card_not_present,FR,22,0,0.868,0
F911124,74.81,m_030,wallet,FR,23,0,0.633,0
F911125,5.63,m_082,card_not_present,IT,19,0,0.861,0
F911126,14.66,m_125,card_not_present,ES,15,0,0.789,0
F911127,150.06,m_057,card_present,FR,15,0,0.622,0
F911128,17.5,m_137,card_not_present,FR,19,0,0.606,0
F911129,64.82,m_148,card_not_present,FR,11,0,0.665,0
F911130,324.76,m_012,wallet,ES,22,0,0.694,0
F911131,34.75,m_162,card_not_present,DE,2,1,0.907,0
F911132,50.43,m_041,card_present,DE,10,0,0.521,0
F911133,28.89,m_120,card_not_present,FR,17,0,0.592,0
F911134,50.55,m_081,card_not_present,IT,0,0,0.551,0
F911135,93.64,m_170,card_not_present,DE,0,1,0.955,0
F911136,28.63,m_022,card_present,FR,20,0,0.547,0
F911137,24.01,m_129,card_not_present,FR,22,1,0.718,0
F911138,143.94,m_127,card_present,FR,21,0,0.633,0
F911139,38.7,m_102,wallet,DE,3,0,0.718,0
F911140,46.74,m_049,card_present,FR,16,1,0.818,0
F911141,38.57,m_175,bank_transfer,IT,13,1,0.619,0
F911142,32.84,m_096,bank_transfer,IT,3,1,0.513,0
F911143,33.67,m_083,card_not_present,ES,1,0,0.63,0
F911144,147.7,m_174,card_not_present,FR,15,0,0.532,0
F911145,133.73,m_106,card_present,FR,2,0,0.958,0
F911146,75.1,m_069,card_present,FR,16,0,0.706,0
F911147,27.65,m_070,wallet,FR,0,0,0.795,0
F911148,136.39,m_071,wallet,ES,8,0,0.878,0
F911149,24.45,m_135,card_not_present,FR,11,0,0.897,1
F911150,,m_060,card_not_present,FR,10,0,0.849,0
F911151,9.22,m_158,card_present,FR,20,0,1.0,0
F911152,6.98,m_170,card_not_present,DE,17,0,0.705,0
F911153,57.42,m_084,card_not_present,CH,1,0,1.0,0
F911154,114.95,m_087,wallet,FR,10,1,0.759,0
F911155,21.12,m_114,card_not_present,FR,20,0,0.779,0
F911156,126.8,m_134,card_not_present,FR,21,0,0.569,0
F911157,36.26,m_081,card_not_present,DE,19,0,0.521,0
F911158,4.67,m_097,card_not_present,IT,3,0,0.667,0
F911159,116.72,m_017,card_not_present,CH,18,0,1.0,1
F911160,9.8,m_170,card_present,FR,8,0,0.733,0
F911161,21.01,m_063,card_not_present,FR,22,1,0.599,1
F911162,168.31,m_003,card_not_present,IT,11,0,0.801,0
F911163,42.08,m_121,card_present,FR,23,0,1.0,0
F911164,120.78,m_044,card_not_present,FR,13,0,0.846,0
F911165,22.85,m_106,card_present,FR,15,0,0.41,0
F911166,112.47,m_023,card_not_present,BE,9,0,0.74,0
F911167,132.95,m_123,card_not_present,IT,9,0,0.762,0
F911168,162.79,m_156,wallet,CH,6,0,0.439,0
F911169,29.84,m_142,card_present,ES,17,0,0.566,0
F911170,130.59,m_177,card_not_present,FR,15,1,0.588,1
F911171,,m_015,card_not_present,FR,15,0,0.691,0
F911172,37.32,m_041,bank_transfer,DE,15,0,0.502,0
F911173,69.53,m_050,card_not_present,FR,20,0,0.768,0
F911174,99.64,m_120,card_not_present,DE,4,0,0.534,0
F911175,282.47,m_163,card_present,FR,1,0,0.797,0
F911176,22.16,m_063,card_present,CH,14,0,0.714,0
F911177,24.5,m_178,card_not_present,BE,23,0,0.466,0
F911178,21.48,m_131,card_not_present,ES,22,0,0.525,1
F911179,40.85,m_039,card_not_present,FR,22,0,0.805,0
F911180,40.37,m_062,bank_transfer,DE,1,1,0.772,0
F911181,18.47,m_160,card_present,FR,23,0,0.37,0
F911182,118.4,m_172,card_not_present,CH,2,0,0.521,0
F911183,145.07,m_017,card_not_present,FR,17,0,0.856,0
F911184,172.96,m_034,wallet,FR,4,0,0.884,0
F911185,32.79,m_145,card_not_present,FR,7,0,0.487,1
F911186,17.48,m_103,wallet,FR,1,0,0.458,0
F911187,91.94,m_073,card_present,FR,3,0,0.976,0
F911188,28.52,m_060,bank_transfer,FR,2,0,0.897,0
F911189,13.29,m_035,card_not_present,FR,7,0,0.597,0
F911190,218.95,m_124,card_not_present,FR,1,0,0.95,0
F911191,146.85,m_111,card_not_present,FR,17,1,0.637,0
F911192,9.79,m_120,wallet,FR,3,0,0.526,0
F911193,46.57,m_144,card_not_present,DE,23,0,0.429,1
F911194,59.51,m_138,wallet,CH,6,0,0.634,0
F911195,38.63,m_147,card_present,IT,14,0,0.634,0
F911196,65.52,m_070,card_present,CH,23,0,0.578,0
F911197,21.65,m_082,card_not_present,FR,6,0,0.609,0
F911198,16.1,m_091,bank_transfer,FR,4,0,0.93,0
F911199,36.02,m_151,card_present,IT,17,0,0.825,0
F911200,40.7,m_090,card_present,DE,23,0,1.0,0
F911201,19.5,m_022,card_not_present,BE,0,0,0.713,0
F911202,31.34,m_082,card_present,BE,7,0,1.0,0
F911203,42.97,m_144,card_present,FR,23,0,0.732,1
F911204,16.97,m_024,card_present,BE,11,0,0.768,0
F911205,39.29,m_050,card_present,FR,18,0,0.734,0
F911206,65.9,m_152,card_present,FR,7,0,0.55,0
F911207,34.18,m_013,card_present,ES,7,0,0.646,0
F911208,40.11,m_082,card_present,FR,2,0,0.641,0
F911209,10.58,m_045,card_present,DE,3,0,0.988,0
F911210,27.57,m_095,card_present,CH,8,0,1.0,0
F911211,13.66,m_035,card_present,DE,5,1,1.0,0
F911212,88.5,m_016,card_not_present,FR,21,1,0.738,0
F911213,12.33,m_123,card_not_present,ES,13,1,0.859,0
F911214,31.89,m_161,card_not_present,FR,16,0,0.642,0
F911215,188.3,m_077,card_not_present,FR,2,0,0.841,0
F911216,10.76,m_060,card_present,CH,18,0,0.697,0
F911217,90.23,m_031,card_present,DE,18,0,0.958,0
F911218,26.02,m_121,card_not_present,FR,1,0,0.872,0
F911219,36.96,m_007,card_present,FR,21,1,0.693,0
F911220,45.77,m_085,card_not_present,FR,7,0,0.935,0
F911221,52.06,m_036,card_not_present,BE,8,0,0.479,0
F911222,37.63,m_094,card_not_present,FR,10,0,0.325,1
F911223,48.09,m_093,wallet,FR,7,0,0.447,0
F911224,40.16,m_142,card_present,FR,9,0,0.644,0
F911225,54.02,m_154,card_present,FR,22,1,0.861,0
F911226,18.24,m_097,card_present,BE,6,0,0.724,0
F911227,84.28,m_094,card_present,ES,15,1,0.843,0
F911228,3.88,m_036,card_not_present,FR,2,0,0.942,0
F911229,5.58,m_081,card_not_present,DE,15,1,0.661,0
F911230,30.59,m_150,card_not_present,FR,5,0,0.786,0
F911231,322.41,m_120,wallet,FR,1,0,0.606,0
F911232,10.41,m_046,card_present,CH,0,1,0.948,0
F911233,17.01,m_015,card_not_present,BE,4,0,0.711,0
F911234,15.98,m_071,card_not_present,IT,20,0,0.489,0
F911235,163.79,m_008,card_not_present,FR,9,0,0.718,0
F911236,84.45,m_006,card_not_present,FR,8,0,0.621,0
F911237,139.2,m_071,card_not_present,FR,13,0,0.91,0
F911238,26.35,m_147,card_not_present,FR,10,0,0.75,0
F911239,88.31,m_027,bank_transfer,FR,16,0,0.729,0
F911240,132.63,m_174,card_not_present,CH,7,0,0.442,0
F911241,14.18,m_101,card_not_present,FR,19,1,0.817,0
F911242,23.08,m_099,card_present,DE,16,1,0.916,0
F911243,81.53,m_159,card_present,FR,16,0,0.94,0
F911244,25.03,m_122,card_present,FR,12,0,0.729,0
F911245,13.77,m_107,card_present,FR,16,0,0.824,0
F911246,447.78,m_075,card_present,IT,17,0,0.64,0
F911247,21.57,m_004,card_not_present,ES,2,0,0.787,0
F911248,8.33,m_138,card_not_present,FR,12,0,1.0,0
F911249,26.76,m_072,card_not_present,FR,21,0,0.741,0
F911250,40.57,m_010,card_not_present,FR,5,0,0.886,0
F911251,16.63,m_135,card_present,ES,3,0,0.968,0
F911252,154.36,m_178,card_present,DE,5,0,0.938,0
F911253,9.65,m_116,wallet,IT,8,0,0.909,0
F911254,17.0,m_001,card_present,ES,11,1,0.47,0
F911255,25.01,m_117,card_present,CH,5,0,0.788,0
F911256,12.41,m_144,bank_transfer,ES,1,0,0.828,0
F911257,17.01,m_130,wallet,BE,0,0,0.495,0
F911258,86.96,m_055,card_present,FR,5,0,0.605,0
F911259,15.31,m_039,card_present,DE,16,0,0.6,0
F911260,4.79,m_077,card_not_present,CH,0,0,0.71,0
F911261,65.71,m_149,bank_transfer,FR,15,0,0.927,0
F911262,70.49,m_129,card_not_present,BE,20,0,0.516,0
F911263,31.37,m_145,bank_transfer,FR,14,0,0.934,0
F911264,,m_071,card_present,IT,14,0,0.904,0
F911265,93.13,m_033,card_not_present,FR,18,0,0.728,0
F911266,72.59,m_172,wallet,FR,1,0,0.697,0
F911267,125.41,m_159,card_present,IT,1,0,0.641,0
F911268,39.48,m_120,bank_transfer,ES,4,1,0.905,1
F911269,9.2,m_061,card_not_present,IT,9,0,0.407,0
F911270,60.88,m_005,card_not_present,BE,19,0,0.956,0
F911271,7.28,m_173,card_not_present,FR,0,0,0.92,1
F911272,6.62,m_028,wallet,CH,7,0,0.961,0
F911273,21.61,m_061,wallet,FR,19,0,0.772,0
F911274,52.43,m_097,card_present,ES,23,1,0.584,0
F911275,8.13,m_121,bank_transfer,FR,5,1,0.997,0
F911276,22.03,m_031,card_present,FR,7,0,0.537,0
F911277,482.27,m_017,bank_transfer,CH,11,1,0.823,0
F911278,11.68,m_175,card_not_present,CH,17,0,1.0,0
F911279,22.71,m_175,card_present,FR,2,0,0.565,0
F911280,30.64,m_134,card_not_present,DE,17,0,0.809,0
F911281,12.71,m_017,card_present,FR,11,1,0.748,0
F911282,21.23,m_022,card_present,BE,0,0,0.684,0
F911283,14.18,m_064,card_present,FR,19,0,0.445,0
F911284,35.48,m_025,card_not_present,FR,19,0,0.617,0
F911285,22.23,m_150,card_present,CH,5,0,1.0,0
F911286,43.94,m_059,card_not_present,BE,6,0,0.692,0
F911287,111.62,m_141,card_present,FR,6,0,0.824,0
F911288,82.9,m_064,card_not_present,FR,17,0,0.416,0
F911289,95.89,m_155,card_not_present,FR,7,0,1.0,0
F911290,50.18,m_060,card_present,FR,1,0,0.557,0
F911291,120.08,m_053,wallet,FR,20,0,0.776,0
F911292,78.15,m_075,card_present,FR,15,1,0.544,0
F911293,55.73,m_011,card_present,ES,7,0,1.0,0
F911294,77.52,m_050,wallet,ES,0,0,0.805,0
F911295,50.51,m_108,card_present,IT,9,0,0.756,0
F911296,18.4,m_171,card_present,DE,13,0,0.943,0
F911297,12.35,m_034,wallet,FR,18,0,0.631,0
F911298,49.99,m_065,card_not_present,,5,0,0.704,0
F911299,52.22,m_034,card_present,FR,3,0,0.611,0
F911300,33.27,m_165,card_present,FR,0,0,0.659,0
F911301,41.32,m_106,bank_transfer,FR,7,0,1.0,0
F911302,49.37,m_086,bank_transfer,DE,5,0,0.645,0
F911303,12.7,m_005,wallet,FR,6,1,0.625,0
F911304,97.85,m_148,card_present,IT,10,0,0.599,0
F911305,47.47,m_006,card_present,BE,17,0,0.908,0
F911306,28.73,m_161,card_present,FR,9,0,0.596,0
F911307,9.23,m_140,card_present,FR,0,0,0.394,0
F911308,81.62,m_090,card_not_present,FR,5,1,0.911,0
F911309,8.31,m_117,card_present,FR,2,0,1.0,0
F911310,10.14,m_179,card_not_present,FR,10,0,0.645,0
F911311,16.0,m_089,card_not_present,ES,23,0,0.618,0
F911312,37.93,m_104,wallet,FR,20,0,0.493,0
F911313,14.63,m_122,card_present,BE,23,1,0.867,0
F911314,39.52,m_008,card_not_present,ES,7,0,0.744,0
F911315,10.42,m_164,card_not_present,BE,7,0,1.0,0
F911316,3.34,m_018,wallet,FR,10,1,0.739,0
F911317,48.28,m_004,card_present,CH,21,1,0.691,0
F911318,21.76,m_168,card_present,DE,16,0,0.862,0
F911319,65.79,m_077,card_not_present,FR,22,0,0.618,0
F911320,35.78,m_016,card_not_present,FR,11,0,0.766,0
F911321,30.4,m_061,card_present,FR,19,0,0.494,0
F911322,71.0,m_092,card_not_present,DE,14,0,0.558,0
F911323,40.85,m_099,wallet,FR,13,0,0.746,0
F911324,128.5,m_058,card_present,FR,8,0,0.375,0
F911325,44.16,m_065,card_not_present,FR,0,0,0.763,0
F911326,39.86,m_095,bank_transfer,FR,11,0,0.554,0
F911327,10.81,m_148,bank_transfer,FR,17,0,0.737,0
F911328,45.46,m_045,card_present,FR,4,0,0.828,0
F911329,2.86,m_052,card_present,FR,10,0,0.718,0
F911330,25.73,m_103,card_present,CH,3,1,0.867,0
F911331,152.51,m_024,card_not_present,FR,17,0,0.623,0
F911332,150.71,m_159,card_not_present,FR,7,1,1.0,0
F911333,22.43,m_083,card_not_present,FR,3,0,0.487,0
F911334,162.33,m_036,card_not_present,FR,10,0,0.495,0
F911335,360.7,m_101,card_not_present,FR,21,0,1.0,0
F911336,33.97,m_029,wallet,FR,10,0,0.971,1
F911337,115.77,m_103,card_not_present,IT,10,0,0.706,0
F911338,5.56,m_056,card_not_present,DE,6,1,0.954,1
F911339,60.74,m_071,card_not_present,BE,3,0,0.644,1
F911340,67.24,m_127,card_present,FR,11,0,0.493,0
F911341,11.84,m_114,card_not_present,IT,23,0,0.624,0
F911342,55.73,m_132,card_present,DE,5,0,0.741,1
F911343,44.22,m_035,card_not_present,FR,22,0,0.433,1
F911344,42.96,m_048,card_present,IT,5,0,0.747,0
F911345,12.94,m_055,card_present,FR,1,0,0.528,0
F911346,28.23,m_076,card_present,FR,17,0,0.511,0
F911347,32.97,m_164,card_not_present,FR,17,0,0.998,0
F911348,134.72,m_169,card_not_present,IT,2,0,0.67,0
F911349,269.77,m_022,card_not_present,FR,9,0,0.595,0
F911350,17.9,m_062,card_not_present,FR,7,0,0.739,0
F911351,600.79,m_050,card_not_present,FR,19,0,0.83,0
F911352,66.11,m_146,card_not_present,FR,18,0,0.522,0
F911353,23.38,m_098,card_not_present,FR,0,0,0.384,1
F911354,,m_105,card_not_present,FR,4,0,0.792,0
F911355,65.32,m_164,card_not_present,BE,15,0,0.502,0
F911356,43.29,m_122,card_not_present,ES,5,0,0.568,0
F911357,5.37,m_148,card_not_present,ES,11,0,0.522,0
F911358,19.28,m_129,card_not_present,FR,1,0,0.886,0
F911359,12.26,m_055,card_present,IT,16,0,0.893,0
F911360,50.74,m_104,card_present,FR,15,0,0.795,0
F911361,46.68,m_074,wallet,IT,17,0,0.676,0
F911362,152.51,m_000,card_present,IT,7,0,0.771,0
F911363,101.04,m_121,card_present,FR,22,0,1.0,0
F911364,27.33,m_083,card_present,DE,13,0,0.705,0
F911365,90.83,m_135,wallet,FR,20,0,0.805,0
F911366,82.63,m_039,card_present,BE,2,0,0.601,0
F911367,0.69,m_139,card_not_present,IT,9,0,1.0,0
F911368,93.75,m_015,wallet,IT,5,0,0.082,0
F911369,23.59,m_113,card_not_present,BE,16,0,1.0,0
F911370,93.94,m_079,card_present,FR,6,0,0.85,1
F911371,6.22,m_010,bank_transfer,BE,4,0,0.505,0
F911372,23.61,m_052,card_present,FR,7,0,0.44,0
F911373,26.26,m_144,wallet,FR,8,0,0.741,0
F911374,76.76,m_168,card_not_present,BE,23,0,0.539,0
F911375,17.67,m_079,card_not_present,FR,17,0,0.653,0
F911376,3.98,m_078,card_present,BE,0,0,0.673,0
F911377,5.02,m_000,card_not_present,DE,19,0,0.492,0
F911378,25.08,m_100,wallet,FR,11,0,0.554,0
F911379,62.97,m_130,card_present,ES,6,1,0.86,0
F911380,36.68,m_118,card_not_present,FR,23,0,0.805,0
F911381,30.45,m_111,card_present,DE,22,1,0.804,0
F911382,84.18,m_022,card_not_present,FR,18,0,0.645,0
F911383,112.04,m_091,card_present,BE,8,0,0.509,0
F911384,89.68,m_115,card_not_present,FR,0,0,0.552,0
F911385,40.87,m_116,bank_transfer,FR,20,0,0.777,0
F911386,66.26,m_090,card_present,FR,22,0,0.527,0
F911387,11.75,m_103,card_not_present,IT,16,0,0.611,0
F911388,30.41,m_087,card_not_present,ES,1,0,0.659,1
F911389,158.12,m_108,card_not_present,IT,3,1,0.471,1
F911390,39.5,m_157,wallet,FR,6,0,0.848,0
F911391,102.62,m_002,card_not_present,IT,12,0,0.924,0
F911392,29.11,m_076,card_not_present,CH,18,0,0.705,0
F911393,75.98,m_122,card_present,FR,5,0,0.702,0
F911394,97.87,m_099,card_present,FR,5,0,0.762,1
F911395,100.14,m_083,card_present,IT,13,0,1.0,0
F911396,3.65,m_032,card_present,FR,7,1,0.54,0
F911397,37.14,m_166,card_not_present,DE,22,0,0.577,0
F911398,62.81,m_048,bank_transfer,FR,8,1,0.99,0
F911399,43.28,m_139,card_not_present,FR,7,0,0.584,0
F911400,27.03,m_134,card_present,DE,9,1,0.558,1
F911401,23.66,m_036,card_present,CH,20,1,0.744,0
F911402,15.05,m_123,card_not_present,BE,14,0,0.887,0
F911403,48.12,m_157,card_not_present,DE,16,0,0.964,0
F911404,4.67,m_045,card_present,FR,12,0,0.676,0
F911405,11.28,m_071,card_not_present,FR,17,1,0.819,0
F911406,53.96,m_169,card_present,FR,12,0,0.744,0
F911407,15.62,m_030,card_not_present,BE,17,0,0.629,0
F911408,46.13,m_085,card_not_present,IT,0,0,0.756,0
F911409,13.44,m_036,wallet,CH,21,1,0.703,0
F911410,4.46,m_046,card_present,ES,3,0,0.843,0
F911411,17.29,m_151,card_not_present,IT,9,0,0.678,1
F911412,19.03,m_158,card_present,DE,2,0,0.812,0
F911413,34.65,m_084,wallet,FR,19,0,0.703,0
F911414,23.38,m_080,card_not_present,FR,22,0,0.69,0
F911415,22.72,m_007,card_present,DE,20,0,0.639,0
F911416,13.45,m_104,card_not_present,FR,7,0,0.473,0
F911417,,m_154,bank_transfer,CH,3,1,0.895,0
F911418,51.18,m_176,card_not_present,FR,10,0,0.525,0
F911419,27.07,m_176,card_present,IT,13,0,0.76,0
F911420,82.18,m_170,card_not_present,FR,18,0,0.605,0
F911421,52.76,m_149,card_present,FR,3,0,0.821,0
F911422,42.27,m_144,card_present,FR,8,0,0.638,0
F911423,37.47,m_123,card_present,ES,13,0,0.796,0
F911424,116.41,m_013,bank_transfer,FR,9,1,0.883,0
F911425,163.93,m_023,bank_transfer,ES,18,1,0.625,0
F911426,46.99,m_127,card_not_present,BE,10,0,0.726,0
F911427,19.35,m_165,card_not_present,FR,15,0,0.768,0
F911428,23.16,m_138,wallet,IT,2,1,1.0,0
F911429,57.72,m_168,wallet,FR,0,0,0.834,0
F911430,26.36,m_109,bank_transfer,FR,6,0,0.405,0
F911431,3.76,m_083,bank_transfer,FR,13,0,0.475,1
F911432,15.41,m_134,card_not_present,BE,5,0,0.644,0
F911433,32.93,m_133,card_present,DE,23,0,0.789,0
F911434,9.25,m_149,card_not_present,IT,10,0,0.464,0
F911435,42.48,m_107,card_present,ES,21,0,0.91,0
F911436,30.16,m_000,card_present,ES,0,0,1.0,0
F911437,17.56,m_110,wallet,CH,21,0,0.742,0
F911438,15.05,m_042,card_present,IT,8,0,0.759,0
F911439,40.7,m_105,bank_transfer,FR,7,0,0.627,0
F911440,22.37,m_017,card_present,FR,17,0,0.574,0
F911441,226.32,m_092,card_present,FR,8,0,0.518,0
F911442,24.48,m_166,card_present,DE,15,0,0.751,0
F911443,61.07,m_102,bank_transfer,ES,4,0,0.764,0
F911444,66.3,m_085,card_present,FR,20,0,0.77,0
F911445,16.58,m_084,wallet,FR,8,0,0.983,0
F911446,27.48,m_066,card_not_present,FR,20,0,0.87,1
F911447,143.86,m_132,card_present,FR,19,0,0.715,0
F911448,23.78,m_094,card_not_present,DE,15,1,0.864,0
F911449,7.75,m_005,card_present,FR,23,0,0.974,0
F911450,97.7,m_132,card_present,FR,18,0,0.726,0
F911451,55.13,m_002,card_not_present,FR,17,0,0.316,1
F911452,6.53,m_044,card_present,ES,22,0,0.731,0
F911453,16.17,m_032,card_present,BE,11,1,0.846,0
F911454,17.84,m_177,card_not_present,ES,17,0,0.775,0
F911455,13.24,m_152,card_not_present,FR,3,0,0.704,0
F911456,131.28,m_175,card_not_present,IT,11,0,0.641,0
F911457,350.71,m_085,wallet,FR,10,0,0.84,1
F911458,11.04,m_147,wallet,CH,13,1,0.753,0
F911459,80.38,m_157,card_not_present,FR,8,1,0.538,0
F911460,120.38,m_120,card_present,BE,7,1,0.809,0
F911461,4.53,m_159,wallet,FR,19,0,1.0,0
F911462,4.56,m_138,card_not_present,ES,0,0,0.72,0
F911463,20.69,m_102,card_not_present,ES,1,1,0.675,0
F911464,35.53,m_132,card_not_present,FR,13,0,0.791,0
F911465,43.1,m_122,card_present,BE,2,0,0.326,0
F911466,71.22,m_045,card_present,ES,12,0,0.657,0
F911467,23.29,m_088,card_present,FR,6,0,0.597,0
F911468,31.35,m_047,card_not_present,FR,17,0,0.409,0
F911469,31.04,m_063,card_not_present,DE,7,0,0.976,0
F911470,13.76,m_083,card_not_present,BE,0,0,0.516,0
F911471,26.53,m_146,bank_transfer,ES,20,0,0.685,0
F911472,17.76,m_117,card_present,FR,16,0,0.479,0
F911473,13.56,m_143,card_not_present,BE,6,1,0.52,0
F911474,45.16,m_133,card_not_present,FR,23,0,1.0,0
F911475,23.58,m_139,card_not_present,ES,4,1,0.812,0
F911476,118.21,m_003,card_not_present,FR,23,0,0.794,1
F911477,2.38,m_035,wallet,ES,11,1,0.773,0
F911478,14.82,m_147,card_not_present,FR,18,0,0.96,0
F911479,10.14,m_125,card_not_present,FR,7,0,0.861,0
F911480,67.29,m_079,card_not_present,CH,9,1,0.714,0
F911481,42.7,m_179,card_present,FR,18,0,0.637,0
F911482,29.58,m_032,card_not_present,CH,6,0,0.939,1
F911483,60.77,m_026,card_not_present,FR,7,0,0.868,0
F911484,44.72,m_024,card_not_present,CH,18,0,0.616,0
F911485,17.37,m_044,card_not_present,FR,18,1,0.467,0
F911486,13.36,m_157,bank_transfer,FR,4,0,0.693,0
F911487,51.44,m_089,wallet,ES,2,0,0.662,0
F911488,13.82,m_155,card_present,DE,6,0,0.574,0
F911489,9.96,m_021,bank_transfer,IT,4,1,0.719,0
F911490,14.3,m_052,card_not_present,FR,10,0,0.544,0
F911491,26.11,m_124,card_not_present,BE,11,0,0.896,0
F911492,22.24,m_025,card_not_present,FR,23,0,0.773,0
F911493,45.52,m_171,wallet,FR,3,1,0.949,0
F911494,199.25,m_034,card_present,FR,4,0,0.728,0
F911495,61.87,m_121,card_present,DE,12,0,0.777,0
F911496,16.25,m_146,card_not_present,FR,4,0,0.706,0
F911497,21.55,m_138,card_not_present,DE,12,0,0.392,0
F911498,23.8,m_060,card_not_present,FR,11,0,0.696,0
F911499,63.53,m_172,bank_transfer,ES,22,0,0.685,0
F911500,59.67,m_062,card_not_present,IT,5,0,0.584,0
F911501,129.59,m_020,bank_transfer,CH,10,0,0.412,0
F911502,64.46,m_087,card_not_present,DE,8,0,0.847,0
F911503,39.95,m_101,card_not_present,FR,13,0,0.454,0
F911504,45.9,m_043,card_not_present,ES,3,0,0.754,0
F911505,23.78,m_119,card_not_present,DE,1,1,0.68,0
F911506,10.51,m_128,card_not_present,FR,8,0,0.66,0
F911507,32.43,m_128,card_present,CH,11,0,0.645,1
F911508,53.66,m_123,card_not_present,CH,6,1,0.583,1
F911509,322.27,m_054,card_present,FR,18,0,0.741,0
F911510,62.29,m_079,bank_transfer,DE,16,0,0.767,0
F911511,,m_167,wallet,DE,1,1,0.692,1
F911512,21.17,m_050,card_not_present,FR,23,0,0.62,1
F911513,52.69,m_153,card_not_present,FR,22,1,1.0,1
F911514,93.36,m_073,card_present,FR,4,1,0.691,0
F911515,180.43,m_146,card_present,DE,22,0,0.598,0
F911516,67.17,m_025,card_not_present,FR,19,0,0.557,0
F911517,25.67,m_124,card_not_present,IT,4,0,0.643,0
F911518,7.83,m_085,card_not_present,FR,19,1,0.788,0
F911519,26.99,m_055,card_not_present,FR,6,0,0.38,0
F911520,5.03,m_079,card_not_present,FR,0,0,0.881,0
F911521,4.62,m_006,card_not_present,DE,12,0,0.771,0
F911522,35.47,m_090,card_not_present,CH,5,0,0.654,0
F911523,28.59,m_003,card_not_present,FR,8,0,0.991,0
F911524,410.55,m_138,card_not_present,FR,10,0,0.651,1
F911525,6.35,m_097,card_not_present,FR,2,0,0.671,0
F911526,64.75,m_171,card_present,BE,3,0,0.662,0
F911527,21.92,m_101,card_not_present,ES,15,0,1.0,0
F911528,26.57,m_107,card_not_present,IT,12,0,0.691,0
F911529,14.27,m_142,card_present,FR,1,0,0.502,0
F911530,54.72,m_003,card_not_present,ES,2,0,0.708,0
F911531,23.21,m_105,card_present,ES,17,1,0.814,0
F911532,81.69,m_179,bank_transfer,DE,2,0,0.483,0
F911533,46.37,m_093,bank_transfer,BE,11,1,0.583,0
F911534,92.33,m_088,bank_transfer,ES,12,1,0.739,0
F911535,204.09,m_156,card_present,FR,3,0,0.538,0
F911536,75.24,m_134,bank_transfer,DE,21,0,0.522,0
F911537,13.22,m_019,card_not_present,FR,16,0,0.959,0
F911538,21.79,m_007,card_not_present,BE,22,0,0.876,0
F911539,24.39,m_035,card_not_present,FR,23,0,0.862,0
F911540,18.77,m_162,card_not_present,FR,8,0,0.808,0
F911541,5.45,m_107,card_not_present,FR,17,0,0.467,0
F911542,12.77,m_104,wallet,FR,11,0,0.957,0
F911543,35.91,m_176,card_not_present,IT,6,0,1.0,0
F911544,40.95,m_027,bank_transfer,ES,0,0,0.47,0
F911545,13.82,m_023,card_present,FR,22,0,0.363,0
F911546,29.86,m_138,card_not_present,FR,11,0,0.661,0
F911547,99.37,m_062,card_not_present,FR,19,0,0.843,0
F911548,33.47,m_010,wallet,ES,16,0,1.0,0
F911549,118.86,m_125,card_present,FR,4,0,0.844,1
F911550,15.84,m_130,card_not_present,IT,2,0,0.65,0
F911551,62.19,m_075,wallet,IT,12,0,0.761,0
F911552,26.97,m_167,card_not_present,FR,2,0,0.689,0
F911553,80.55,m_044,card_present,DE,0,1,0.557,0
F911554,38.58,m_144,card_present,DE,16,0,0.724,0
F911555,19.21,m_012,card_not_present,FR,19,0,0.675,0
F911556,62.16,m_077,card_present,IT,1,0,0.68,0
F911557,9.99,m_010,card_not_present,FR,9,0,1.0,0
F911558,141.43,m_052,card_not_present,IT,3,0,0.801,0
F911559,8.73,m_172,card_present,FR,19,0,0.622,1
F911560,49.07,m_108,card_present,CH,11,0,0.851,0
F911561,164.97,m_135,card_present,FR,0,0,0.698,0
F911562,21.54,m_131,card_not_present,FR,22,0,0.576,0
F911563,46.18,m_151,card_not_present,FR,6,0,0.672,0
F911564,19.59,m_102,wallet,FR,13,0,0.714,0
F911565,,m_095,card_present,BE,7,0,0.953,0
F911566,143.43,m_038,card_not_present,CH,11,0,0.746,0
F911567,79.07,m_116,card_not_present,FR,14,0,0.388,0
F911568,3.99,m_027,card_present,ES,4,0,0.496,0
F911569,24.46,m_106,card_present,IT,9,0,0.761,0
F911570,23.35,m_071,card_present,FR,18,0,0.938,0
F911571,13.97,m_051,wallet,DE,6,0,0.801,0
F911572,125.83,m_005,card_present,FR,1,0,0.618,0
F911573,20.75,m_109,card_not_present,ES,1,0,0.677,0
F911574,40.63,m_177,card_present,FR,15,0,0.793,0
F911575,,m_138,card_not_present,FR,2,0,0.47,0
F911576,6.26,m_151,card_not_present,CH,18,0,0.767,0
F911577,23.12,m_128,card_not_present,BE,11,0,0.524,0
F911578,22.81,m_177,bank_transfer,FR,4,0,0.777,0
F911579,82.77,m_065,card_not_present,BE,19,1,0.428,1
F911580,,m_118,card_not_present,FR,6,0,1.0,0
F911581,169.04,m_173,card_present,FR,3,0,0.68,0
F911582,15.67,m_143,wallet,CH,22,0,0.626,0
F911583,37.26,m_027,card_not_present,FR,18,0,0.256,0
F911584,12.41,m_064,card_not_present,DE,18,0,0.684,0
F911585,231.64,m_001,card_not_present,FR,15,0,0.686,0
F911586,16.62,m_151,card_present,FR,10,0,0.771,0
F911587,205.48,m_168,wallet,FR,21,0,0.834,0
F911588,35.55,m_129,card_not_present,DE,23,0,0.94,1
F911589,17.53,m_173,card_present,DE,19,0,0.682,0
F911590,20.05,m_017,card_not_present,DE,15,0,0.681,0
F911591,38.46,m_003,card_present,FR,14,0,0.755,0
F911592,91.74,m_081,card_present,FR,17,0,0.893,0
F911593,58.88,m_057,wallet,CH,0,0,1.0,0
F911594,56.51,m_134,card_present,IT,13,0,0.618,0
F911595,105.32,m_116,bank_transfer,FR,19,0,0.579,0
F911596,48.01,m_120,card_present,FR,17,0,0.639,0
F911597,121.55,m_139,card_present,ES,5,1,1.0,0
F911598,46.32,m_170,card_not_present,FR,15,0,0.68,0
F911599,36.18,m_152,card_not_present,FR,20,1,0.557,0
F911600,31.54,m_170,card_not_present,IT,15,0,0.498,0
F911601,235.36,m_015,card_not_present,DE,16,1,0.817,0
F911602,78.03,m_028,card_not_present,FR,2,0,0.529,0
F911603,98.76,m_142,wallet,FR,20,0,0.831,0
F911604,21.11,m_141,card_not_present,FR,15,0,0.646,0
F911605,33.55,m_045,card_present,IT,10,0,0.7,0
F911606,201.78,m_134,wallet,FR,9,0,0.863,0
F911607,37.28,m_002,card_not_present,FR,0,1,0.538,0
F911608,32.4,m_047,card_not_present,FR,16,1,0.694,0
F911609,13.72,m_103,card_not_present,BE,10,0,0.633,0
F911610,27.27,m_022,card_not_present,CH,20,0,0.712,0
F911611,220.98,m_096,card_not_present,FR,11,0,0.864,1
F911612,26.89,m_092,card_present,BE,7,0,0.635,0
F911613,50.22,m_019,wallet,DE,19,0,0.788,0
F911614,10.32,m_176,card_present,DE,8,0,0.905,0
F911615,14.0,m_158,card_not_present,FR,12,0,0.826,0
F911616,35.04,m_012,card_not_present,CH,13,0,0.388,0
F911617,11.24,m_177,bank_transfer,IT,5,0,0.974,0
F911618,36.44,m_139,bank_transfer,CH,18,0,0.806,0
F911619,122.26,m_056,wallet,IT,7,1,0.424,0
F911620,145.48,m_151,card_not_present,FR,18,0,0.7,0
F911621,18.12,m_159,card_not_present,IT,22,1,0.38,0
F911622,39.97,m_040,card_present,FR,3,0,0.859,0
F911623,23.04,m_151,card_present,ES,21,0,0.804,0
F911624,45.34,m_038,card_present,FR,2,1,0.873,0
F911625,21.38,m_035,card_present,FR,10,0,0.918,0
F911626,14.98,m_169,card_present,FR,1,0,0.746,0
F911627,10.26,m_058,card_not_present,FR,7,0,1.0,0
F911628,14.92,m_117,card_not_present,FR,20,0,0.576,0
F911629,11.04,m_031,card_not_present,FR,17,0,0.662,0
F911630,4.2,m_057,card_present,FR,15,1,0.663,0
F911631,5.04,m_176,card_present,CH,23,0,0.684,0
F911632,35.19,m_153,card_present,FR,20,1,0.446,0
F911633,82.18,m_076,card_not_present,IT,6,1,0.73,0
F911634,37.89,m_064,card_present,FR,3,0,0.399,1
F911635,40.82,m_049,card_present,IT,6,0,0.826,0
F911636,65.11,m_153,card_not_present,FR,21,0,0.511,0
F911637,41.55,m_010,card_not_present,IT,3,1,0.873,1
F911638,12.6,m_141,card_not_present,DE,0,0,0.734,0
F911639,17.33,m_173,card_not_present,BE,0,0,0.492,0
F911640,33.73,m_033,card_not_present,FR,5,0,0.68,0
F911641,23.49,m_016,card_present,FR,23,0,0.58,0
F911642,33.28,m_170,card_present,FR,3,0,0.332,0
F911643,52.23,m_094,card_not_present,FR,20,0,0.859,0
F911644,201.25,m_167,card_not_present,DE,14,0,0.584,0
F911645,198.26,m_171,card_present,FR,12,0,0.506,0
F911646,76.1,m_057,card_present,FR,18,0,0.701,0
F911647,2.2,m_149,bank_transfer,FR,18,1,0.723,0
F911648,89.7,m_076,card_present,DE,22,0,0.905,0
F911649,23.51,m_043,card_not_present,DE,17,0,0.9,0
F911650,16.68,m_119,card_not_present,FR,22,0,0.492,1
F911651,206.39,m_091,card_not_present,,22,1,0.86,0
F911652,140.97,m_118,card_present,BE,23,0,0.679,0
F911653,10.6,m_084,card_present,FR,15,0,0.629,0
F911654,16.25,m_177,card_not_present,BE,12,0,0.858,0
F911655,23.95,m_019,card_not_present,FR,17,1,0.827,0
F911656,24.43,m_032,card_present,IT,17,1,0.756,0
F911657,13.47,m_139,card_not_present,BE,8,0,0.629,0
F911658,61.08,m_135,card_present,FR,13,0,0.921,0
F911659,48.42,m_077,card_present,FR,15,0,0.818,0
F911660,27.44,m_083,card_present,IT,19,0,0.755,0
F911661,59.85,m_153,card_present,FR,14,0,0.732,0
F911662,,m_155,bank_transfer,CH,20,1,0.634,0
F911663,62.89,m_059,card_not_present,IT,17,0,0.25,0
F911664,37.52,m_036,card_not_present,IT,14,1,0.529,0
F911665,44.73,m_072,card_present,FR,15,0,0.668,0
F911666,73.98,m_078,card_not_present,ES,18,0,0.504,0
F911667,46.48,m_068,bank_transfer,DE,20,0,0.829,0
F911668,25.07,m_064,card_not_present,BE,21,1,0.689,0
F911669,402.76,m_176,wallet,FR,9,0,0.307,0
F911670,53.41,m_002,card_present,FR,6,0,0.476,0
F911671,15.08,m_024,card_not_present,CH,14,0,0.423,0
F911672,126.35,m_141,card_present,IT,20,0,0.725,0
F911673,9.78,m_034,card_not_present,CH,23,0,0.581,0
F911674,59.98,m_113,card_not_present,FR,15,0,0.758,0
F911675,21.66,m_043,card_not_present,BE,0,0,0.528,0
F911676,47.48,m_156,card_present,FR,16,0,0.514,0
F911677,11.18,m_022,card_present,FR,4,0,0.757,0
F911678,53.17,m_005,card_present,FR,1,1,0.757,0
F911679,,m_143,card_not_present,FR,16,0,0.764,0
F911680,47.29,m_065,card_not_present,BE,10,0,0.866,0
F911681,10.81,m_029,card_not_present,CH,13,0,0.899,0
F911682,8.67,m_123,card_present,FR,19,0,0.891,0
F911683,16.25,m_137,card_not_present,FR,13,0,0.651,0
F911684,61.93,m_170,card_present,FR,12,0,0.698,0
F911685,27.14,m_036,card_present,FR,15,0,0.839,1
F911686,28.77,m_113,card_not_present,FR,14,1,0.885,0
F911687,89.52,m_006,card_present,FR,19,0,0.542,0
F911688,28.08,m_168,wallet,FR,10,0,0.551,0
F911689,360.53,m_114,card_not_present,IT,18,0,0.705,0
F911690,120.82,m_119,card_not_present,IT,7,0,0.367,0
F911691,47.81,m_177,card_not_present,DE,21,0,0.644,1
F911692,92.39,m_165,card_not_present,BE,7,0,0.954,0
F911693,40.56,m_098,card_present,IT,21,0,0.585,0
F911694,29.3,m_152,card_not_present,ES,16,0,0.423,0
F911695,130.06,m_070,wallet,FR,2,0,0.441,0
F911696,30.8,m_015,card_present,FR,12,0,0.592,0
F911697,99.91,m_110,card_not_present,FR,6,1,0.514,0
F911698,28.55,m_131,card_not_present,IT,1,0,0.672,0
F911699,213.52,m_106,card_not_present,FR,1,0,0.51,0
F911700,54.73,m_080,card_not_present,FR,6,0,0.55,0
F911701,19.86,m_054,card_present,IT,14,0,1.0,0
F911702,29.31,m_076,card_not_present,FR,10,0,0.587,1
F911703,43.66,m_114,card_not_present,IT,19,0,0.902,0
F911704,10.02,m_000,bank_transfer,ES,15,0,0.596,0
F911705,40.53,m_111,card_present,FR,8,0,0.679,0
F911706,41.05,m_115,card_present,FR,16,1,0.727,0
F911707,98.55,m_050,card_not_present,FR,1,0,0.729,0
F911708,15.82,m_156,card_not_present,FR,0,0,0.981,0
F911709,14.01,m_129,card_not_present,FR,5,0,0.661,0
F911710,9.94,m_100,card_present,FR,4,1,0.784,0
F911711,103.74,m_114,card_not_present,FR,18,0,1.0,0
F911712,17.2,m_107,card_present,FR,6,0,0.804,0
F911713,108.45,m_010,bank_transfer,FR,14,1,0.706,0
F911714,16.07,m_073,card_present,FR,22,1,0.772,1
F911715,50.57,m_119,card_not_present,FR,7,0,0.903,0
F911716,32.87,m_010,card_not_present,FR,18,0,0.726,0
F911717,7.67,m_003,bank_transfer,FR,16,0,0.784,0
F911718,108.32,m_072,card_not_present,FR,15,0,0.954,0
F911719,124.09,m_136,card_not_present,FR,23,0,0.73,0
F911720,79.73,m_153,wallet,FR,15,0,1.0,0
F911721,134.8,m_135,card_not_present,DE,20,0,0.446,1
F911722,117.11,m_070,wallet,BE,11,0,0.607,1
F911723,91.13,m_146,bank_transfer,FR,5,0,0.708,0
F911724,57.12,m_008,card_not_present,FR,12,0,0.627,1
F911725,74.57,m_052,wallet,CH,8,0,0.726,0
F911726,4.07,m_094,card_not_present,FR,4,0,0.479,0
F911727,131.49,m_160,card_present,BE,12,0,0.679,0
F911728,10.96,m_164,card_present,DE,16,1,0.494,0
F911729,6.73,m_052,card_not_present,CH,20,0,0.312,0
F911730,11.05,m_080,card_not_present,FR,1,0,0.461,0
F911731,3.76,m_063,card_not_present,BE,3,0,0.695,0
F911732,76.48,m_023,card_present,FR,16,0,0.693,0
F911733,6.82,m_040,card_present,FR,3,0,0.664,0
F911734,12.56,m_076,card_not_present,ES,3,0,0.736,0
F911735,27.84,m_040,card_present,FR,15,0,0.757,0
F911736,11.97,m_120,card_not_present,FR,12,0,0.602,0
F911737,95.23,m_105,card_not_present,FR,4,0,0.705,0
F911738,46.74,m_133,bank_transfer,FR,20,0,0.591,0
F911739,61.7,m_116,card_not_present,FR,0,0,0.819,0
F911740,10.41,m_068,card_present,DE,7,0,0.736,0
F911741,9.79,m_090,card_present,DE,7,1,0.569,0
F911742,267.39,m_045,card_present,ES,21,0,0.684,0
F911743,585.65,m_154,card_not_present,FR,10,0,1.0,0
F911744,5.81,m_082,card_not_present,IT,10,0,0.25,0
F911745,140.77,m_127,card_present,FR,12,0,0.447,0
F911746,179.67,m_152,wallet,FR,19,0,0.756,0
F911747,46.42,m_061,card_present,IT,16,1,0.703,1
F911748,67.68,m_077,card_not_present,IT,9,0,0.524,0
F911749,48.93,m_163,card_not_present,CH,14,1,1.0,0
F911750,68.99,m_169,card_not_present,FR,22,0,0.67,1
F911751,68.05,m_119,card_present,DE,5,0,0.57,0
F911752,70.18,m_038,card_not_present,BE,15,0,0.823,0
F911753,10.24,m_051,wallet,FR,22,0,0.626,0
F911754,137.86,m_037,card_not_present,FR,15,0,0.654,0
F911755,14.35,m_003,bank_transfer,DE,7,0,0.867,0
F911756,,m_017,wallet,FR,15,0,0.432,0
F911757,44.14,m_084,wallet,FR,11,0,0.729,0
F911758,44.56,m_062,card_not_present,ES,7,0,0.539,0
F911759,18.1,m_168,card_present,FR,2,0,0.749,0
F911760,12.67,m_065,card_present,FR,5,0,1.0,0
F911761,96.2,m_062,card_not_present,CH,22,0,0.38,0
F911762,19.21,m_111,card_present,FR,2,0,0.45,1
F911763,32.16,m_126,card_present,FR,10,0,0.851,0
F911764,11.32,m_174,card_present,FR,8,1,0.434,0
F911765,22.9,m_087,card_not_present,FR,7,0,0.566,0
F911766,1.84,m_112,card_present,ES,19,0,0.756,0
F911767,12.41,m_095,card_present,IT,8,0,1.0,0
F911768,5.16,m_064,card_present,IT,5,0,0.643,0
F911769,15.43,m_149,bank_transfer,BE,14,0,0.459,0
F911770,52.62,m_008,card_present,FR,22,0,0.595,0
F911771,10.63,m_124,card_not_present,FR,20,0,0.521,0
F911772,88.78,m_119,wallet,FR,11,0,0.769,0
F911773,53.23,m_039,card_not_present,BE,10,0,0.634,0
F911774,19.94,m_074,card_not_present,FR,9,0,0.409,0
F911775,63.87,m_170,card_not_present,DE,7,0,0.63,0
F911776,21.63,m_022,card_not_present,BE,22,0,0.432,0
F911777,25.58,m_084,card_not_present,FR,0,0,0.875,0
F911778,5.8,m_026,card_present,CH,5,0,0.663,0
F911779,119.03,m_132,wallet,IT,10,0,0.84,0
F911780,115.41,m_023,card_not_present,FR,5,1,0.898,0
F911781,41.81,m_123,card_not_present,IT,14,0,0.624,0
F911782,27.77,m_044,card_not_present,ES,14,0,0.521,0
F911783,33.22,m_126,card_not_present,BE,14,0,0.282,0
F911784,22.12,m_082,card_present,FR,10,0,1.0,0
F911785,18.36,m_138,card_present,CH,21,0,0.78,0
F911786,10.28,m_100,card_not_present,ES,20,1,0.786,0
F911787,80.43,m_109,card_present,FR,15,0,0.718,0
F911788,16.15,m_022,card_not_present,DE,18,0,1.0,1
F911789,58.44,m_002,card_not_present,FR,15,0,0.802,1
F911790,18.53,m_057,card_present,FR,7,0,0.898,0
F911791,86.34,m_027,wallet,BE,15,0,0.733,0
F911792,44.15,m_139,wallet,FR,5,1,0.837,0
F911793,14.34,m_175,bank_transfer,FR,1,0,0.742,0
F911794,3.86,m_063,card_present,IT,23,1,0.764,0
F911795,103.0,m_142,wallet,FR,19,0,0.516,0
F911796,65.55,m_139,wallet,FR,20,0,0.878,0
F911797,213.67,m_099,card_not_present,FR,13,0,0.705,0
F911798,39.54,m_120,card_present,FR,18,0,0.508,0
F911799,39.74,m_175,wallet,IT,15,0,0.666,0
F911800,34.47,m_053,wallet,IT,15,0,0.543,0
F911801,6.58,m_013,card_present,FR,3,0,0.714,0
F911802,28.65,m_087,card_not_present,FR,17,0,0.65,0
F911803,12.63,m_084,card_not_present,FR,19,1,0.546,0
F911804,10.47,m_126,card_not_present,FR,5,0,1.0,0
F911805,8.47,m_176,card_not_present,FR,23,0,0.642,0
F911806,7.19,m_022,card_present,ES,13,1,0.51,0
F911807,2.8,m_091,bank_transfer,,8,1,0.992,0
F911808,48.08,m_104,card_present,FR,22,0,0.761,0
F911809,31.51,m_062,card_present,ES,1,0,0.567,0
F911810,21.98,m_012,card_not_present,CH,1,0,0.847,1
F911811,39.54,m_146,card_not_present,BE,2,0,0.749,0
F911812,8.44,m_035,card_present,ES,5,0,0.843,0
F911813,3.84,m_160,wallet,FR,20,0,0.766,0
F911814,32.49,m_124,card_not_present,CH,17,0,0.812,0
F911815,14.31,m_033,card_present,IT,22,0,0.864,0
F911816,19.21,m_024,card_present,FR,8,0,0.838,0
F911817,5.56,m_006,card_not_present,DE,10,0,1.0,0
F911818,45.69,m_157,card_not_present,DE,14,0,0.472,0
F911819,15.5,m_116,card_not_present,ES,14,0,0.528,0
F911820,22.26,m_149,card_not_present,,18,1,0.629,0
F911821,8.52,m_144,card_present,FR,20,0,0.927,0
F911822,148.86,m_144,card_present,DE,14,0,0.61,0
F911823,197.01,m_131,card_not_present,ES,13,0,1.0,0
F911824,83.97,m_159,card_not_present,FR,22,0,0.77,0
F911825,4.08,m_127,card_not_present,CH,12,0,0.904,0
F911826,84.8,m_071,card_not_present,FR,13,0,0.49,0
F911827,94.0,m_076,card_not_present,FR,10,0,0.602,0
F911828,212.93,m_085,card_not_present,ES,16,1,0.76,0
F911829,115.32,m_113,card_present,FR,0,0,0.858,0
F911830,61.55,m_054,card_not_present,FR,8,0,0.709,0
F911831,3.14,m_143,card_present,CH,5,0,0.774,0
F911832,72.07,m_006,bank_transfer,FR,16,0,0.596,0
F911833,138.58,m_001,card_not_present,CH,0,1,0.615,0
F911834,35.43,m_042,card_present,FR,5,0,0.602,0
F911835,104.4,m_052,card_not_present,BE,7,0,0.954,0
F911836,70.29,m_087,card_not_present,BE,14,0,0.45,0
F911837,22.76,m_055,card_present,BE,5,1,0.684,0
F911838,45.88,m_083,card_present,FR,19,1,0.907,0
F911839,21.35,m_092,card_present,IT,13,0,1.0,0
F911840,56.44,m_021,card_not_present,IT,11,0,0.992,0
F911841,33.38,m_110,card_present,FR,5,0,0.992,0
F911842,14.85,m_001,card_not_present,FR,15,0,0.939,0
F911843,45.55,m_116,card_not_present,IT,15,1,0.785,0
F911844,12.7,m_112,card_not_present,FR,11,0,0.685,0
F911845,21.89,m_128,card_present,FR,15,0,0.472,0
F911846,137.26,m_073,card_present,FR,13,0,0.893,0
F911847,33.26,m_105,wallet,FR,6,0,0.799,0
F911848,67.02,m_174,card_not_present,DE,15,0,0.553,0
F911849,13.42,m_108,card_present,FR,13,0,0.586,0
F911850,46.86,m_108,wallet,FR,22,0,1.0,0
F911851,102.97,m_120,card_present,FR,20,0,0.62,1
F911852,96.09,m_112,card_present,FR,18,0,0.657,0
F911853,30.16,m_024,bank_transfer,FR,5,0,0.768,1
F911854,55.28,m_083,card_not_present,DE,10,0,0.814,0
F911855,33.96,m_151,card_present,FR,19,0,0.674,0
F911856,156.46,m_116,bank_transfer,IT,2,0,0.791,0
F911857,12.37,m_050,bank_transfer,ES,7,0,0.737,0
F911858,21.83,m_034,card_present,BE,17,0,0.904,0
F911859,35.55,m_052,card_present,FR,12,0,0.44,0
F911860,83.78,m_027,card_present,FR,0,0,0.731,0
F911861,27.08,m_046,card_not_present,BE,17,0,0.594,0
F911862,13.55,m_012,card_present,CH,12,0,1.0,0
F911863,72.95,m_028,card_present,DE,5,0,0.932,0
F911864,85.9,m_028,card_present,FR,3,0,0.755,0
F911865,22.98,m_046,card_not_present,FR,10,0,0.657,0
F911866,96.8,m_093,card_present,ES,23,1,0.654,0
F911867,28.03,m_087,card_present,FR,9,1,0.647,0
F911868,20.6,m_040,card_present,FR,13,0,0.934,0
F911869,62.65,m_026,bank_transfer,IT,4,0,0.539,0
F911870,38.36,m_040,card_not_present,FR,5,1,0.758,0
F911871,155.51,m_127,card_not_present,ES,13,0,0.51,0
F911872,20.7,m_160,card_not_present,FR,16,1,0.885,0
F911873,26.15,m_075,card_not_present,ES,20,0,0.739,0
F911874,142.5,m_089,card_not_present,CH,12,0,0.684,0
F911875,10.13,m_093,wallet,FR,22,0,0.873,0
F911876,45.52,m_166,card_not_present,FR,11,0,0.969,0
F911877,40.34,m_151,card_present,FR,15,0,0.611,0
F911878,144.16,m_016,bank_transfer,FR,20,0,0.805,0
F911879,14.22,m_048,card_present,ES,8,0,0.667,0
F911880,55.63,m_032,card_present,IT,17,0,0.587,0
F911881,99.97,m_154,card_present,FR,4,0,0.785,0
F911882,10.59,m_075,card_not_present,FR,11,0,0.698,1
F911883,16.6,m_030,wallet,FR,13,0,0.627,0
F911884,32.83,m_043,card_not_present,IT,23,0,0.749,0
F911885,44.02,m_100,card_not_present,FR,18,1,0.662,0
F911886,246.99,m_019,card_not_present,ES,16,1,0.528,0
F911887,17.82,m_040,card_present,CH,0,0,0.716,0
F911888,110.18,m_129,wallet,BE,4,0,0.777,0
F911889,8.77,m_171,wallet,FR,14,0,0.921,0
F911890,68.58,m_041,card_not_present,FR,4,0,0.692,0
F911891,99.05,m_168,card_not_present,FR,15,0,0.925,0
F911892,14.92,m_033,card_present,DE,1,0,1.0,0
F911893,44.39,m_145,wallet,FR,23,1,0.554,0
F911894,28.05,m_047,card_not_present,CH,5,0,0.411,0
F911895,94.2,m_101,card_not_present,IT,0,0,0.944,0
F911896,192.28,m_132,card_not_present,BE,12,0,0.782,1
F911897,46.92,m_100,wallet,FR,0,0,0.539,0
F911898,9.92,m_011,card_present,FR,17,0,0.433,0
F911899,33.64,m_123,card_not_present,BE,4,0,0.748,1
F911900,12.1,m_095,card_not_present,ES,23,1,0.637,0
F911901,81.67,m_106,card_not_present,FR,2,0,1.0,0
F911902,57.58,m_161,card_present,FR,17,0,0.517,0
F911903,85.66,m_104,card_not_present,CH,14,0,1.0,1
F911904,14.69,m_031,card_not_present,FR,5,0,0.849,0
F911905,10.47,m_167,card_not_present,IT,22,0,0.544,0
F911906,41.22,m_160,card_present,DE,3,0,0.873,0
F911907,71.56,m_041,card_not_present,FR,0,0,0.4,1
F911908,82.43,m_073,card_not_present,FR,22,0,0.484,0
F911909,49.04,m_159,card_present,FR,18,1,0.63,0
F911910,,m_106,card_present,FR,19,0,0.71,0
F911911,6.13,m_015,card_not_present,CH,2,0,0.605,0
F911912,114.56,m_104,wallet,IT,8,0,0.636,0
F911913,22.73,m_040,card_present,FR,21,0,1.0,0
F911914,714.98,m_014,card_not_present,IT,19,0,0.82,0
F911915,182.24,m_021,card_not_present,FR,23,0,0.618,0
F911916,44.64,m_036,card_present,FR,18,1,0.747,0
F911917,19.98,m_036,bank_transfer,FR,20,0,0.884,0
F911918,18.86,m_079,card_not_present,FR,17,0,0.653,0
F911919,52.19,m_123,card_not_present,FR,13,0,0.764,0
F911920,28.6,m_017,card_present,IT,21,0,0.593,1
F911921,11.25,m_016,bank_transfer,FR,5,0,0.336,0
F911922,162.76,m_054,card_present,IT,5,0,0.572,0
F911923,146.32,m_159,card_present,FR,12,0,0.874,0
F911924,,m_041,wallet,CH,9,0,0.534,0
F911925,16.91,m_017,card_not_present,FR,9,0,0.789,0
F911926,175.87,m_019,card_present,FR,21,0,0.385,0
F911927,39.0,m_161,card_not_present,FR,17,0,0.603,0
F911928,35.88,m_022,card_not_present,FR,18,1,1.0,0
F911929,614.53,m_007,card_not_present,FR,12,0,0.603,0
F911930,19.26,m_147,card_present,FR,4,0,0.714,0
F911931,32.08,m_124,card_not_present,FR,19,0,0.617,0
F911932,11.64,m_151,bank_transfer,ES,4,1,0.24,0
F911933,64.49,m_075,card_present,FR,6,0,0.396,0
F911934,17.23,m_020,card_not_present,FR,15,0,0.954,0
F911935,101.96,m_170,card_present,FR,11,0,0.689,0
F911936,12.48,m_140,card_not_present,CH,5,0,0.964,0
F911937,23.64,m_175,card_present,FR,10,0,1.0,0
F911938,42.96,m_095,card_present,IT,17,0,0.736,0
F911939,68.19,m_114,card_not_present,BE,13,1,0.805,0
F911940,71.16,m_035,wallet,FR,12,0,0.708,0
F911941,40.93,m_130,wallet,FR,0,0,0.336,0
F911942,280.84,m_092,card_not_present,BE,6,1,0.395,1
F911943,25.29,m_091,card_not_present,FR,1,0,0.794,0
F911944,77.78,m_038,card_present,FR,0,1,0.531,0
F911945,56.62,m_100,card_present,ES,19,0,0.703,0
F911946,17.09,m_101,card_not_present,IT,13,0,0.868,0
F911947,7.81,m_002,bank_transfer,FR,0,0,0.998,0
F911948,40.2,m_108,card_not_present,FR,5,1,0.353,1
F911949,30.49,m_040,bank_transfer,IT,3,0,0.581,0
F911950,19.96,m_062,card_present,FR,0,0,0.64,0
F911951,45.22,m_035,card_present,FR,3,0,0.801,0
F911952,21.03,m_129,card_not_present,BE,16,0,0.711,0
F911953,141.33,m_103,wallet,FR,5,0,0.597,0
F911954,206.45,m_063,bank_transfer,FR,3,0,0.699,0
F911955,234.93,m_068,card_not_present,IT,10,1,0.655,0
F911956,135.63,m_082,card_present,FR,1,0,0.889,0
F911957,27.99,m_141,card_present,FR,13,0,0.703,0
F911958,4.8,m_137,card_present,ES,8,0,0.551,0
F911959,227.87,m_044,card_present,DE,0,1,0.87,0
F911960,120.23,m_139,card_not_present,ES,5,1,0.709,0
F911961,55.63,m_097,card_not_present,IT,19,0,0.902,0
F911962,58.14,m_134,card_not_present,FR,0,0,0.402,1
F911963,43.82,m_036,card_not_present,CH,5,0,0.812,0
F911964,124.73,m_125,wallet,DE,2,0,0.495,0
F911965,9.41,m_051,card_present,FR,17,0,0.518,0
F911966,83.62,m_111,card_present,FR,10,0,0.655,1
F911967,17.96,m_133,card_not_present,FR,5,0,0.372,0
F911968,23.43,m_073,card_not_present,FR,1,0,0.674,0
F911969,56.24,m_031,bank_transfer,ES,13,0,0.853,0
F911970,95.88,m_036,card_present,FR,22,1,0.592,0
F911971,247.44,m_040,card_not_present,FR,12,0,0.614,0
F911972,31.24,m_079,card_not_present,FR,0,0,0.648,0
F911973,284.29,m_010,card_not_present,FR,12,0,0.849,0
F911974,166.18,m_012,card_present,CH,5,0,0.836,0
F911975,10.18,m_060,card_not_present,FR,11,0,0.983,0
F911976,89.91,m_076,card_present,FR,7,0,0.616,0
F911977,44.09,m_047,wallet,DE,19,0,0.807,0
F911978,25.64,m_001,bank_transfer,FR,12,0,0.407,0
F911979,14.22,m_158,wallet,FR,5,0,0.405,0
F911980,8.02,m_157,card_present,FR,3,0,0.974,0
F911981,23.21,m_008,card_not_present,FR,1,0,0.892,1
F911982,21.0,m_148,card_not_present,IT,11,0,0.517,0
F911983,22.59,m_004,card_present,FR,7,0,0.702,0
F911984,54.49,m_116,card_present,DE,20,0,0.888,0
F911985,32.06,m_052,card_not_present,DE,21,0,0.832,0
F911986,33.3,m_125,card_present,FR,10,0,0.671,0
F911987,86.41,m_172,card_present,ES,8,0,0.947,0
F911988,14.89,m_041,card_present,FR,13,0,0.768,0
F911989,8.92,m_103,card_not_present,FR,13,1,0.751,0
F911990,7.18,m_119,card_not_present,BE,17,0,0.602,0
F911991,17.17,m_086,card_not_present,CH,17,1,0.945,1
F911992,8.31,m_117,card_not_present,ES,13,1,0.712,0
F911993,49.16,m_061,wallet,BE,16,0,0.835,0
F911994,71.06,m_005,wallet,FR,22,0,0.989,0
F911995,,m_163,card_present,FR,19,0,0.531,0
F911996,30.78,m_123,card_not_present,FR,4,0,0.771,0
F911997,31.17,m_103,card_not_present,,12,1,0.61,0
F911998,66.0,m_049,card_present,FR,9,0,0.859,0
F911999,23.95,m_168,card_not_present,DE,16,0,0.54,0
